parameter_alpha,pair_id,permute_id,seed,A_size,B_size,as_sketch_size_A,as_sketch_size_B,mgh_sketch_size_A,mgh_sketch_size_B,true_jaccard,jaccard_as,jaccard_mgh
0.4,0,0,42,100000,100000,443,41,378,382,0.5,0.5370370370370371,0.49635036496350365
0.4,0,1,42,100000,100000,1095,507,378,382,0.5,0.48892171344165436,0.49635036496350365
0.4,0,2,42,100000,100000,225,529,378,382,0.5,0.5180327868852459,0.49635036496350365
0.4,0,3,42,100000,100000,476,302,378,382,0.5,0.5050251256281407,0.49635036496350365
0.4,0,4,42,100000,100000,119,55,378,382,0.5,0.5342465753424658,0.49635036496350365
0.4,0,5,42,100000,100000,808,347,378,382,0.5,0.5032397408207343,0.49635036496350365
0.4,0,6,42,100000,100000,953,161,378,382,0.5,0.5297029702970297,0.49635036496350365
0.4,0,7,42,100000,100000,482,272,378,382,0.5,0.5070028011204482,0.49635036496350365
0.4,0,8,42,100000,100000,314,246,378,382,0.5,0.5109717868338558,0.49635036496350365
0.4,0,9,42,100000,100000,235,455,378,382,0.5,0.5126582278481012,0.49635036496350365
0.4,0,10,42,100000,100000,247,546,378,382,0.5,0.5060606060606061,0.49635036496350365
0.4,0,11,42,100000,100000,254,204,378,382,0.5,0.5133079847908745,0.49635036496350365
0.4,0,12,42,100000,100000,74,477,378,382,0.5,0.5257731958762887,0.49635036496350365
0.4,0,13,42,100000,100000,627,192,378,382,0.5,0.5121951219512195,0.49635036496350365
0.4,0,14,42,100000,100000,307,160,378,382,0.5,0.5380710659898477,0.49635036496350365
0.4,0,15,42,100000,100000,366,577,378,382,0.5,0.49490835030549896,0.49635036496350365
0.4,0,16,42,100000,100000,131,173,378,382,0.5,0.5542857142857143,0.49635036496350365
0.4,0,17,42,100000,100000,524,53,378,382,0.5,0.5211267605633803,0.49635036496350365
0.4,0,18,42,100000,100000,177,913,378,382,0.5,0.5165289256198347,0.49635036496350365
0.4,0,19,42,100000,100000,1311,143,378,382,0.5,0.5542857142857143,0.49635036496350365
0.4,0,20,42,100000,100000,899,1026,378,382,0.5,0.49426229508196723,0.49635036496350365
0.4,0,21,42,100000,100000,588,280,378,382,0.5,0.5081967213114754,0.49635036496350365
0.4,0,22,42,100000,100000,98,250,378,382,0.5,0.5307692307692308,0.49635036496350365
0.4,0,23,42,100000,100000,322,125,378,382,0.5,0.5506329113924051,0.49635036496350365
0.4,0,24,42,100000,100000,459,278,378,382,0.5,0.5068870523415978,0.49635036496350365
0.4,0,25,42,100000,100000,373,264,378,382,0.5,0.5087209302325582,0.49635036496350365
0.4,0,26,42,100000,100000,158,177,378,382,0.5,0.5280373831775701,0.49635036496350365
0.4,0,27,42,100000,100000,424,254,378,382,0.5,0.5060606060606061,0.49635036496350365
0.4,0,28,42,100000,100000,62,98,378,382,0.5,0.5316455696202531,0.49635036496350365
0.4,0,29,42,100000,100000,291,203,378,382,0.5,0.5153846153846153,0.49635036496350365
0.4,0,30,42,100000,100000,372,78,378,382,0.5,0.53,0.49635036496350365
0.4,0,31,42,100000,100000,208,132,378,382,0.5,0.5542168674698795,0.49635036496350365
0.4,0,32,42,100000,100000,882,807,378,382,0.5,0.4967074317968015,0.49635036496350365
0.4,0,33,42,100000,100000,171,387,378,382,0.5,0.5170940170940171,0.49635036496350365
0.4,0,34,42,100000,100000,919,24,378,382,0.5,0.4722222222222222,0.49635036496350365
0.4,0,35,42,100000,100000,350,340,378,382,0.5,0.5099337748344371,0.49635036496350365
0.4,0,36,42,100000,100000,162,97,378,382,0.5,0.52,0.49635036496350365
0.4,0,37,42,100000,100000,428,51,378,382,0.5,0.5147058823529411,0.49635036496350365
0.4,0,38,42,100000,100000,213,214,378,382,0.5,0.5144927536231884,0.49635036496350365
0.4,0,39,42,100000,100000,180,570,378,382,0.5,0.5165289256198347,0.49635036496350365
0.4,0,40,42,100000,100000,196,214,378,382,0.5,0.5169811320754717,0.49635036496350365
0.4,0,41,42,100000,100000,482,322,378,382,0.5,0.5070093457943925,0.49635036496350365
0.4,0,42,42,100000,100000,424,457,378,382,0.5,0.48771929824561405,0.49635036496350365
0.4,0,43,42,100000,100000,715,63,378,382,0.5,0.524390243902439,0.49635036496350365
0.4,0,44,42,100000,100000,367,363,378,382,0.5,0.49382716049382713,0.49635036496350365
0.4,0,45,42,100000,100000,119,111,378,382,0.5,0.55,0.49635036496350365
0.4,0,46,42,100000,100000,698,282,378,382,0.5,0.5081081081081081,0.49635036496350365
0.4,0,47,42,100000,100000,389,226,378,382,0.5,0.5103448275862069,0.49635036496350365
0.4,0,48,42,100000,100000,226,241,378,382,0.5,0.5196078431372549,0.49635036496350365
0.4,0,49,42,100000,100000,1037,254,378,382,0.5,0.5060606060606061,0.49635036496350365
0.4,0,50,42,100000,100000,486,304,378,382,0.5,0.505,0.49635036496350365
0.4,0,51,42,100000,100000,247,291,378,382,0.5,0.5060606060606061,0.49635036496350365
0.4,0,52,42,100000,100000,281,697,378,382,0.5,0.5132978723404256,0.49635036496350365
0.4,0,53,42,100000,100000,147,298,378,382,0.5,0.5380710659898477,0.49635036496350365
0.4,0,54,42,100000,100000,257,574,378,382,0.5,0.5086705202312138,0.49635036496350365
0.4,0,55,42,100000,100000,172,267,378,382,0.5,0.5191489361702127,0.49635036496350365
0.4,0,56,42,100000,100000,92,22,378,382,0.5,0.47058823529411764,0.49635036496350365
0.4,0,57,42,100000,100000,1368,311,378,382,0.5,0.5036319612590799,0.49635036496350365
0.4,0,58,42,100000,100000,706,121,378,382,0.5,0.5424836601307189,0.49635036496350365
0.4,0,59,42,100000,100000,636,308,378,382,0.5,0.5,0.49635036496350365
0.4,0,60,42,100000,100000,21,503,378,382,0.5,0.4782608695652174,0.49635036496350365
0.4,0,61,42,100000,100000,42,252,378,382,0.5,0.54,0.49635036496350365
0.4,0,62,42,100000,100000,381,641,378,382,0.5,0.4990138067061144,0.49635036496350365
0.4,0,63,42,100000,100000,764,800,378,382,0.5,0.49951503394762364,0.49635036496350365
0.4,0,64,42,100000,100000,300,619,378,382,0.5,0.505,0.49635036496350365
0.4,0,65,42,100000,100000,398,323,378,382,0.5,0.5069767441860465,0.49635036496350365
0.4,0,66,42,100000,100000,225,540,378,382,0.5,0.5180327868852459,0.49635036496350365
0.4,0,67,42,100000,100000,220,465,378,382,0.5,0.5166666666666667,0.49635036496350365
0.4,0,68,42,100000,100000,91,640,378,382,0.5,0.5206611570247934,0.49635036496350365
0.4,0,69,42,100000,100000,401,219,378,382,0.5,0.5124555160142349,0.49635036496350365
0.4,0,70,42,100000,100000,934,375,378,382,0.5,0.49700598802395207,0.49635036496350365
0.4,0,71,42,100000,100000,212,334,378,382,0.5,0.5103448275862069,0.49635036496350365
0.4,0,72,42,100000,100000,38,594,378,382,0.5,0.5333333333333333,0.49635036496350365
0.4,0,73,42,100000,100000,653,379,378,382,0.5,0.4990138067061144,0.49635036496350365
0.4,0,74,42,100000,100000,787,113,378,382,0.5,0.5531914893617021,0.49635036496350365
0.4,0,75,42,100000,100000,735,461,378,382,0.5,0.4829821717990275,0.49635036496350365
0.4,0,76,42,100000,100000,224,325,378,382,0.5,0.5164473684210527,0.49635036496350365
0.4,0,77,42,100000,100000,124,273,378,382,0.5,0.5555555555555556,0.49635036496350365
0.4,0,78,42,100000,100000,210,114,378,382,0.5,0.5486111111111112,0.49635036496350365
0.4,0,79,42,100000,100000,407,196,378,382,0.5,0.5098814229249012,0.49635036496350365
0.4,0,80,42,100000,100000,39,501,378,382,0.5,0.5333333333333333,0.49635036496350365
0.4,0,81,42,100000,100000,441,91,378,382,0.5,0.5128205128205128,0.49635036496350365
0.4,0,82,42,100000,100000,587,590,378,382,0.5,0.4955300127713921,0.49635036496350365
0.4,0,83,42,100000,100000,374,308,378,382,0.5,0.5,0.49635036496350365
0.4,0,84,42,100000,100000,157,502,378,382,0.5,0.5258215962441315,0.49635036496350365
0.4,0,85,42,100000,100000,238,495,378,382,0.5,0.5109034267912772,0.49635036496350365
0.4,0,86,42,100000,100000,99,190,378,382,0.5,0.5303030303030303,0.49635036496350365
0.4,0,87,42,100000,100000,312,117,378,382,0.5,0.5436241610738255,0.49635036496350365
0.4,0,88,42,100000,100000,579,164,378,382,0.5,0.529126213592233,0.49635036496350365
0.4,0,89,42,100000,100000,170,227,378,382,0.5,0.5194805194805194,0.49635036496350365
0.4,0,90,42,100000,100000,563,326,378,382,0.5,0.5034324942791762,0.49635036496350365
0.4,0,91,42,100000,100000,289,798,378,382,0.5,0.5143603133159269,0.49635036496350365
0.4,0,92,42,100000,100000,320,259,378,382,0.5,0.5058823529411764,0.49635036496350365
0.4,0,93,42,100000,100000,141,67,378,382,0.5,0.5168539325842697,0.49635036496350365
0.4,0,94,42,100000,100000,653,160,378,382,0.5,0.5380710659898477,0.49635036496350365
0.4,0,95,42,100000,100000,814,507,378,382,0.5,0.48892171344165436,0.49635036496350365
0.4,0,96,42,100000,100000,779,520,378,382,0.5,0.4905933429811867,0.49635036496350365
0.4,0,97,42,100000,100000,92,526,378,382,0.5,0.5161290322580645,0.49635036496350365
0.4,0,98,42,100000,100000,175,235,378,382,0.5,0.5210084033613446,0.49635036496350365
0.4,0,99,42,100000,100000,254,272,378,382,0.5,0.5058479532163743,0.49635036496350365
0.4,1,0,42,100000,100000,99,361,367,367,0.5,0.49206349206349204,0.5075
0.4,1,1,42,100000,100000,498,174,367,367,0.5,0.5,0.5075
0.4,1,2,42,100000,100000,458,997,367,367,0.5,0.48314606741573035,0.5075
0.4,1,3,42,100000,100000,65,147,367,367,0.5,0.5119047619047619,0.5075
0.4,1,4,42,100000,100000,267,397,367,367,0.5,0.4918032786885246,0.5075
0.4,1,5,42,100000,100000,601,158,367,367,0.5,0.5095238095238095,0.5075
0.4,1,6,42,100000,100000,616,385,367,367,0.5,0.48148148148148145,0.5075
0.4,1,7,42,100000,100000,88,305,367,367,0.5,0.47863247863247865,0.5075
0.4,1,8,42,100000,100000,359,267,367,367,0.5,0.4899135446685879,0.5075
0.4,1,9,42,100000,100000,220,235,367,367,0.5,0.4966216216216216,0.5075
0.4,1,10,42,100000,100000,231,421,367,367,0.5,0.5048543689320388,0.5075
0.4,1,11,42,100000,100000,154,840,367,367,0.5,0.5049019607843137,0.5075
0.4,1,12,42,100000,100000,115,560,367,367,0.5,0.477124183006536,0.5075
0.4,1,13,42,100000,100000,164,568,367,367,0.5,0.5069124423963134,0.5075
0.4,1,14,42,100000,100000,149,208,367,367,0.5,0.49246231155778897,0.5075
0.4,1,15,42,100000,100000,799,349,367,367,0.5,0.4892241379310345,0.5075
0.4,1,16,42,100000,100000,199,318,367,367,0.5,0.4944237918215613,0.5075
0.4,1,17,42,100000,100000,83,127,367,367,0.5,0.4954128440366973,0.5075
0.4,1,18,42,100000,100000,155,680,367,367,0.5,0.5073170731707317,0.5075
0.4,1,19,42,100000,100000,184,255,367,367,0.5,0.5,0.5075
0.4,1,20,42,100000,100000,493,275,367,367,0.5,0.4903047091412742,0.5075
0.4,1,21,42,100000,100000,179,121,367,367,0.5,0.48484848484848486,0.5075
0.4,1,22,42,100000,100000,217,298,367,367,0.5,0.49828178694158076,0.5075
0.4,1,23,42,100000,100000,304,784,367,367,0.5,0.48792270531400966,0.5075
0.4,1,24,42,100000,100000,832,415,367,367,0.5,0.4816849816849817,0.5075
0.4,1,25,42,100000,100000,174,114,367,367,0.5,0.4840764331210191,0.5075
0.4,1,26,42,100000,100000,501,541,367,367,0.5,0.4889867841409692,0.5075
0.4,1,27,42,100000,100000,671,163,367,367,0.5,0.5069124423963134,0.5075
0.4,1,28,42,100000,100000,41,216,367,367,0.5,0.5087719298245614,0.5075
0.4,1,29,42,100000,100000,263,822,367,367,0.5,0.4903047091412742,0.5075
0.4,1,30,42,100000,100000,382,287,367,367,0.5,0.4919786096256685,0.5075
0.4,1,31,42,100000,100000,52,58,367,367,0.5,0.5,0.5075
0.4,1,32,42,100000,100000,606,247,367,367,0.5,0.4968944099378882,0.5075
0.4,1,33,42,100000,100000,254,428,367,367,0.5,0.48579545454545453,0.5075
0.4,1,34,42,100000,100000,276,587,367,367,0.5,0.4919786096256685,0.5075
0.4,1,35,42,100000,100000,29,541,367,367,0.5,0.45,0.5075
0.4,1,36,42,100000,100000,192,1022,367,367,0.5,0.4980694980694981,0.5075
0.4,1,37,42,100000,100000,107,231,367,367,0.5,0.48201438848920863,0.5075
0.4,1,38,42,100000,100000,275,169,367,367,0.5,0.5,0.5075
0.4,1,39,42,100000,100000,92,145,367,367,0.5,0.49586776859504134,0.5075
0.4,1,40,42,100000,100000,178,238,367,367,0.5,0.4978902953586498,0.5075
0.4,1,41,42,100000,100000,397,98,367,367,0.5,0.48175182481751827,0.5075
0.4,1,42,42,100000,100000,61,290,367,367,0.5,0.5119047619047619,0.5075
0.4,1,43,42,100000,100000,42,608,367,367,0.5,0.5087719298245614,0.5075
0.4,1,44,42,100000,100000,492,689,367,367,0.5,0.487369985141159,0.5075
0.4,1,45,42,100000,100000,568,159,367,367,0.5,0.5095238095238095,0.5075
0.4,1,46,42,100000,100000,535,721,367,367,0.5,0.4903047091412742,0.5075
0.4,1,47,42,100000,100000,232,227,367,367,0.5,0.4966887417218543,0.5075
0.4,1,48,42,100000,100000,80,332,367,367,0.5,0.4953271028037383,0.5075
0.4,1,49,42,100000,100000,185,463,367,367,0.5,0.4940239043824701,0.5075
0.4,1,50,42,100000,100000,253,284,367,367,0.5,0.4899135446685879,0.5075
0.4,1,51,42,100000,100000,528,986,367,367,0.5,0.4887955182072829,0.5075
0.4,1,52,42,100000,100000,209,325,367,367,0.5,0.49110320284697506,0.5075
0.4,1,53,42,100000,100000,429,107,367,367,0.5,0.47619047619047616,0.5075
0.4,1,54,42,100000,100000,476,260,367,367,0.5,0.49554896142433236,0.5075
0.4,1,55,42,100000,100000,364,744,367,367,0.5,0.48088531187122735,0.5075
0.4,1,56,42,100000,100000,46,340,367,367,0.5,0.5079365079365079,0.5075
0.4,1,57,42,100000,100000,801,85,367,367,0.5,0.47863247863247865,0.5075
0.4,1,58,42,100000,100000,269,373,367,367,0.5,0.49318801089918257,0.5075
0.4,1,59,42,100000,100000,492,927,367,367,0.5,0.487369985141159,0.5075
0.4,1,60,42,100000,100000,357,508,367,367,0.5,0.48148148148148145,0.5075
0.4,1,61,42,100000,100000,747,142,367,367,0.5,0.4895833333333333,0.5075
0.4,1,62,42,100000,100000,65,907,367,367,0.5,0.5119047619047619,0.5075
0.4,1,63,42,100000,100000,569,460,367,367,0.5,0.4813008130081301,0.5075
0.4,1,64,42,100000,100000,636,505,367,367,0.5,0.487987987987988,0.5075
0.4,1,65,42,100000,100000,52,393,367,367,0.5,0.5,0.5075
0.4,1,66,42,100000,100000,222,166,367,367,0.5,0.5069124423963134,0.5075
0.4,1,67,42,100000,100000,462,373,367,367,0.5,0.4819277108433735,0.5075
0.4,1,68,42,100000,100000,371,582,367,367,0.5,0.47928994082840237,0.5075
0.4,1,69,42,100000,100000,775,492,367,367,0.5,0.48623853211009177,0.5075
0.4,1,70,42,100000,100000,397,658,367,367,0.5,0.48175182481751827,0.5075
0.4,1,71,42,100000,100000,351,233,367,367,0.5,0.5032467532467533,0.5075
0.4,1,72,42,100000,100000,386,257,367,367,0.5,0.49404761904761907,0.5075
0.4,1,73,42,100000,100000,389,398,367,367,0.5,0.48007590132827327,0.5075
0.4,1,74,42,100000,100000,463,581,367,367,0.5,0.4864864864864865,0.5075
0.4,1,75,42,100000,100000,484,200,367,367,0.5,0.5,0.5075
0.4,1,76,42,100000,100000,237,422,367,367,0.5,0.4968944099378882,0.5075
0.4,1,77,42,100000,100000,534,568,367,367,0.5,0.49027777777777776,0.5075
0.4,1,78,42,100000,100000,275,1194,367,367,0.5,0.4919786096256685,0.5075
0.4,1,79,42,100000,100000,381,258,367,367,0.5,0.49554896142433236,0.5075
0.4,1,80,42,100000,100000,296,696,367,367,0.5,0.48514851485148514,0.5075
0.4,1,81,42,100000,100000,182,80,367,367,0.5,0.4953271028037383,0.5075
0.4,1,82,42,100000,100000,525,343,367,367,0.5,0.49015317286652077,0.5075
0.4,1,83,42,100000,100000,220,47,367,367,0.5,0.5,0.5075
0.4,1,84,42,100000,100000,71,767,367,367,0.5,0.4948453608247423,0.5075
0.4,1,85,42,100000,100000,831,386,367,367,0.5,0.48249027237354086,0.5075
0.4,1,86,42,100000,100000,735,36,367,367,0.5,0.4583333333333333,0.5075
0.4,1,87,42,100000,100000,37,65,367,367,0.5,0.4807692307692308,0.5075
0.4,1,88,42,100000,100000,220,382,367,367,0.5,0.4966216216216216,0.5075
0.4,1,89,42,100000,100000,403,489,367,367,0.5,0.482078853046595,0.5075
0.4,1,90,42,100000,100000,117,268,367,367,0.5,0.4774193548387097,0.5075
0.4,1,91,42,100000,100000,586,339,367,367,0.5,0.4878587196467991,0.5075
0.4,1,92,42,100000,100000,33,482,367,367,0.5,0.45652173913043476,0.5075
0.4,1,93,42,100000,100000,266,355,367,367,0.5,0.49175824175824173,0.5075
0.4,1,94,42,100000,100000,875,160,367,367,0.5,0.5095238095238095,0.5075
0.4,1,95,42,100000,100000,320,106,367,367,0.5,0.47619047619047616,0.5075
0.4,1,96,42,100000,100000,438,223,367,367,0.5,0.4966216216216216,0.5075
0.4,1,97,42,100000,100000,167,679,367,367,0.5,0.4977578475336323,0.5075
0.4,1,98,42,100000,100000,100,444,367,367,0.5,0.4846153846153846,0.5075
0.4,1,99,42,100000,100000,199,404,367,367,0.5,0.4944237918215613,0.5075
0.4,2,0,42,100000,100000,175,507,366,374,0.5,0.5021097046413502,0.5024271844660194
0.4,2,1,42,100000,100000,366,166,366,374,0.5,0.49074074074074076,0.5024271844660194
0.4,2,2,42,100000,100000,69,919,366,374,0.5,0.5360824742268041,0.5024271844660194
0.4,2,3,42,100000,100000,526,601,366,374,0.5,0.5077793493635078,0.5024271844660194
0.4,2,4,42,100000,100000,76,39,366,374,0.5,0.5217391304347826,0.5024271844660194
0.4,2,5,42,100000,100000,302,121,366,374,0.5,0.49019607843137253,0.5024271844660194
0.4,2,6,42,100000,100000,330,84,366,374,0.5,0.5294117647058824,0.5024271844660194
0.4,2,7,42,100000,100000,474,291,366,374,0.5,0.5118733509234829,0.5024271844660194
0.4,2,8,42,100000,100000,868,731,366,374,0.5,0.5220125786163522,0.5024271844660194
0.4,2,9,42,100000,100000,143,887,366,374,0.5,0.47,0.5024271844660194
0.4,2,10,42,100000,100000,205,316,366,374,0.5,0.4981949458483754,0.5024271844660194
0.4,2,11,42,100000,100000,472,777,366,374,0.5,0.5039370078740157,0.5024271844660194
0.4,2,12,42,100000,100000,796,142,366,374,0.5,0.4656084656084656,0.5024271844660194
0.4,2,13,42,100000,100000,169,484,366,374,0.5,0.4978165938864629,0.5024271844660194
0.4,2,14,42,100000,100000,67,310,366,374,0.5,0.5368421052631579,0.5024271844660194
0.4,2,15,42,100000,100000,370,166,366,374,0.5,0.49074074074074076,0.5024271844660194
0.4,2,16,42,100000,100000,414,75,366,374,0.5,0.5384615384615384,0.5024271844660194
0.4,2,17,42,100000,100000,53,384,366,374,0.5,0.5342465753424658,0.5024271844660194
0.4,2,18,42,100000,100000,66,676,366,374,0.5,0.5319148936170213,0.5024271844660194
0.4,2,19,42,100000,100000,118,529,366,374,0.5,0.4691358024691358,0.5024271844660194
0.4,2,20,42,100000,100000,297,338,366,374,0.5,0.5151515151515151,0.5024271844660194
0.4,2,21,42,100000,100000,790,920,366,374,0.5,0.5228136882129277,0.5024271844660194
0.4,2,22,42,100000,100000,334,240,366,374,0.5,0.49517684887459806,0.5024271844660194
0.4,2,23,42,100000,100000,976,1124,366,374,0.5,0.5161042944785276,0.5024271844660194
0.4,2,24,42,100000,100000,100,100,366,374,0.5,0.5039370078740157,0.5024271844660194
0.4,2,25,42,100000,100000,1039,576,366,374,0.5,0.5059288537549407,0.5024271844660194
0.4,2,26,42,100000,100000,667,124,366,374,0.5,0.4666666666666667,0.5024271844660194
0.4,2,27,42,100000,100000,394,352,366,374,0.5,0.5010989010989011,0.5024271844660194
0.4,2,28,42,100000,100000,268,41,366,374,0.5,0.49019607843137253,0.5024271844660194
0.4,2,29,42,100000,100000,503,863,366,374,0.5,0.5074183976261127,0.5024271844660194
0.4,2,30,42,100000,100000,484,326,366,374,0.5,0.5094339622641509,0.5024271844660194
0.4,2,31,42,100000,100000,107,125,366,374,0.5,0.4864864864864865,0.5024271844660194
0.4,2,32,42,100000,100000,286,124,366,374,0.5,0.4666666666666667,0.5024271844660194
0.4,2,33,42,100000,100000,259,422,366,374,0.5,0.5071225071225072,0.5024271844660194
0.4,2,34,42,100000,100000,91,188,366,374,0.5,0.5039370078740157,0.5024271844660194
0.4,2,35,42,100000,100000,146,100,366,374,0.5,0.5039370078740157,0.5024271844660194
0.4,2,36,42,100000,100000,161,43,366,374,0.5,0.49056603773584906,0.5024271844660194
0.4,2,37,42,100000,100000,282,159,366,374,0.5,0.4855769230769231,0.5024271844660194
0.4,2,38,42,100000,100000,58,32,366,374,0.5,0.5897435897435898,0.5024271844660194
0.4,2,39,42,100000,100000,464,292,366,374,0.5,0.5131578947368421,0.5024271844660194
0.4,2,40,42,100000,100000,145,83,366,374,0.5,0.5294117647058824,0.5024271844660194
0.4,2,41,42,100000,100000,870,868,366,374,0.5,0.5230905861456483,0.5024271844660194
0.4,2,42,42,100000,100000,213,125,366,374,0.5,0.46153846153846156,0.5024271844660194
0.4,2,43,42,100000,100000,361,413,366,374,0.5,0.49190283400809715,0.5024271844660194
0.4,2,44,42,100000,100000,279,307,366,374,0.5,0.5106382978723404,0.5024271844660194
0.4,2,45,42,100000,100000,420,176,366,374,0.5,0.4978165938864629,0.5024271844660194
0.4,2,46,42,100000,100000,506,391,366,374,0.5,0.492156862745098,0.5024271844660194
0.4,2,47,42,100000,100000,90,903,366,374,0.5,0.504,0.5024271844660194
0.4,2,48,42,100000,100000,231,350,366,374,0.5,0.5031446540880503,0.5024271844660194
0.4,2,49,42,100000,100000,903,909,366,374,0.5,0.5203389830508475,0.5024271844660194
0.4,2,50,42,100000,100000,540,588,366,374,0.5,0.5082872928176796,0.5024271844660194
0.4,2,51,42,100000,100000,165,634,366,374,0.5,0.49333333333333335,0.5024271844660194
0.4,2,52,42,100000,100000,199,845,366,374,0.5,0.503731343283582,0.5024271844660194
0.4,2,53,42,100000,100000,496,612,366,374,0.5,0.5121212121212121,0.5024271844660194
0.4,2,54,42,100000,100000,90,335,366,374,0.5,0.504,0.5024271844660194
0.4,2,55,42,100000,100000,651,405,366,374,0.5,0.49242424242424243,0.5024271844660194
0.4,2,56,42,100000,100000,253,815,366,374,0.5,0.5116959064327485,0.5024271844660194
0.4,2,57,42,100000,100000,533,414,366,374,0.5,0.49536178107606677,0.5024271844660194
0.4,2,58,42,100000,100000,352,775,366,374,0.5,0.4886128364389234,0.5024271844660194
0.4,2,59,42,100000,100000,825,111,366,374,0.5,0.4863013698630137,0.5024271844660194
0.4,2,60,42,100000,100000,607,232,366,374,0.5,0.4966887417218543,0.5024271844660194
0.4,2,61,42,100000,100000,282,645,366,374,0.5,0.5118733509234829,0.5024271844660194
0.4,2,62,42,100000,100000,154,411,366,374,0.5,0.48826291079812206,0.5024271844660194
0.4,2,63,42,100000,100000,203,105,366,374,0.5,0.5,0.5024271844660194
0.4,2,64,42,100000,100000,297,7,366,374,0.5,0.6,0.5024271844660194
0.4,2,65,42,100000,100000,782,895,366,374,0.5,0.5241312741312741,0.5024271844660194
0.4,2,66,42,100000,100000,502,118,366,374,0.5,0.49019607843137253,0.5024271844660194
0.4,2,67,42,100000,100000,1018,700,366,374,0.5,0.5158469945355191,0.5024271844660194
0.4,2,68,42,100000,100000,492,174,366,374,0.5,0.4956140350877193,0.5024271844660194
0.4,2,69,42,100000,100000,282,1095,366,374,0.5,0.5118733509234829,0.5024271844660194
0.4,2,70,42,100000,100000,1206,597,366,374,0.5,0.5076530612244898,0.5024271844660194
0.4,2,71,42,100000,100000,111,437,366,374,0.5,0.49019607843137253,0.5024271844660194
0.4,2,72,42,100000,100000,211,608,366,374,0.5,0.4965277777777778,0.5024271844660194
0.4,2,73,42,100000,100000,7,342,366,374,0.5,0.7142857142857143,0.5024271844660194
0.4,2,74,42,100000,100000,399,514,366,374,0.5,0.4936014625228519,0.5024271844660194
0.4,2,75,42,100000,100000,506,662,366,374,0.5,0.5073529411764706,0.5024271844660194
0.4,2,76,42,100000,100000,236,467,366,374,0.5,0.5046153846153846,0.5024271844660194
0.4,2,77,42,100000,100000,822,281,366,374,0.5,0.5068119891008175,0.5024271844660194
0.4,2,78,42,100000,100000,574,19,366,374,0.5,0.7083333333333334,0.5024271844660194
0.4,2,79,42,100000,100000,319,176,366,374,0.5,0.4978165938864629,0.5024271844660194
0.4,2,80,42,100000,100000,733,418,366,374,0.5,0.4936014625228519,0.5024271844660194
0.4,2,81,42,100000,100000,298,268,366,374,0.5,0.5101449275362319,0.5024271844660194
0.4,2,82,42,100000,100000,148,615,366,374,0.5,0.48058252427184467,0.5024271844660194
0.4,2,83,42,100000,100000,656,166,366,374,0.5,0.49074074074074076,0.5024271844660194
0.4,2,84,42,100000,100000,418,378,366,374,0.5,0.49190283400809715,0.5024271844660194
0.4,2,85,42,100000,100000,394,864,366,374,0.5,0.49722735674676527,0.5024271844660194
0.4,2,86,42,100000,100000,454,352,366,374,0.5,0.5010989010989011,0.5024271844660194
0.4,2,87,42,100000,100000,501,156,366,374,0.5,0.47804878048780486,0.5024271844660194
0.4,2,88,42,100000,100000,519,609,366,374,0.5,0.5086206896551724,0.5024271844660194
0.4,2,89,42,100000,100000,38,35,366,374,0.5,0.5897435897435898,0.5024271844660194
0.4,2,90,42,100000,100000,69,473,366,374,0.5,0.5360824742268041,0.5024271844660194
0.4,2,91,42,100000,100000,316,147,366,374,0.5,0.4666666666666667,0.5024271844660194
0.4,2,92,42,100000,100000,337,301,366,374,0.5,0.5140664961636828,0.5024271844660194
0.4,2,93,42,100000,100000,363,804,366,374,0.5,0.4899598393574297,0.5024271844660194
0.4,2,94,42,100000,100000,1233,623,366,374,0.5,0.5061124694376528,0.5024271844660194
0.4,2,95,42,100000,100000,604,944,366,374,0.5,0.5067817509247842,0.5024271844660194
0.4,2,96,42,100000,100000,337,168,366,374,0.5,0.4931506849315068,0.5024271844660194
0.4,2,97,42,100000,100000,193,131,366,374,0.5,0.4685714285714286,0.5024271844660194
0.4,2,98,42,100000,100000,124,456,366,374,0.5,0.4624277456647399,0.5024271844660194
0.4,2,99,42,100000,100000,285,116,366,374,0.5,0.4900662251655629,0.5024271844660194
0.4,3,0,42,100000,100000,350,1046,363,350,0.5,0.44214876033057854,0.44364508393285373
0.4,3,1,42,100000,100000,302,163,363,350,0.5,0.43478260869565216,0.44364508393285373
0.4,3,2,42,100000,100000,331,68,363,350,0.5,0.44565217391304346,0.44364508393285373
0.4,3,3,42,100000,100000,150,630,363,350,0.5,0.4405940594059406,0.44364508393285373
0.4,3,4,42,100000,100000,422,1067,363,350,0.5,0.441025641025641,0.44364508393285373
0.4,3,5,42,100000,100000,436,219,363,350,0.5,0.43450479233226835,0.44364508393285373
0.4,3,6,42,100000,100000,22,54,363,350,0.5,0.4666666666666667,0.44364508393285373
0.4,3,7,42,100000,100000,159,612,363,350,0.5,0.4398148148148148,0.44364508393285373
0.4,3,8,42,100000,100000,61,507,363,350,0.5,0.4318181818181818,0.44364508393285373
0.4,3,9,42,100000,100000,255,540,363,350,0.5,0.4318181818181818,0.44364508393285373
0.4,3,10,42,100000,100000,42,474,363,350,0.5,0.40298507462686567,0.44364508393285373
0.4,3,11,42,100000,100000,331,803,363,350,0.5,0.45879732739420936,0.44364508393285373
0.4,3,12,42,100000,100000,139,155,363,350,0.5,0.4308510638297872,0.44364508393285373
0.4,3,13,42,100000,100000,220,586,363,350,0.5,0.4421768707482993,0.44364508393285373
0.4,3,14,42,100000,100000,94,70,363,350,0.5,0.4387755102040816,0.44364508393285373
0.4,3,15,42,100000,100000,311,1057,363,350,0.5,0.4562647754137116,0.44364508393285373
0.4,3,16,42,100000,100000,486,600,363,350,0.5,0.43833580980683506,0.44364508393285373
0.4,3,17,42,100000,100000,317,331,363,350,0.5,0.4558139534883721,0.44364508393285373
0.4,3,18,42,100000,100000,748,223,363,350,0.5,0.42946708463949845,0.44364508393285373
0.4,3,19,42,100000,100000,763,246,363,350,0.5,0.4281609195402299,0.44364508393285373
0.4,3,20,42,100000,100000,224,262,363,350,0.5,0.4414715719063545,0.44364508393285373
0.4,3,21,42,100000,100000,342,276,363,350,0.5,0.44041450777202074,0.44364508393285373
0.4,3,22,42,100000,100000,839,247,363,350,0.5,0.42857142857142855,0.44364508393285373
0.4,3,23,42,100000,100000,258,99,363,350,0.5,0.43356643356643354,0.44364508393285373
0.4,3,24,42,100000,100000,426,217,363,350,0.5,0.43086816720257237,0.44364508393285373
0.4,3,25,42,100000,100000,274,175,363,350,0.5,0.4251968503937008,0.44364508393285373
0.4,3,26,42,100000,100000,282,198,363,350,0.5,0.4305555555555556,0.44364508393285373
0.4,3,27,42,100000,100000,903,225,363,350,0.5,0.42946708463949845,0.44364508393285373
0.4,3,28,42,100000,100000,441,348,363,350,0.5,0.44214876033057854,0.44364508393285373
0.4,3,29,42,100000,100000,66,310,363,350,0.5,0.44565217391304346,0.44364508393285373
0.4,3,30,42,100000,100000,337,69,363,350,0.5,0.4421052631578947,0.44364508393285373
0.4,3,31,42,100000,100000,136,80,363,350,0.5,0.44642857142857145,0.44364508393285373
0.4,3,32,42,100000,100000,359,458,363,350,0.5,0.4433198380566802,0.44364508393285373
0.4,3,33,42,100000,100000,767,479,363,350,0.5,0.4397590361445783,0.44364508393285373
0.4,3,34,42,100000,100000,65,116,363,350,0.5,0.44565217391304346,0.44364508393285373
0.4,3,35,42,100000,100000,291,335,363,350,0.5,0.44696969696969696,0.44364508393285373
0.4,3,36,42,100000,100000,195,607,363,350,0.5,0.4372623574144487,0.44364508393285373
0.4,3,37,42,100000,100000,118,92,363,350,0.5,0.42857142857142855,0.44364508393285373
0.4,3,38,42,100000,100000,1127,406,363,350,0.5,0.44285714285714284,0.44364508393285373
0.4,3,39,42,100000,100000,564,70,363,350,0.5,0.4387755102040816,0.44364508393285373
0.4,3,40,42,100000,100000,471,981,363,350,0.5,0.44153846153846155,0.44364508393285373
0.4,3,41,42,100000,100000,421,447,363,350,0.5,0.4400684931506849,0.44364508393285373
0.4,3,42,42,100000,100000,538,262,363,350,0.5,0.44141689373297005,0.44364508393285373
0.4,3,43,42,100000,100000,568,394,363,350,0.5,0.4416058394160584,0.44364508393285373
0.4,3,44,42,100000,100000,183,141,363,350,0.5,0.44,0.44364508393285373
0.4,3,45,42,100000,100000,154,351,363,350,0.5,0.43333333333333335,0.44364508393285373
0.4,3,46,42,100000,100000,283,247,363,350,0.5,0.42857142857142855,0.44364508393285373
0.4,3,47,42,100000,100000,831,728,363,350,0.5,0.4644308943089431,0.44364508393285373
0.4,3,48,42,100000,100000,256,435,363,350,0.5,0.43342776203966005,0.44364508393285373
0.4,3,49,42,100000,100000,479,568,363,350,0.5,0.4397590361445783,0.44364508393285373
0.4,3,50,42,100000,100000,289,906,363,350,0.5,0.44696969696969696,0.44364508393285373
0.4,3,51,42,100000,100000,243,565,363,350,0.5,0.42729970326409494,0.44364508393285373
0.4,3,52,42,100000,100000,192,410,363,350,0.5,0.43243243243243246,0.44364508393285373
0.4,3,53,42,100000,100000,468,622,363,350,0.5,0.4434108527131783,0.44364508393285373
0.4,3,54,42,100000,100000,781,313,363,350,0.5,0.45622119815668205,0.44364508393285373
0.4,3,55,42,100000,100000,450,656,363,350,0.5,0.4437299035369775,0.44364508393285373
0.4,3,56,42,100000,100000,361,195,363,350,0.5,0.4295774647887324,0.44364508393285373
0.4,3,57,42,100000,100000,224,250,363,350,0.5,0.4414715719063545,0.44364508393285373
0.4,3,58,42,100000,100000,263,255,363,350,0.5,0.43977591036414565,0.44364508393285373
0.4,3,59,42,100000,100000,58,449,363,350,0.5,0.43373493975903615,0.44364508393285373
0.4,3,60,42,100000,100000,391,645,363,350,0.5,0.4425925925925926,0.44364508393285373
0.4,3,61,42,100000,100000,254,690,363,350,0.5,0.4301994301994302,0.44364508393285373
0.4,3,62,42,100000,100000,393,232,363,350,0.5,0.4325153374233129,0.44364508393285373
0.4,3,63,42,100000,100000,135,641,363,350,0.5,0.4371584699453552,0.44364508393285373
0.4,3,64,42,100000,100000,441,552,363,350,0.5,0.4433497536945813,0.44364508393285373
0.4,3,65,42,100000,100000,412,440,363,350,0.5,0.4388111888111888,0.44364508393285373
0.4,3,66,42,100000,100000,559,371,363,350,0.5,0.4446601941747573,0.44364508393285373
0.4,3,67,42,100000,100000,460,508,363,350,0.5,0.443217665615142,0.44364508393285373
0.4,3,68,42,100000,100000,274,995,363,350,0.5,0.44385026737967914,0.44364508393285373
0.4,3,69,42,100000,100000,338,288,363,350,0.5,0.44776119402985076,0.44364508393285373
0.4,3,70,42,100000,100000,95,97,363,350,0.5,0.4296875,0.44364508393285373
0.4,3,71,42,100000,100000,186,1040,363,350,0.5,0.4331983805668016,0.44364508393285373
0.4,3,72,42,100000,100000,189,586,363,350,0.5,0.42578125,0.44364508393285373
0.4,3,73,42,100000,100000,329,118,363,350,0.5,0.4294117647058823,0.44364508393285373
0.4,3,74,42,100000,100000,341,50,363,350,0.5,0.4,0.44364508393285373
0.4,3,75,42,100000,100000,627,299,363,350,0.5,0.45893719806763283,0.44364508393285373
0.4,3,76,42,100000,100000,98,337,363,350,0.5,0.42857142857142855,0.44364508393285373
0.4,3,77,42,100000,100000,548,38,363,350,0.5,0.45652173913043476,0.44364508393285373
0.4,3,78,42,100000,100000,242,356,363,350,0.5,0.4294294294294294,0.44364508393285373
0.4,3,79,42,100000,100000,330,111,363,350,0.5,0.42073170731707316,0.44364508393285373
0.4,3,80,42,100000,100000,129,350,363,350,0.5,0.42857142857142855,0.44364508393285373
0.4,3,81,42,100000,100000,499,555,363,350,0.5,0.44138929088277856,0.44364508393285373
0.4,3,82,42,100000,100000,886,873,363,350,0.5,0.46790540540540543,0.44364508393285373
0.4,3,83,42,100000,100000,446,199,363,350,0.5,0.43252595155709345,0.44364508393285373
0.4,3,84,42,100000,100000,598,262,363,350,0.5,0.44141689373297005,0.44364508393285373
0.4,3,85,42,100000,100000,337,82,363,350,0.5,0.44642857142857145,0.44364508393285373
0.4,3,86,42,100000,100000,84,149,363,350,0.5,0.44642857142857145,0.44364508393285373
0.4,3,87,42,100000,100000,278,1293,363,350,0.5,0.4409448818897638,0.44364508393285373
0.4,3,88,42,100000,100000,758,64,363,350,0.5,0.43023255813953487,0.44364508393285373
0.4,3,89,42,100000,100000,380,359,363,350,0.5,0.44288577154308617,0.44364508393285373
0.4,3,90,42,100000,100000,619,203,363,350,0.5,0.4402730375426621,0.44364508393285373
0.4,3,91,42,100000,100000,783,146,363,350,0.5,0.4411764705882353,0.44364508393285373
0.4,3,92,42,100000,100000,1096,629,363,350,0.5,0.45063879210220675,0.44364508393285373
0.4,3,93,42,100000,100000,6,114,363,350,0.5,0.3,0.44364508393285373
0.4,3,94,42,100000,100000,114,148,363,350,0.5,0.42857142857142855,0.44364508393285373
0.4,3,95,42,100000,100000,541,148,363,350,0.5,0.43333333333333335,0.44364508393285373
0.4,3,96,42,100000,100000,368,135,363,350,0.5,0.43523316062176165,0.44364508393285373
0.4,3,97,42,100000,100000,387,385,363,350,0.5,0.44299065420560746,0.44364508393285373
0.4,3,98,42,100000,100000,573,445,363,350,0.5,0.441747572815534,0.44364508393285373
0.4,3,99,42,100000,100000,355,1040,363,350,0.5,0.4437627811860941,0.44364508393285373
0.4,4,0,42,100000,100000,575,290,388,375,0.5,0.4832904884318766,0.47754137115839246
0.4,4,1,42,100000,100000,306,257,388,375,0.5,0.5103244837758112,0.47754137115839246
0.4,4,2,42,100000,100000,336,453,388,375,0.5,0.5011037527593819,0.47754137115839246
0.4,4,3,42,100000,100000,527,88,388,375,0.5,0.45901639344262296,0.47754137115839246
0.4,4,4,42,100000,100000,834,139,388,375,0.5,0.5212765957446809,0.47754137115839246
0.4,4,5,42,100000,100000,217,106,388,375,0.5,0.5,0.47754137115839246
0.4,4,6,42,100000,100000,362,213,388,375,0.5,0.5208333333333334,0.47754137115839246
0.4,4,7,42,100000,100000,382,207,388,375,0.5,0.5160142348754448,0.47754137115839246
0.4,4,8,42,100000,100000,333,177,388,375,0.5,0.5185185185185185,0.47754137115839246
0.4,4,9,42,100000,100000,731,649,388,375,0.5,0.4988479262672811,0.47754137115839246
0.4,4,10,42,100000,100000,92,110,388,375,0.5,0.4596774193548387,0.47754137115839246
0.4,4,11,42,100000,100000,64,352,388,375,0.5,0.4157303370786517,0.47754137115839246
0.4,4,12,42,100000,100000,177,163,388,375,0.5,0.5251141552511416,0.47754137115839246
0.4,4,13,42,100000,100000,618,1015,388,375,0.5,0.4963768115942029,0.47754137115839246
0.4,4,14,42,100000,100000,141,49,388,375,0.5,0.4714285714285714,0.47754137115839246
0.4,4,15,42,100000,100000,635,27,388,375,0.5,0.47368421052631576,0.47754137115839246
0.4,4,16,42,100000,100000,511,1130,388,375,0.5,0.49854227405247814,0.47754137115839246
0.4,4,17,42,100000,100000,45,148,388,375,0.5,0.46551724137931033,0.47754137115839246
0.4,4,18,42,100000,100000,539,199,388,375,0.5,0.5110294117647058,0.47754137115839246
0.4,4,19,42,100000,100000,676,77,388,375,0.5,0.4444444444444444,0.47754137115839246
0.4,4,20,42,100000,100000,724,442,388,375,0.5,0.5025728987993139,0.47754137115839246
0.4,4,21,42,100000,100000,442,220,388,375,0.5,0.5273972602739726,0.47754137115839246
0.4,4,22,42,100000,100000,573,96,388,375,0.5,0.48484848484848486,0.47754137115839246
0.4,4,23,42,100000,100000,432,575,388,375,0.5,0.5025817555938038,0.47754137115839246
0.4,4,24,42,100000,100000,245,329,388,375,0.5,0.5173501577287066,0.47754137115839246
0.4,4,25,42,100000,100000,342,324,388,375,0.5,0.4918032786885246,0.47754137115839246
0.4,4,26,42,100000,100000,634,383,388,375,0.5,0.49705304518664045,0.47754137115839246
0.4,4,27,42,100000,100000,20,758,388,375,0.5,0.4444444444444444,0.47754137115839246
0.4,4,28,42,100000,100000,635,164,388,375,0.5,0.5201793721973094,0.47754137115839246
0.4,4,29,42,100000,100000,214,405,388,375,0.5,0.5145985401459854,0.47754137115839246
0.4,4,30,42,100000,100000,205,1139,388,375,0.5,0.5153846153846153,0.47754137115839246
0.4,4,31,42,100000,100000,487,132,388,375,0.5,0.5254237288135594,0.47754137115839246
0.4,4,32,42,100000,100000,903,761,388,375,0.5,0.5073746312684366,0.47754137115839246
0.4,4,33,42,100000,100000,497,357,388,375,0.5,0.4989384288747346,0.47754137115839246
0.4,4,34,42,100000,100000,7,399,388,375,0.5,0.3333333333333333,0.47754137115839246
0.4,4,35,42,100000,100000,838,659,388,375,0.5,0.5034168564920274,0.47754137115839246
0.4,4,36,42,100000,100000,373,792,388,375,0.5,0.496,0.47754137115839246
0.4,4,37,42,100000,100000,839,273,388,375,0.5,0.4931506849315068,0.47754137115839246
0.4,4,38,42,100000,100000,899,452,388,375,0.5,0.5025210084033613,0.47754137115839246
0.4,4,39,42,100000,100000,299,474,388,375,0.5,0.4876237623762376,0.47754137115839246
0.4,4,40,42,100000,100000,110,62,388,375,0.5,0.4157303370786517,0.47754137115839246
0.4,4,41,42,100000,100000,636,305,388,375,0.5,0.48894348894348894,0.47754137115839246
0.4,4,42,42,100000,100000,97,152,388,375,0.5,0.4806201550387597,0.47754137115839246
0.4,4,43,42,100000,100000,520,586,388,375,0.5,0.5,0.47754137115839246
0.4,4,44,42,100000,100000,196,177,388,375,0.5,0.5185185185185185,0.47754137115839246
0.4,4,45,42,100000,100000,253,992,388,375,0.5,0.5150602409638554,0.47754137115839246
0.4,4,46,42,100000,100000,216,1113,388,375,0.5,0.5181159420289855,0.47754137115839246
0.4,4,47,42,100000,100000,169,67,388,375,0.5,0.43617021276595747,0.47754137115839246
0.4,4,48,42,100000,100000,781,275,388,375,0.5,0.4945652173913043,0.47754137115839246
0.4,4,49,42,100000,100000,651,362,388,375,0.5,0.4989517819706499,0.47754137115839246
0.4,4,50,42,100000,100000,160,388,388,375,0.5,0.5245098039215687,0.47754137115839246
0.4,4,51,42,100000,100000,152,397,388,375,0.5,0.5128205128205128,0.47754137115839246
0.4,4,52,42,100000,100000,287,276,388,375,0.5,0.4945652173913043,0.47754137115839246
0.4,4,53,42,100000,100000,253,716,388,375,0.5,0.5150602409638554,0.47754137115839246
0.4,4,54,42,100000,100000,426,50,388,375,0.5,0.4714285714285714,0.47754137115839246
0.4,4,55,42,100000,100000,337,464,388,375,0.5,0.5022026431718062,0.47754137115839246
0.4,4,56,42,100000,100000,528,100,388,375,0.5,0.4962962962962963,0.47754137115839246
0.4,4,57,42,100000,100000,165,431,388,375,0.5,0.529126213592233,0.47754137115839246
0.4,4,58,42,100000,100000,44,187,388,375,0.5,0.46551724137931033,0.47754137115839246
0.4,4,59,42,100000,100000,321,173,388,375,0.5,0.5211864406779662,0.47754137115839246
0.4,4,60,42,100000,100000,492,771,388,375,0.5,0.5007541478129713,0.47754137115839246
0.4,4,61,42,100000,100000,600,365,388,375,0.5,0.49586776859504134,0.47754137115839246
0.4,4,62,42,100000,100000,247,249,388,375,0.5,0.515527950310559,0.47754137115839246
0.4,4,63,42,100000,100000,342,321,388,375,0.5,0.49176470588235294,0.47754137115839246
0.4,4,64,42,100000,100000,698,483,388,375,0.5,0.49765258215962443,0.47754137115839246
0.4,4,65,42,100000,100000,264,440,388,375,0.5,0.5042735042735043,0.47754137115839246
0.4,4,66,42,100000,100000,351,885,388,375,0.5,0.4989384288747346,0.47754137115839246
0.4,4,67,42,100000,100000,374,759,388,375,0.5,0.496,0.47754137115839246
0.4,4,68,42,100000,100000,641,441,388,375,0.5,0.5025817555938038,0.47754137115839246
0.4,4,69,42,100000,100000,787,295,388,375,0.5,0.4873096446700508,0.47754137115839246
0.4,4,70,42,100000,100000,315,154,388,375,0.5,0.5238095238095238,0.47754137115839246
0.4,4,71,42,100000,100000,823,90,388,375,0.5,0.464,0.47754137115839246
0.4,4,72,42,100000,100000,342,378,388,375,0.5,0.5043478260869565,0.47754137115839246
0.4,4,73,42,100000,100000,450,763,388,375,0.5,0.5024875621890548,0.47754137115839246
0.4,4,74,42,100000,100000,586,107,388,375,0.5,0.503448275862069,0.47754137115839246
0.4,4,75,42,100000,100000,961,539,388,375,0.5,0.49789621318373073,0.47754137115839246
0.4,4,76,42,100000,100000,234,557,388,375,0.5,0.5147540983606558,0.47754137115839246
0.4,4,77,42,100000,100000,327,369,388,375,0.5,0.49547511312217196,0.47754137115839246
0.4,4,78,42,100000,100000,444,458,388,375,0.5,0.5025210084033613,0.47754137115839246
0.4,4,79,42,100000,100000,85,117,388,375,0.5,0.45217391304347826,0.47754137115839246
0.4,4,80,42,100000,100000,326,148,388,375,0.5,0.52,0.47754137115839246
0.4,4,81,42,100000,100000,343,239,388,375,0.5,0.5172413793103449,0.47754137115839246
0.4,4,82,42,100000,100000,182,300,388,375,0.5,0.5217391304347826,0.47754137115839246
0.4,4,83,42,100000,100000,1123,338,388,375,0.5,0.4977578475336323,0.47754137115839246
0.4,4,84,42,100000,100000,443,335,388,375,0.5,0.4966139954853273,0.47754137115839246
0.4,4,85,42,100000,100000,245,713,388,375,0.5,0.5173501577287066,0.47754137115839246
0.4,4,86,42,100000,100000,410,170,388,375,0.5,0.521551724137931,0.47754137115839246
0.4,4,87,42,100000,100000,465,209,388,375,0.5,0.519434628975265,0.47754137115839246
0.4,4,88,42,100000,100000,542,629,388,375,0.5,0.4958791208791209,0.47754137115839246
0.4,4,89,42,100000,100000,619,72,388,375,0.5,0.43564356435643564,0.47754137115839246
0.4,4,90,42,100000,100000,386,486,388,375,0.5,0.5,0.47754137115839246
0.4,4,91,42,100000,100000,321,640,388,375,0.5,0.49195402298850577,0.47754137115839246
0.4,4,92,42,100000,100000,489,190,388,375,0.5,0.5153846153846153,0.47754137115839246
0.4,4,93,42,100000,100000,339,595,388,375,0.5,0.5032822757111597,0.47754137115839246
0.4,4,94,42,100000,100000,900,483,388,375,0.5,0.49765258215962443,0.47754137115839246
0.4,4,95,42,100000,100000,281,118,388,375,0.5,0.5094339622641509,0.47754137115839246
0.4,4,96,42,100000,100000,361,918,388,375,0.5,0.49794238683127573,0.47754137115839246
0.4,4,97,42,100000,100000,162,550,388,375,0.5,0.529126213592233,0.47754137115839246
0.4,4,98,42,100000,100000,228,67,388,375,0.5,0.43617021276595747,0.47754137115839246
0.4,4,99,42,100000,100000,1052,208,388,375,0.5,0.5177304964539007,0.47754137115839246
0.4,5,0,42,100000,100000,247,154,364,375,0.5,0.5233160621761658,0.47160493827160493
0.4,5,1,42,100000,100000,81,62,364,375,0.5,0.45977011494252873,0.47160493827160493
0.4,5,2,42,100000,100000,195,183,364,375,0.5,0.5258620689655172,0.47160493827160493
0.4,5,3,42,100000,100000,672,56,364,375,0.5,0.47368421052631576,0.47160493827160493
0.4,5,4,42,100000,100000,530,28,364,375,0.5,0.5142857142857142,0.47160493827160493
0.4,5,5,42,100000,100000,258,357,364,375,0.5,0.5235294117647059,0.47160493827160493
0.4,5,6,42,100000,100000,116,277,364,375,0.5,0.515527950310559,0.47160493827160493
0.4,5,7,42,100000,100000,338,598,364,375,0.5,0.5327313769751693,0.47160493827160493
0.4,5,8,42,100000,100000,864,688,364,375,0.5,0.5044052863436124,0.47160493827160493
0.4,5,9,42,100000,100000,682,476,364,375,0.5,0.49293563579277866,0.47160493827160493
0.4,5,10,42,100000,100000,452,511,364,375,0.5,0.502495840266223,0.47160493827160493
0.4,5,11,42,100000,100000,635,340,364,375,0.5,0.5316742081447964,0.47160493827160493
0.4,5,12,42,100000,100000,31,291,364,375,0.5,0.5609756097560976,0.47160493827160493
0.4,5,13,42,100000,100000,162,552,364,375,0.5,0.5342465753424658,0.47160493827160493
0.4,5,14,42,100000,100000,177,333,364,375,0.5,0.5313807531380753,0.47160493827160493
0.4,5,15,42,100000,100000,136,413,364,375,0.5,0.5161290322580645,0.47160493827160493
0.4,5,16,42,100000,100000,433,191,364,375,0.5,0.5352697095435685,0.47160493827160493
0.4,5,17,42,100000,100000,236,26,364,375,0.5,0.48484848484848486,0.47160493827160493
0.4,5,18,42,100000,100000,308,419,364,375,0.5,0.5263157894736842,0.47160493827160493
0.4,5,19,42,100000,100000,238,561,364,375,0.5,0.5224358974358975,0.47160493827160493
0.4,5,20,42,100000,100000,164,245,364,375,0.5,0.5339366515837104,0.47160493827160493
0.4,5,21,42,100000,100000,422,211,364,375,0.5,0.5338345864661654,0.47160493827160493
0.4,5,22,42,100000,100000,489,238,364,375,0.5,0.5224358974358975,0.47160493827160493
0.4,5,23,42,100000,100000,1170,545,364,375,0.5,0.49517241379310345,0.47160493827160493
0.4,5,24,42,100000,100000,374,1305,364,375,0.5,0.5142276422764228,0.47160493827160493
0.4,5,25,42,100000,100000,408,110,364,375,0.5,0.5070422535211268,0.47160493827160493
0.4,5,26,42,100000,100000,299,429,364,375,0.5,0.5242966751918159,0.47160493827160493
0.4,5,27,42,100000,100000,150,350,364,375,0.5,0.5194174757281553,0.47160493827160493
0.4,5,28,42,100000,100000,652,334,364,375,0.5,0.5275229357798165,0.47160493827160493
0.4,5,29,42,100000,100000,325,126,364,375,0.5,0.5256410256410257,0.47160493827160493
0.4,5,30,42,100000,100000,126,320,364,375,0.5,0.5085714285714286,0.47160493827160493
0.4,5,31,42,100000,100000,595,79,364,375,0.5,0.47115384615384615,0.47160493827160493
0.4,5,32,42,100000,100000,364,600,364,375,0.5,0.5309168443496801,0.47160493827160493
0.4,5,33,42,100000,100000,236,167,364,375,0.5,0.5188679245283019,0.47160493827160493
0.4,5,34,42,100000,100000,439,546,364,375,0.5,0.4965986394557823,0.47160493827160493
0.4,5,35,42,100000,100000,161,228,364,375,0.5,0.5321100917431193,0.47160493827160493
0.4,5,36,42,100000,100000,861,442,364,375,0.5,0.49745331069609505,0.47160493827160493
0.4,5,37,42,100000,100000,461,266,364,375,0.5,0.5258620689655172,0.47160493827160493
0.4,5,38,42,100000,100000,388,387,364,375,0.5,0.509765625,0.47160493827160493
0.4,5,39,42,100000,100000,254,269,364,375,0.5,0.5209580838323353,0.47160493827160493
0.4,5,40,42,100000,100000,99,79,364,375,0.5,0.47115384615384615,0.47160493827160493
0.4,5,41,42,100000,100000,112,71,364,375,0.5,0.46938775510204084,0.47160493827160493
0.4,5,42,42,100000,100000,135,943,364,375,0.5,0.5135135135135135,0.47160493827160493
0.4,5,43,42,100000,100000,44,304,364,375,0.5,0.5357142857142857,0.47160493827160493
0.4,5,44,42,100000,100000,259,160,364,375,0.5,0.5148514851485149,0.47160493827160493
0.4,5,45,42,100000,100000,350,1325,364,375,0.5,0.5304347826086957,0.47160493827160493
0.4,5,46,42,100000,100000,461,477,364,375,0.5,0.49754500818330605,0.47160493827160493
0.4,5,47,42,100000,100000,359,185,364,375,0.5,0.5256410256410257,0.47160493827160493
0.4,5,48,42,100000,100000,417,461,364,375,0.5,0.4982142857142857,0.47160493827160493
0.4,5,49,42,100000,100000,360,618,364,375,0.5,0.5309168443496801,0.47160493827160493
0.4,5,50,42,100000,100000,248,394,364,375,0.5,0.52,0.47160493827160493
0.4,5,51,42,100000,100000,171,152,364,375,0.5,0.5233160621761658,0.47160493827160493
0.4,5,52,42,100000,100000,759,163,364,375,0.5,0.5194174757281553,0.47160493827160493
0.4,5,53,42,100000,100000,622,238,364,375,0.5,0.5224358974358975,0.47160493827160493
0.4,5,54,42,100000,100000,64,314,364,375,0.5,0.4588235294117647,0.47160493827160493
0.4,5,55,42,100000,100000,296,377,364,375,0.5,0.524547803617571,0.47160493827160493
0.4,5,56,42,100000,100000,358,246,364,375,0.5,0.5201238390092879,0.47160493827160493
0.4,5,57,42,100000,100000,787,708,364,375,0.5,0.5048128342245989,0.47160493827160493
0.4,5,58,42,100000,100000,175,445,364,375,0.5,0.5316455696202531,0.47160493827160493
0.4,5,59,42,100000,100000,190,243,364,375,0.5,0.5393700787401575,0.47160493827160493
0.4,5,60,42,100000,100000,333,339,364,375,0.5,0.528604118993135,0.47160493827160493
0.4,5,61,42,100000,100000,299,52,364,375,0.5,0.4925373134328358,0.47160493827160493
0.4,5,62,42,100000,100000,156,176,364,375,0.5,0.5211267605633803,0.47160493827160493
0.4,5,63,42,100000,100000,170,707,364,375,0.5,0.5330396475770925,0.47160493827160493
0.4,5,64,42,100000,100000,220,215,364,375,0.5,0.5387453874538746,0.47160493827160493
0.4,5,65,42,100000,100000,69,133,364,375,0.5,0.4782608695652174,0.47160493827160493
0.4,5,66,42,100000,100000,81,132,364,375,0.5,0.4774774774774775,0.47160493827160493
0.4,5,67,42,100000,100000,229,433,364,375,0.5,0.5182724252491694,0.47160493827160493
0.4,5,68,42,100000,100000,143,455,364,375,0.5,0.5233160621761658,0.47160493827160493
0.4,5,69,42,100000,100000,247,144,364,375,0.5,0.5108695652173914,0.47160493827160493
0.4,5,70,42,100000,100000,538,380,364,375,0.5,0.510934393638171,0.47160493827160493
0.4,5,71,42,100000,100000,246,169,364,375,0.5,0.5233644859813084,0.47160493827160493
0.4,5,72,42,100000,100000,650,576,364,375,0.5,0.5,0.47160493827160493
0.4,5,73,42,100000,100000,485,226,364,375,0.5,0.5168918918918919,0.47160493827160493
0.4,5,74,42,100000,100000,389,374,364,375,0.5,0.5110663983903421,0.47160493827160493
0.4,5,75,42,100000,100000,406,479,364,375,0.5,0.5074349442379182,0.47160493827160493
0.4,5,76,42,100000,100000,67,577,364,375,0.5,0.4666666666666667,0.47160493827160493
0.4,5,77,42,100000,100000,123,255,364,375,0.5,0.5116279069767442,0.47160493827160493
0.4,5,78,42,100000,100000,558,591,364,375,0.5,0.49867021276595747,0.47160493827160493
0.4,5,79,42,100000,100000,26,179,364,375,0.5,0.5277777777777778,0.47160493827160493
0.4,5,80,42,100000,100000,146,580,364,375,0.5,0.5148514851485149,0.47160493827160493
0.4,5,81,42,100000,100000,326,45,364,375,0.5,0.5254237288135594,0.47160493827160493
0.4,5,82,42,100000,100000,550,824,364,375,0.5,0.4993215739484396,0.47160493827160493
0.4,5,83,42,100000,100000,997,126,364,375,0.5,0.5256410256410257,0.47160493827160493
0.4,5,84,42,100000,100000,410,497,364,375,0.5,0.5027422303473492,0.47160493827160493
0.4,5,85,42,100000,100000,157,127,364,375,0.5,0.5256410256410257,0.47160493827160493
0.4,5,86,42,100000,100000,267,95,364,375,0.5,0.49193548387096775,0.47160493827160493
0.4,5,87,42,100000,100000,1414,562,364,375,0.5,0.5,0.47160493827160493
0.4,5,88,42,100000,100000,380,500,364,375,0.5,0.5109780439121756,0.47160493827160493
0.4,5,89,42,100000,100000,548,276,364,375,0.5,0.5236768802228412,0.47160493827160493
0.4,5,90,42,100000,100000,907,357,364,375,0.5,0.5289079229122056,0.47160493827160493
0.4,5,91,42,100000,100000,189,154,364,375,0.5,0.5233160621761658,0.47160493827160493
0.4,5,92,42,100000,100000,1078,401,364,375,0.5,0.5065913370998116,0.47160493827160493
0.4,5,93,42,100000,100000,385,112,364,375,0.5,0.5069444444444444,0.47160493827160493
0.4,5,94,42,100000,100000,140,458,364,375,0.5,0.5235602094240838,0.47160493827160493
0.4,5,95,42,100000,100000,511,135,364,375,0.5,0.5119047619047619,0.47160493827160493
0.4,5,96,42,100000,100000,152,175,364,375,0.5,0.5194174757281553,0.47160493827160493
0.4,5,97,42,100000,100000,765,212,364,375,0.5,0.5335820895522388,0.47160493827160493
0.4,5,98,42,100000,100000,362,535,364,375,0.5,0.5309168443496801,0.47160493827160493
0.4,5,99,42,100000,100000,821,26,364,375,0.5,0.48484848484848486,0.47160493827160493
0.4,6,0,42,100000,100000,276,494,370,385,0.5,0.5218579234972678,0.48792270531400966
0.4,6,1,42,100000,100000,851,436,370,385,0.5,0.4948630136986301,0.48792270531400966
0.4,6,2,42,100000,100000,75,37,370,385,0.5,0.5319148936170213,0.48792270531400966
0.4,6,3,42,100000,100000,328,254,370,385,0.5,0.5229357798165137,0.48792270531400966
0.4,6,4,42,100000,100000,857,757,370,385,0.5,0.4888673765730881,0.48792270531400966
0.4,6,5,42,100000,100000,403,423,370,385,0.5,0.4935064935064935,0.48792270531400966
0.4,6,6,42,100000,100000,435,280,370,385,0.5,0.521978021978022,0.48792270531400966
0.4,6,7,42,100000,100000,428,288,370,385,0.5,0.5226666666666666,0.48792270531400966
0.4,6,8,42,100000,100000,417,83,370,385,0.5,0.4953271028037383,0.48792270531400966
0.4,6,9,42,100000,100000,399,482,370,385,0.5,0.4943609022556391,0.48792270531400966
0.4,6,10,42,100000,100000,418,149,370,385,0.5,0.4946808510638298,0.48792270531400966
0.4,6,11,42,100000,100000,460,25,370,385,0.5,0.42857142857142855,0.48792270531400966
0.4,6,12,42,100000,100000,184,371,370,385,0.5,0.5219123505976095,0.48792270531400966
0.4,6,13,42,100000,100000,388,1298,370,385,0.5,0.4980694980694981,0.48792270531400966
0.4,6,14,42,100000,100000,332,109,370,385,0.5,0.4642857142857143,0.48792270531400966
0.4,6,15,42,100000,100000,304,45,370,385,0.5,0.509090909090909,0.48792270531400966
0.4,6,16,42,100000,100000,617,623,370,385,0.5,0.4987714987714988,0.48792270531400966
0.4,6,17,42,100000,100000,180,131,370,385,0.5,0.46706586826347307,0.48792270531400966
0.4,6,18,42,100000,100000,110,381,370,385,0.5,0.46875,0.48792270531400966
0.4,6,19,42,100000,100000,520,564,370,385,0.5,0.5,0.48792270531400966
0.4,6,20,42,100000,100000,760,523,370,385,0.5,0.49928057553956834,0.48792270531400966
0.4,6,21,42,100000,100000,403,215,370,385,0.5,0.5330882352941176,0.48792270531400966
0.4,6,22,42,100000,100000,203,435,370,385,0.5,0.5328467153284672,0.48792270531400966
0.4,6,23,42,100000,100000,335,286,370,385,0.5,0.5213903743315508,0.48792270531400966
0.4,6,24,42,100000,100000,370,680,370,385,0.5,0.5010141987829615,0.48792270531400966
0.4,6,25,42,100000,100000,711,492,370,385,0.5,0.4954268292682927,0.48792270531400966
0.4,6,26,42,100000,100000,320,1317,370,385,0.5,0.5011655011655012,0.48792270531400966
0.4,6,27,42,100000,100000,135,177,370,385,0.5,0.4973544973544973,0.48792270531400966
0.4,6,28,42,100000,100000,226,162,370,385,0.5,0.49760765550239233,0.48792270531400966
0.4,6,29,42,100000,100000,604,508,370,385,0.5,0.49851190476190477,0.48792270531400966
0.4,6,30,42,100000,100000,312,401,370,385,0.5,0.5107913669064749,0.48792270531400966
0.4,6,31,42,100000,100000,887,344,370,385,0.5,0.5066079295154186,0.48792270531400966
0.4,6,32,42,100000,100000,433,505,370,385,0.5,0.49137931034482757,0.48792270531400966
0.4,6,33,42,100000,100000,178,116,370,385,0.5,0.46308724832214765,0.48792270531400966
0.4,6,34,42,100000,100000,32,263,370,385,0.5,0.5121951219512195,0.48792270531400966
0.4,6,35,42,100000,100000,112,163,370,385,0.5,0.4662576687116564,0.48792270531400966
0.4,6,36,42,100000,100000,385,414,370,385,0.5,0.4970873786407767,0.48792270531400966
0.4,6,37,42,100000,100000,379,112,370,385,0.5,0.46153846153846156,0.48792270531400966
0.4,6,38,42,100000,100000,642,448,370,385,0.5,0.4974958263772955,0.48792270531400966
0.4,6,39,42,100000,100000,87,419,370,385,0.5,0.49193548387096775,0.48792270531400966
0.4,6,40,42,100000,100000,390,157,370,385,0.5,0.4876847290640394,0.48792270531400966
0.4,6,41,42,100000,100000,182,70,370,385,0.5,0.5111111111111111,0.48792270531400966
0.4,6,42,42,100000,100000,584,253,370,385,0.5,0.5263157894736842,0.48792270531400966
0.4,6,43,42,100000,100000,327,288,370,385,0.5,0.5226666666666666,0.48792270531400966
0.4,6,44,42,100000,100000,741,436,370,385,0.5,0.4948630136986301,0.48792270531400966
0.4,6,45,42,100000,100000,589,118,370,385,0.5,0.47019867549668876,0.48792270531400966
0.4,6,46,42,100000,100000,922,73,370,385,0.5,0.5111111111111111,0.48792270531400966
0.4,6,47,42,100000,100000,64,63,370,385,0.5,0.5189873417721519,0.48792270531400966
0.4,6,48,42,100000,100000,148,246,370,385,0.5,0.49514563106796117,0.48792270531400966
0.4,6,49,42,100000,100000,363,506,370,385,0.5,0.49693251533742333,0.48792270531400966
0.4,6,50,42,100000,100000,189,153,370,385,0.5,0.4873096446700508,0.48792270531400966
0.4,6,51,42,100000,100000,125,49,370,385,0.5,0.5,0.48792270531400966
0.4,6,52,42,100000,100000,94,512,370,385,0.5,0.48854961832061067,0.48792270531400966
0.4,6,53,42,100000,100000,489,551,370,385,0.5,0.4946564885496183,0.48792270531400966
0.4,6,54,42,100000,100000,228,242,370,385,0.5,0.5344262295081967,0.48792270531400966
0.4,6,55,42,100000,100000,145,142,370,385,0.5,0.48333333333333334,0.48792270531400966
0.4,6,56,42,100000,100000,480,187,370,385,0.5,0.5063291139240507,0.48792270531400966
0.4,6,57,42,100000,100000,381,122,370,385,0.5,0.46153846153846156,0.48792270531400966
0.4,6,58,42,100000,100000,174,237,370,385,0.5,0.5103734439834025,0.48792270531400966
0.4,6,59,42,100000,100000,116,684,370,385,0.5,0.4647058823529412,0.48792270531400966
0.4,6,60,42,100000,100000,568,710,370,385,0.5,0.5026385224274407,0.48792270531400966
0.4,6,61,42,100000,100000,221,204,370,385,0.5,0.5252918287937743,0.48792270531400966
0.4,6,62,42,100000,100000,44,149,370,385,0.5,0.4918032786885246,0.48792270531400966
0.4,6,63,42,100000,100000,214,212,370,385,0.5,0.5278810408921933,0.48792270531400966
0.4,6,64,42,100000,100000,738,489,370,385,0.5,0.4938837920489297,0.48792270531400966
0.4,6,65,42,100000,100000,387,125,370,385,0.5,0.46835443037974683,0.48792270531400966
0.4,6,66,42,100000,100000,284,326,370,385,0.5,0.5226666666666666,0.48792270531400966
0.4,6,67,42,100000,100000,273,1144,370,385,0.5,0.5220994475138122,0.48792270531400966
0.4,6,68,42,100000,100000,551,96,370,385,0.5,0.4918032786885246,0.48792270531400966
0.4,6,69,42,100000,100000,33,246,370,385,0.5,0.5116279069767442,0.48792270531400966
0.4,6,70,42,100000,100000,394,750,370,385,0.5,0.49619771863117873,0.48792270531400966
0.4,6,71,42,100000,100000,717,373,370,385,0.5,0.5010141987829615,0.48792270531400966
0.4,6,72,42,100000,100000,82,502,370,385,0.5,0.47863247863247865,0.48792270531400966
0.4,6,73,42,100000,100000,173,179,370,385,0.5,0.504424778761062,0.48792270531400966
0.4,6,74,42,100000,100000,389,248,370,385,0.5,0.5316455696202531,0.48792270531400966
0.4,6,75,42,100000,100000,852,446,370,385,0.5,0.49748743718592964,0.48792270531400966
0.4,6,76,42,100000,100000,341,717,370,385,0.5,0.5076923076923077,0.48792270531400966
0.4,6,77,42,100000,100000,618,769,370,385,0.5,0.4987714987714988,0.48792270531400966
0.4,6,78,42,100000,100000,386,262,370,385,0.5,0.5238095238095238,0.48792270531400966
0.4,6,79,42,100000,100000,211,262,370,385,0.5,0.5390070921985816,0.48792270531400966
0.4,6,80,42,100000,100000,447,433,370,385,0.5,0.49225473321858865,0.48792270531400966
0.4,6,81,42,100000,100000,603,633,370,385,0.5,0.4981226533166458,0.48792270531400966
0.4,6,82,42,100000,100000,753,348,370,385,0.5,0.5109170305676856,0.48792270531400966
0.4,6,83,42,100000,100000,495,341,370,385,0.5,0.5066964285714286,0.48792270531400966
0.4,6,84,42,100000,100000,197,210,370,385,0.5,0.5263157894736842,0.48792270531400966
0.4,6,85,42,100000,100000,228,543,370,385,0.5,0.5344262295081967,0.48792270531400966
0.4,6,86,42,100000,100000,295,652,370,385,0.5,0.5166240409207161,0.48792270531400966
0.4,6,87,42,100000,100000,993,61,370,385,0.5,0.5128205128205128,0.48792270531400966
0.4,6,88,42,100000,100000,351,525,370,385,0.5,0.5085470085470085,0.48792270531400966
0.4,6,89,42,100000,100000,110,89,370,385,0.5,0.49107142857142855,0.48792270531400966
0.4,6,90,42,100000,100000,422,1271,370,385,0.5,0.49466192170818507,0.48792270531400966
0.4,6,91,42,100000,100000,90,225,370,385,0.5,0.4921875,0.48792270531400966
0.4,6,92,42,100000,100000,398,615,370,385,0.5,0.4943609022556391,0.48792270531400966
0.4,6,93,42,100000,100000,48,98,370,385,0.5,0.5151515151515151,0.48792270531400966
0.4,6,94,42,100000,100000,503,357,370,385,0.5,0.5085470085470085,0.48792270531400966
0.4,6,95,42,100000,100000,537,401,370,385,0.5,0.49256505576208176,0.48792270531400966
0.4,6,96,42,100000,100000,298,342,370,385,0.5,0.5177664974619289,0.48792270531400966
0.4,6,97,42,100000,100000,176,357,370,385,0.5,0.51440329218107,0.48792270531400966
0.4,6,98,42,100000,100000,561,749,370,385,0.5,0.4993342210386152,0.48792270531400966
0.4,6,99,42,100000,100000,93,805,370,385,0.5,0.48854961832061067,0.48792270531400966
0.4,7,0,42,100000,100000,696,543,361,355,0.5,0.49931224209078406,0.5154639175257731
0.4,7,1,42,100000,100000,194,341,361,355,0.5,0.5079365079365079,0.5154639175257731
0.4,7,2,42,100000,100000,244,411,361,355,0.5,0.5047318611987381,0.5154639175257731
0.4,7,3,42,100000,100000,289,181,361,355,0.5,0.5020408163265306,0.5154639175257731
0.4,7,4,42,100000,100000,288,680,361,355,0.5,0.4973404255319149,0.5154639175257731
0.4,7,5,42,100000,100000,173,165,361,355,0.5,0.5,0.5154639175257731
0.4,7,6,42,100000,100000,398,234,361,355,0.5,0.5062893081761006,0.5154639175257731
0.4,7,7,42,100000,100000,187,307,361,355,0.5,0.5020408163265306,0.5154639175257731
0.4,7,8,42,100000,100000,559,399,361,355,0.5,0.5,0.5154639175257731
0.4,7,9,42,100000,100000,627,189,361,355,0.5,0.5079365079365079,0.5154639175257731
0.4,7,10,42,100000,100000,151,321,361,355,0.5,0.49230769230769234,0.5154639175257731
0.4,7,11,42,100000,100000,145,267,361,355,0.5,0.5081967213114754,0.5154639175257731
0.4,7,12,42,100000,100000,186,135,361,355,0.5,0.5026737967914439,0.5154639175257731
0.4,7,13,42,100000,100000,303,301,361,355,0.5,0.5038167938931297,0.5154639175257731
0.4,7,14,42,100000,100000,774,1224,361,355,0.5,0.510164569215876,0.5154639175257731
0.4,7,15,42,100000,100000,859,223,361,355,0.5,0.5016501650165016,0.5154639175257731
0.4,7,16,42,100000,100000,291,711,361,355,0.5,0.5,0.5154639175257731
0.4,7,17,42,100000,100000,415,313,361,355,0.5,0.5035460992907801,0.5154639175257731
0.4,7,18,42,100000,100000,103,262,361,355,0.5,0.4921875,0.5154639175257731
0.4,7,19,42,100000,100000,283,735,361,355,0.5,0.4945945945945946,0.5154639175257731
0.4,7,20,42,100000,100000,679,565,361,355,0.5,0.5059920106524634,0.5154639175257731
0.4,7,21,42,100000,100000,177,501,361,355,0.5,0.5066079295154186,0.5154639175257731
0.4,7,22,42,100000,100000,724,539,361,355,0.5,0.5,0.5154639175257731
0.4,7,23,42,100000,100000,112,366,361,355,0.5,0.5109489051094891,0.5154639175257731
0.4,7,24,42,100000,100000,174,943,361,355,0.5,0.5022421524663677,0.5154639175257731
0.4,7,25,42,100000,100000,323,415,361,355,0.5,0.5035460992907801,0.5154639175257731
0.4,7,26,42,100000,100000,79,303,361,355,0.5,0.5106382978723404,0.5154639175257731
0.4,7,27,42,100000,100000,936,430,361,355,0.5,0.493891797556719,0.5154639175257731
0.4,7,28,42,100000,100000,664,436,361,355,0.5,0.49569707401032703,0.5154639175257731
0.4,7,29,42,100000,100000,87,384,361,355,0.5,0.4953271028037383,0.5154639175257731
0.4,7,30,42,100000,100000,271,530,361,355,0.5,0.5086206896551724,0.5154639175257731
0.4,7,31,42,100000,100000,307,466,361,355,0.5,0.5075757575757576,0.5154639175257731
0.4,7,32,42,100000,100000,130,544,361,355,0.5,0.51875,0.5154639175257731
0.4,7,33,42,100000,100000,520,671,361,355,0.5,0.49279538904899134,0.5154639175257731
0.4,7,34,42,100000,100000,525,220,361,355,0.5,0.5033557046979866,0.5154639175257731
0.4,7,35,42,100000,100000,94,42,361,355,0.5,0.5636363636363636,0.5154639175257731
0.4,7,36,42,100000,100000,180,233,361,355,0.5,0.5086206896551724,0.5154639175257731
0.4,7,37,42,100000,100000,250,504,361,355,0.5,0.5077399380804953,0.5154639175257731
0.4,7,38,42,100000,100000,281,1112,361,355,0.5,0.49184782608695654,0.5154639175257731
0.4,7,39,42,100000,100000,634,998,361,355,0.5,0.4970622796709753,0.5154639175257731
0.4,7,40,42,100000,100000,524,375,361,355,0.5,0.5020080321285141,0.5154639175257731
0.4,7,41,42,100000,100000,343,329,361,355,0.5,0.49887640449438203,0.5154639175257731
0.4,7,42,42,100000,100000,361,262,361,355,0.5,0.4972067039106145,0.5154639175257731
0.4,7,43,42,100000,100000,291,268,361,355,0.5,0.49184782608695654,0.5154639175257731
0.4,7,44,42,100000,100000,430,181,361,355,0.5,0.5020408163265306,0.5154639175257731
0.4,7,45,42,100000,100000,324,241,361,355,0.5,0.5076452599388379,0.5154639175257731
0.4,7,46,42,100000,100000,159,113,361,355,0.5,0.5189873417721519,0.5154639175257731
0.4,7,47,42,100000,100000,650,868,361,355,0.5,0.49714285714285716,0.5154639175257731
0.4,7,48,42,100000,100000,463,197,361,355,0.5,0.4943820224719101,0.5154639175257731
0.4,7,49,42,100000,100000,411,218,361,355,0.5,0.5,0.5154639175257731
0.4,7,50,42,100000,100000,396,496,361,355,0.5,0.4981060606060606,0.5154639175257731
0.4,7,51,42,100000,100000,548,685,361,355,0.5,0.49931224209078406,0.5154639175257731
0.4,7,52,42,100000,100000,110,205,361,355,0.5,0.5073529411764706,0.5154639175257731
0.4,7,53,42,100000,100000,476,509,361,355,0.5,0.4976452119309262,0.5154639175257731
0.4,7,54,42,100000,100000,183,271,361,355,0.5,0.5106382978723404,0.5154639175257731
0.4,7,55,42,100000,100000,151,397,361,355,0.5,0.49230769230769234,0.5154639175257731
0.4,7,56,42,100000,100000,773,325,361,355,0.5,0.5,0.5154639175257731
0.4,7,57,42,100000,100000,276,402,361,355,0.5,0.4972067039106145,0.5154639175257731
0.4,7,58,42,100000,100000,570,872,361,355,0.5,0.5052770448548812,0.5154639175257731
0.4,7,59,42,100000,100000,94,179,361,355,0.5,0.49137931034482757,0.5154639175257731
0.4,7,60,42,100000,100000,411,207,361,355,0.5,0.4982078853046595,0.5154639175257731
0.4,7,61,42,100000,100000,412,329,361,355,0.5,0.49887640449438203,0.5154639175257731
0.4,7,62,42,100000,100000,974,503,361,355,0.5,0.4947994056463596,0.5154639175257731
0.4,7,63,42,100000,100000,177,158,361,355,0.5,0.5,0.5154639175257731
0.4,7,64,42,100000,100000,567,785,361,355,0.5,0.5059920106524634,0.5154639175257731
0.4,7,65,42,100000,100000,199,1006,361,355,0.5,0.5,0.5154639175257731
0.4,7,66,42,100000,100000,229,148,361,355,0.5,0.4975369458128079,0.5154639175257731
0.4,7,67,42,100000,100000,94,460,361,355,0.5,0.49137931034482757,0.5154639175257731
0.4,7,68,42,100000,100000,676,565,361,355,0.5,0.5059920106524634,0.5154639175257731
0.4,7,69,42,100000,100000,563,48,361,355,0.5,0.5303030303030303,0.5154639175257731
0.4,7,70,42,100000,100000,682,382,361,355,0.5,0.49707602339181284,0.5154639175257731
0.4,7,71,42,100000,100000,24,1178,361,355,0.5,0.5483870967741935,0.5154639175257731
0.4,7,72,42,100000,100000,405,101,361,355,0.5,0.5069444444444444,0.5154639175257731
0.4,7,73,42,100000,100000,44,284,361,355,0.5,0.5555555555555556,0.5154639175257731
0.4,7,74,42,100000,100000,600,178,361,355,0.5,0.5084033613445378,0.5154639175257731
0.4,7,75,42,100000,100000,472,249,361,355,0.5,0.5088757396449705,0.5154639175257731
0.4,7,76,42,100000,100000,419,249,361,355,0.5,0.5088757396449705,0.5154639175257731
0.4,7,77,42,100000,100000,734,53,361,355,0.5,0.5333333333333333,0.5154639175257731
0.4,7,78,42,100000,100000,311,246,361,355,0.5,0.5089285714285714,0.5154639175257731
0.4,7,79,42,100000,100000,80,155,361,355,0.5,0.5106382978723404,0.5154639175257731
0.4,7,80,42,100000,100000,62,658,361,355,0.5,0.5333333333333333,0.5154639175257731
0.4,7,81,42,100000,100000,1024,198,361,355,0.5,0.4943820224719101,0.5154639175257731
0.4,7,82,42,100000,100000,615,971,361,355,0.5,0.4981949458483754,0.5154639175257731
0.4,7,83,42,100000,100000,54,196,361,355,0.5,0.5303030303030303,0.5154639175257731
0.4,7,84,42,100000,100000,460,68,361,355,0.5,0.5050505050505051,0.5154639175257731
0.4,7,85,42,100000,100000,690,394,361,355,0.5,0.49809885931558934,0.5154639175257731
0.4,7,86,42,100000,100000,718,758,361,355,0.5,0.5051867219917012,0.5154639175257731
0.4,7,87,42,100000,100000,226,165,361,355,0.5,0.5066079295154186,0.5154639175257731
0.4,7,88,42,100000,100000,494,813,361,355,0.5,0.4954682779456193,0.5154639175257731
0.4,7,89,42,100000,100000,412,195,361,355,0.5,0.5,0.5154639175257731
0.4,7,90,42,100000,100000,295,470,361,355,0.5,0.5,0.5154639175257731
0.4,7,91,42,100000,100000,100,479,361,355,0.5,0.49206349206349204,0.5154639175257731
0.4,7,92,42,100000,100000,206,706,361,355,0.5,0.4945054945054945,0.5154639175257731
0.4,7,93,42,100000,100000,157,384,361,355,0.5,0.5,0.5154639175257731
0.4,7,94,42,100000,100000,466,291,361,355,0.5,0.5075757575757576,0.5154639175257731
0.4,7,95,42,100000,100000,418,279,361,355,0.5,0.5,0.5154639175257731
0.4,7,96,42,100000,100000,87,173,361,355,0.5,0.4953271028037383,0.5154639175257731
0.4,7,97,42,100000,100000,220,169,361,355,0.5,0.5109170305676856,0.5154639175257731
0.4,7,98,42,100000,100000,447,393,361,355,0.5,0.49809885931558934,0.5154639175257731
0.4,7,99,42,100000,100000,179,28,361,355,0.5,0.5263157894736842,0.5154639175257731
0.4,8,0,42,100000,100000,325,851,355,343,0.5,0.5108433734939759,0.4896373056994819
0.4,8,1,42,100000,100000,96,627,355,343,0.5,0.46825396825396826,0.4896373056994819
0.4,8,2,42,100000,100000,324,258,355,343,0.5,0.5027777777777778,0.4896373056994819
0.4,8,3,42,100000,100000,263,48,355,343,0.5,0.42424242424242425,0.4896373056994819
0.4,8,4,42,100000,100000,60,406,355,343,0.5,0.45121951219512196,0.4896373056994819
0.4,8,5,42,100000,100000,35,177,355,343,0.5,0.43137254901960786,0.4896373056994819
0.4,8,6,42,100000,100000,82,259,355,343,0.5,0.4672897196261682,0.4896373056994819
0.4,8,7,42,100000,100000,286,694,355,343,0.5,0.5027624309392266,0.4896373056994819
0.4,8,8,42,100000,100000,305,635,355,343,0.5,0.506426735218509,0.4896373056994819
0.4,8,9,42,100000,100000,700,258,355,343,0.5,0.5027777777777778,0.4896373056994819
0.4,8,10,42,100000,100000,503,367,355,343,0.5,0.5010060362173038,0.4896373056994819
0.4,8,11,42,100000,100000,292,444,355,343,0.5,0.5054347826086957,0.4896373056994819
0.4,8,12,42,100000,100000,88,634,355,343,0.5,0.4700854700854701,0.4896373056994819
0.4,8,13,42,100000,100000,493,379,355,343,0.5,0.49707602339181284,0.4896373056994819
0.4,8,14,42,100000,100000,317,277,355,343,0.5,0.5105263157894737,0.4896373056994819
0.4,8,15,42,100000,100000,429,215,355,343,0.5,0.4868421052631579,0.4896373056994819
0.4,8,16,42,100000,100000,621,1091,355,343,0.5,0.4891826923076923,0.4896373056994819
0.4,8,17,42,100000,100000,672,143,355,343,0.5,0.49238578680203043,0.4896373056994819
0.4,8,18,42,100000,100000,139,276,355,343,0.5,0.4835164835164835,0.4896373056994819
0.4,8,19,42,100000,100000,247,576,355,343,0.5,0.49050632911392406,0.4896373056994819
0.4,8,20,42,100000,100000,413,253,355,343,0.5,0.5014164305949008,0.4896373056994819
0.4,8,21,42,100000,100000,56,123,355,343,0.5,0.4473684210526316,0.4896373056994819
0.4,8,22,42,100000,100000,266,132,355,343,0.5,0.48633879781420764,0.4896373056994819
0.4,8,23,42,100000,100000,479,373,355,343,0.5,0.499009900990099,0.4896373056994819
0.4,8,24,42,100000,100000,88,218,355,343,0.5,0.4700854700854701,0.4896373056994819
0.4,8,25,42,100000,100000,138,367,355,343,0.5,0.4860335195530726,0.4896373056994819
0.4,8,26,42,100000,100000,615,406,355,343,0.5,0.5045703839122486,0.4896373056994819
0.4,8,27,42,100000,100000,332,453,355,343,0.5,0.5130641330166271,0.4896373056994819
0.4,8,28,42,100000,100000,218,70,355,343,0.5,0.4444444444444444,0.4896373056994819
0.4,8,29,42,100000,100000,324,250,355,343,0.5,0.5043227665706052,0.4896373056994819
0.4,8,30,42,100000,100000,658,187,355,343,0.5,0.5019157088122606,0.4896373056994819
0.4,8,31,42,100000,100000,454,165,355,343,0.5,0.4890829694323144,0.4896373056994819
0.4,8,32,42,100000,100000,22,177,355,343,0.5,0.42857142857142855,0.4896373056994819
0.4,8,33,42,100000,100000,319,459,355,343,0.5,0.5136476426799007,0.4896373056994819
0.4,8,34,42,100000,100000,354,673,355,343,0.5,0.513215859030837,0.4896373056994819
0.4,8,35,42,100000,100000,307,807,355,343,0.5,0.5076530612244898,0.4896373056994819
0.4,8,36,42,100000,100000,24,194,355,343,0.5,0.42857142857142855,0.4896373056994819
0.4,8,37,42,100000,100000,588,84,355,343,0.5,0.4700854700854701,0.4896373056994819
0.4,8,38,42,100000,100000,580,185,355,343,0.5,0.4980694980694981,0.4896373056994819
0.4,8,39,42,100000,100000,414,553,355,343,0.5,0.503690036900369,0.4896373056994819
0.4,8,40,42,100000,100000,450,71,355,343,0.5,0.45,0.4896373056994819
0.4,8,41,42,100000,100000,526,233,355,343,0.5,0.49240121580547114,0.4896373056994819
0.4,8,42,42,100000,100000,831,611,355,343,0.5,0.4865853658536585,0.4896373056994819
0.4,8,43,42,100000,100000,115,96,355,343,0.5,0.4740740740740741,0.4896373056994819
0.4,8,44,42,100000,100000,1059,113,355,343,0.5,0.5,0.4896373056994819
0.4,8,45,42,100000,100000,218,179,355,343,0.5,0.5,0.4896373056994819
0.4,8,46,42,100000,100000,112,218,355,343,0.5,0.5,0.4896373056994819
0.4,8,47,42,100000,100000,144,522,355,343,0.5,0.48128342245989303,0.4896373056994819
0.4,8,48,42,100000,100000,302,965,355,343,0.5,0.5064935064935064,0.4896373056994819
0.4,8,49,42,100000,100000,578,351,355,343,0.5,0.5063025210084033,0.4896373056994819
0.4,8,50,42,100000,100000,351,306,355,343,0.5,0.5130641330166271,0.4896373056994819
0.4,8,51,42,100000,100000,469,350,355,343,0.5,0.507399577167019,0.4896373056994819
0.4,8,52,42,100000,100000,707,71,355,343,0.5,0.45,0.4896373056994819
0.4,8,53,42,100000,100000,470,664,355,343,0.5,0.4983922829581994,0.4896373056994819
0.4,8,54,42,100000,100000,396,566,355,343,0.5,0.5,0.4896373056994819
0.4,8,55,42,100000,100000,167,85,355,343,0.5,0.4745762711864407,0.4896373056994819
0.4,8,56,42,100000,100000,413,187,355,343,0.5,0.5019157088122606,0.4896373056994819
0.4,8,57,42,100000,100000,50,172,355,343,0.5,0.44285714285714284,0.4896373056994819
0.4,8,58,42,100000,100000,157,677,355,343,0.5,0.4975124378109453,0.4896373056994819
0.4,8,59,42,100000,100000,429,509,355,343,0.5,0.501779359430605,0.4896373056994819
0.4,8,60,42,100000,100000,80,130,355,343,0.5,0.4672897196261682,0.4896373056994819
0.4,8,61,42,100000,100000,159,444,355,343,0.5,0.49514563106796117,0.4896373056994819
0.4,8,62,42,100000,100000,493,802,355,343,0.5,0.49617151607963245,0.4896373056994819
0.4,8,63,42,100000,100000,368,76,355,343,0.5,0.46226415094339623,0.4896373056994819
0.4,8,64,42,100000,100000,23,743,355,343,0.5,0.42857142857142855,0.4896373056994819
0.4,8,65,42,100000,100000,463,573,355,343,0.5,0.496742671009772,0.4896373056994819
0.4,8,66,42,100000,100000,406,1161,355,343,0.5,0.5,0.4896373056994819
0.4,8,67,42,100000,100000,321,213,355,343,0.5,0.49158249158249157,0.4896373056994819
0.4,8,68,42,100000,100000,126,307,355,343,0.5,0.5,0.4896373056994819
0.4,8,69,42,100000,100000,126,252,355,343,0.5,0.5,0.4896373056994819
0.4,8,70,42,100000,100000,783,479,355,343,0.5,0.49228395061728397,0.4896373056994819
0.4,8,71,42,100000,100000,573,508,355,343,0.5,0.5,0.4896373056994819
0.4,8,72,42,100000,100000,138,1065,355,343,0.5,0.4860335195530726,0.4896373056994819
0.4,8,73,42,100000,100000,718,189,355,343,0.5,0.5038167938931297,0.4896373056994819
0.4,8,74,42,100000,100000,402,524,355,343,0.5,0.4981060606060606,0.4896373056994819
0.4,8,75,42,100000,100000,345,302,355,343,0.5,0.5108433734939759,0.4896373056994819
0.4,8,76,42,100000,100000,91,942,355,343,0.5,0.47107438016528924,0.4896373056994819
0.4,8,77,42,100000,100000,215,672,355,343,0.5,0.48375451263537905,0.4896373056994819
0.4,8,78,42,100000,100000,279,613,355,343,0.5,0.504225352112676,0.4896373056994819
0.4,8,79,42,100000,100000,115,188,355,343,0.5,0.49333333333333335,0.4896373056994819
0.4,8,80,42,100000,100000,439,105,355,343,0.5,0.4930555555555556,0.4896373056994819
0.4,8,81,42,100000,100000,121,468,355,343,0.5,0.5,0.4896373056994819
0.4,8,82,42,100000,100000,83,58,355,343,0.5,0.45,0.4896373056994819
0.4,8,83,42,100000,100000,221,202,355,343,0.5,0.4823943661971831,0.4896373056994819
0.4,8,84,42,100000,100000,430,459,355,343,0.5,0.5026642984014209,0.4896373056994819
0.4,8,85,42,100000,100000,679,503,355,343,0.5,0.49925925925925924,0.4896373056994819
0.4,8,86,42,100000,100000,603,409,355,343,0.5,0.5045372050816697,0.4896373056994819
0.4,8,87,42,100000,100000,560,25,355,343,0.5,0.3611111111111111,0.4896373056994819
0.4,8,88,42,100000,100000,1232,517,355,343,0.5,0.49570200573065903,0.4896373056994819
0.4,8,89,42,100000,100000,606,84,355,343,0.5,0.4700854700854701,0.4896373056994819
0.4,8,90,42,100000,100000,361,262,355,343,0.5,0.505464480874317,0.4896373056994819
0.4,8,91,42,100000,100000,63,392,355,343,0.5,0.4642857142857143,0.4896373056994819
0.4,8,92,42,100000,100000,559,558,355,343,0.5,0.49064171122994654,0.4896373056994819
0.4,8,93,42,100000,100000,1216,339,355,343,0.5,0.5097613882863341,0.4896373056994819
0.4,8,94,42,100000,100000,205,243,355,343,0.5,0.5019157088122606,0.4896373056994819
0.4,8,95,42,100000,100000,203,549,355,343,0.5,0.4980694980694981,0.4896373056994819
0.4,8,96,42,100000,100000,522,157,355,343,0.5,0.48847926267281105,0.4896373056994819
0.4,8,97,42,100000,100000,212,197,355,343,0.5,0.49812734082397003,0.4896373056994819
0.4,8,98,42,100000,100000,870,758,355,343,0.5,0.49701195219123506,0.4896373056994819
0.4,8,99,42,100000,100000,473,375,355,343,0.5,0.5,0.4896373056994819
0.4,9,0,42,100000,100000,30,540,368,368,0.5,0.4,0.4900990099009901
0.4,9,1,42,100000,100000,407,493,368,368,0.5,0.48736462093862815,0.4900990099009901
0.4,9,2,42,100000,100000,373,937,368,368,0.5,0.4862204724409449,0.4900990099009901
0.4,9,3,42,100000,100000,217,231,368,368,0.5,0.4778156996587031,0.4900990099009901
0.4,9,4,42,100000,100000,288,626,368,368,0.5,0.47738693467336685,0.4900990099009901
0.4,9,5,42,100000,100000,61,268,368,368,0.5,0.4157303370786517,0.4900990099009901
0.4,9,6,42,100000,100000,666,113,368,368,0.5,0.44516129032258067,0.4900990099009901
0.4,9,7,42,100000,100000,30,318,368,368,0.5,0.4,0.4900990099009901
0.4,9,8,42,100000,100000,731,117,368,368,0.5,0.45625,0.4900990099009901
0.4,9,9,42,100000,100000,26,878,368,368,0.5,0.4827586206896552,0.4900990099009901
0.4,9,10,42,100000,100000,125,933,368,368,0.5,0.45614035087719296,0.4900990099009901
0.4,9,11,42,100000,100000,1092,587,368,368,0.5,0.4793491864831039,0.4900990099009901
0.4,9,12,42,100000,100000,742,249,368,368,0.5,0.48348348348348347,0.4900990099009901
0.4,9,13,42,100000,100000,388,193,368,368,0.5,0.4980694980694981,0.4900990099009901
0.4,9,14,42,100000,100000,433,307,368,368,0.5,0.48148148148148145,0.4900990099009901
0.4,9,15,42,100000,100000,145,400,368,368,0.5,0.4846938775510204,0.4900990099009901
0.4,9,16,42,100000,100000,302,708,368,368,0.5,0.4819277108433735,0.4900990099009901
0.4,9,17,42,100000,100000,76,400,368,368,0.5,0.4351851851851852,0.4900990099009901
0.4,9,18,42,100000,100000,155,165,368,368,0.5,0.4881516587677725,0.4900990099009901
0.4,9,19,42,100000,100000,242,156,368,368,0.5,0.4807692307692308,0.4900990099009901
0.4,9,20,42,100000,100000,489,191,368,368,0.5,0.5,0.4900990099009901
0.4,9,21,42,100000,100000,484,322,368,368,0.5,0.4880952380952381,0.4900990099009901
0.4,9,22,42,100000,100000,287,202,368,368,0.5,0.4944649446494465,0.4900990099009901
0.4,9,23,42,100000,100000,593,539,368,368,0.5,0.48153214774281805,0.4900990099009901
0.4,9,24,42,100000,100000,225,498,368,368,0.5,0.4723127035830619,0.4900990099009901
0.4,9,25,42,100000,100000,109,1020,368,368,0.5,0.44966442953020136,0.4900990099009901
0.4,9,26,42,100000,100000,690,370,368,368,0.5,0.48367346938775513,0.4900990099009901
0.4,9,27,42,100000,100000,171,651,368,368,0.5,0.4956521739130435,0.4900990099009901
0.4,9,28,42,100000,100000,107,161,368,368,0.5,0.44966442953020136,0.4900990099009901
0.4,9,29,42,100000,100000,261,524,368,368,0.5,0.47107438016528924,0.4900990099009901
0.4,9,30,42,100000,100000,649,748,368,368,0.5,0.48228571428571426,0.4900990099009901
0.4,9,31,42,100000,100000,508,201,368,368,0.5,0.4944649446494465,0.4900990099009901
0.4,9,32,42,100000,100000,238,437,368,368,0.5,0.4785276073619632,0.4900990099009901
0.4,9,33,42,100000,100000,521,325,368,368,0.5,0.4880952380952381,0.4900990099009901
0.4,9,34,42,100000,100000,309,41,368,368,0.5,0.3898305084745763,0.4900990099009901
0.4,9,35,42,100000,100000,325,356,368,368,0.5,0.48,0.4900990099009901
0.4,9,36,42,100000,100000,180,499,368,368,0.5,0.5,0.4900990099009901
0.4,9,37,42,100000,100000,408,845,368,368,0.5,0.48736462093862815,0.4900990099009901
0.4,9,38,42,100000,100000,138,79,368,368,0.5,0.4351851851851852,0.4900990099009901
0.4,9,39,42,100000,100000,225,777,368,368,0.5,0.4723127035830619,0.4900990099009901
0.4,9,40,42,100000,100000,406,677,368,368,0.5,0.48736462093862815,0.4900990099009901
0.4,9,41,42,100000,100000,293,1170,368,368,0.5,0.48148148148148145,0.4900990099009901
0.4,9,42,42,100000,100000,410,399,368,368,0.5,0.4830188679245283,0.4900990099009901
0.4,9,43,42,100000,100000,142,105,368,368,0.5,0.4413793103448276,0.4900990099009901
0.4,9,44,42,100000,100000,109,327,368,368,0.5,0.44966442953020136,0.4900990099009901
0.4,9,45,42,100000,100000,153,152,368,368,0.5,0.4801980198019802,0.4900990099009901
0.4,9,46,42,100000,100000,212,639,368,368,0.5,0.4842105263157895,0.4900990099009901
0.4,9,47,42,100000,100000,839,384,368,368,0.5,0.48532289628180036,0.4900990099009901
0.4,9,48,42,100000,100000,275,375,368,368,0.5,0.47368421052631576,0.4900990099009901
0.4,9,49,42,100000,100000,340,658,368,368,0.5,0.47974413646055436,0.4900990099009901
0.4,9,50,42,100000,100000,484,620,368,368,0.5,0.4824961948249619,0.4900990099009901
0.4,9,51,42,100000,100000,136,667,368,368,0.5,0.47802197802197804,0.4900990099009901
0.4,9,52,42,100000,100000,514,84,368,368,0.5,0.45132743362831856,0.4900990099009901
0.4,9,53,42,100000,100000,60,449,368,368,0.5,0.41379310344827586,0.4900990099009901
0.4,9,54,42,100000,100000,457,335,368,368,0.5,0.4840182648401826,0.4900990099009901
0.4,9,55,42,100000,100000,445,619,368,368,0.5,0.47783251231527096,0.4900990099009901
0.4,9,56,42,100000,100000,389,73,368,368,0.5,0.43434343434343436,0.4900990099009901
0.4,9,57,42,100000,100000,36,394,368,368,0.5,0.40816326530612246,0.4900990099009901
0.4,9,58,42,100000,100000,19,586,368,368,0.5,0.6111111111111112,0.4900990099009901
0.4,9,59,42,100000,100000,860,69,368,368,0.5,0.44086021505376344,0.4900990099009901
0.4,9,60,42,100000,100000,503,195,368,368,0.5,0.49429657794676807,0.4900990099009901
0.4,9,61,42,100000,100000,264,124,368,368,0.5,0.45614035087719296,0.4900990099009901
0.4,9,62,42,100000,100000,598,241,368,368,0.5,0.47678018575851394,0.4900990099009901
0.4,9,63,42,100000,100000,187,288,368,368,0.5,0.5,0.4900990099009901
0.4,9,64,42,100000,100000,438,227,368,368,0.5,0.4723127035830619,0.4900990099009901
0.4,9,65,42,100000,100000,151,210,368,368,0.5,0.48058252427184467,0.4900990099009901
0.4,9,66,42,100000,100000,512,290,368,368,0.5,0.47668393782383417,0.4900990099009901
0.4,9,67,42,100000,100000,477,47,368,368,0.5,0.4,0.4900990099009901
0.4,9,68,42,100000,100000,866,368,368,368,0.5,0.48760330578512395,0.4900990099009901
0.4,9,69,42,100000,100000,671,814,368,368,0.5,0.4807480748074808,0.4900990099009901
0.4,9,70,42,100000,100000,383,506,368,368,0.5,0.4826923076923077,0.4900990099009901
0.4,9,71,42,100000,100000,325,103,368,368,0.5,0.44285714285714284,0.4900990099009901
0.4,9,72,42,100000,100000,226,405,368,368,0.5,0.4694533762057878,0.4900990099009901
0.4,9,73,42,100000,100000,543,328,368,368,0.5,0.48372093023255813,0.4900990099009901
0.4,9,74,42,100000,100000,190,720,368,368,0.5,0.50199203187251,0.4900990099009901
0.4,9,75,42,100000,100000,476,288,368,368,0.5,0.4765625,0.4900990099009901
0.4,9,76,42,100000,100000,333,777,368,368,0.5,0.4805194805194805,0.4900990099009901
0.4,9,77,42,100000,100000,193,35,368,368,0.5,0.40816326530612246,0.4900990099009901
0.4,9,78,42,100000,100000,494,27,368,368,0.5,0.4,0.4900990099009901
0.4,9,79,42,100000,100000,666,693,368,368,0.5,0.4821826280623608,0.4900990099009901
0.4,9,80,42,100000,100000,404,52,368,368,0.5,0.4225352112676056,0.4900990099009901
0.4,9,81,42,100000,100000,350,173,368,368,0.5,0.4956521739130435,0.4900990099009901
0.4,9,82,42,100000,100000,234,887,368,368,0.5,0.4735202492211838,0.4900990099009901
0.4,9,83,42,100000,100000,7,709,368,368,0.5,0.5714285714285714,0.4900990099009901
0.4,9,84,42,100000,100000,173,27,368,368,0.5,0.4,0.4900990099009901
0.4,9,85,42,100000,100000,253,257,368,368,0.5,0.478134110787172,0.4900990099009901
0.4,9,86,42,100000,100000,121,376,368,368,0.5,0.4634146341463415,0.4900990099009901
0.4,9,87,42,100000,100000,358,212,368,368,0.5,0.4842105263157895,0.4900990099009901
0.4,9,88,42,100000,100000,651,428,368,368,0.5,0.48336252189141854,0.4900990099009901
0.4,9,89,42,100000,100000,1134,344,368,368,0.5,0.47902869757174393,0.4900990099009901
0.4,9,90,42,100000,100000,243,583,368,368,0.5,0.48036253776435045,0.4900990099009901
0.4,9,91,42,100000,100000,751,246,368,368,0.5,0.47878787878787876,0.4900990099009901
0.4,9,92,42,100000,100000,618,115,368,368,0.5,0.45222929936305734,0.4900990099009901
0.4,9,93,42,100000,100000,669,482,368,368,0.5,0.4813664596273292,0.4900990099009901
0.4,9,94,42,100000,100000,183,392,368,368,0.5,0.5040983606557377,0.4900990099009901
0.4,9,95,42,100000,100000,399,713,368,368,0.5,0.4844606946983547,0.4900990099009901
0.4,9,96,42,100000,100000,138,419,368,368,0.5,0.47058823529411764,0.4900990099009901
0.4,9,97,42,100000,100000,576,267,368,368,0.5,0.47875354107648727,0.4900990099009901
0.4,9,98,42,100000,100000,571,479,368,368,0.5,0.4789391575663027,0.4900990099009901
0.4,9,99,42,100000,100000,432,273,368,368,0.5,0.47107438016528924,0.4900990099009901
0.4,10,0,42,100000,100000,860,292,362,348,0.5,0.49877750611246946,0.5037593984962406
0.4,10,1,42,100000,100000,491,106,362,348,0.5,0.477124183006536,0.5037593984962406
0.4,10,2,42,100000,100000,773,652,362,348,0.5,0.5028636884306987,0.5037593984962406
0.4,10,3,42,100000,100000,739,534,362,348,0.5,0.5126404494382022,0.5037593984962406
0.4,10,4,42,100000,100000,353,523,362,348,0.5,0.5044052863436124,0.5037593984962406
0.4,10,5,42,100000,100000,333,312,362,348,0.5,0.5023584905660378,0.5037593984962406
0.4,10,6,42,100000,100000,71,401,362,348,0.5,0.44565217391304346,0.5037593984962406
0.4,10,7,42,100000,100000,317,443,362,348,0.5,0.5,0.5037593984962406
0.4,10,8,42,100000,100000,215,416,362,348,0.5,0.5054545454545455,0.5037593984962406
0.4,10,9,42,100000,100000,481,554,362,348,0.5,0.49921011058451814,0.5037593984962406
0.4,10,10,42,100000,100000,606,615,362,348,0.5,0.5182849936948297,0.5037593984962406
0.4,10,11,42,100000,100000,188,85,362,348,0.5,0.4523809523809524,0.5037593984962406
0.4,10,12,42,100000,100000,496,260,362,348,0.5,0.49722222222222223,0.5037593984962406
0.4,10,13,42,100000,100000,518,272,362,348,0.5,0.4921875,0.5037593984962406
0.4,10,14,42,100000,100000,581,962,362,348,0.5,0.5137614678899083,0.5037593984962406
0.4,10,15,42,100000,100000,612,257,362,348,0.5,0.4957983193277311,0.5037593984962406
0.4,10,16,42,100000,100000,340,443,362,348,0.5,0.5057471264367817,0.5037593984962406
0.4,10,17,42,100000,100000,39,1061,362,348,0.5,0.5306122448979592,0.5037593984962406
0.4,10,18,42,100000,100000,238,110,362,348,0.5,0.47468354430379744,0.5037593984962406
0.4,10,19,42,100000,100000,606,253,362,348,0.5,0.4928774928774929,0.5037593984962406
0.4,10,20,42,100000,100000,204,191,362,348,0.5,0.5096525096525096,0.5037593984962406
0.4,10,21,42,100000,100000,469,188,362,348,0.5,0.5058365758754864,0.5037593984962406
0.4,10,22,42,100000,100000,167,262,362,348,0.5,0.49065420560747663,0.5037593984962406
0.4,10,23,42,100000,100000,102,680,362,348,0.5,0.4573643410852713,0.5037593984962406
0.4,10,24,42,100000,100000,198,400,362,348,0.5,0.5058823529411764,0.5037593984962406
0.4,10,25,42,100000,100000,352,734,362,348,0.5,0.5033112582781457,0.5037593984962406
0.4,10,26,42,100000,100000,197,385,362,348,0.5,0.5039370078740157,0.5037593984962406
0.4,10,27,42,100000,100000,402,344,362,348,0.5,0.5074309978768577,0.5037593984962406
0.4,10,28,42,100000,100000,181,1270,362,348,0.5,0.5,0.5037593984962406
0.4,10,29,42,100000,100000,366,488,362,348,0.5,0.5074309978768577,0.5037593984962406
0.4,10,30,42,100000,100000,384,277,362,348,0.5,0.4897435897435897,0.5037593984962406
0.4,10,31,42,100000,100000,119,477,362,348,0.5,0.47368421052631576,0.5037593984962406
0.4,10,32,42,100000,100000,603,646,362,348,0.5,0.5170670037926675,0.5037593984962406
0.4,10,33,42,100000,100000,573,314,362,348,0.5,0.5057736720554272,0.5037593984962406
0.4,10,34,42,100000,100000,37,107,362,348,0.5,0.5106382978723404,0.5037593984962406
0.4,10,35,42,100000,100000,510,327,362,348,0.5,0.5067264573991032,0.5037593984962406
0.4,10,36,42,100000,100000,122,224,362,348,0.5,0.4713375796178344,0.5037593984962406
0.4,10,37,42,100000,100000,191,380,362,348,0.5,0.4979757085020243,0.5037593984962406
0.4,10,38,42,100000,100000,173,85,362,348,0.5,0.4523809523809524,0.5037593984962406
0.4,10,39,42,100000,100000,251,598,362,348,0.5,0.4923547400611621,0.5037593984962406
0.4,10,40,42,100000,100000,241,408,362,348,0.5,0.49201277955271566,0.5037593984962406
0.4,10,41,42,100000,100000,110,408,362,348,0.5,0.47101449275362317,0.5037593984962406
0.4,10,42,42,100000,100000,394,662,362,348,0.5,0.5069582504970179,0.5037593984962406
0.4,10,43,42,100000,100000,18,211,362,348,0.5,0.5454545454545454,0.5037593984962406
0.4,10,44,42,100000,100000,824,28,362,348,0.5,0.5128205128205128,0.5037593984962406
0.4,10,45,42,100000,100000,339,439,362,348,0.5,0.5057736720554272,0.5037593984962406
0.4,10,46,42,100000,100000,707,473,362,348,0.5,0.5015673981191222,0.5037593984962406
0.4,10,47,42,100000,100000,264,67,362,348,0.5,0.4639175257731959,0.5037593984962406
0.4,10,48,42,100000,100000,435,368,362,348,0.5,0.5069582504970179,0.5037593984962406
0.4,10,49,42,100000,100000,503,264,362,348,0.5,0.4905149051490515,0.5037593984962406
0.4,10,50,42,100000,100000,369,675,362,348,0.5,0.502092050209205,0.5037593984962406
0.4,10,51,42,100000,100000,84,255,362,348,0.5,0.48148148148148145,0.5037593984962406
0.4,10,52,42,100000,100000,344,562,362,348,0.5,0.5079726651480638,0.5037593984962406
0.4,10,53,42,100000,100000,106,544,362,348,0.5,0.45925925925925926,0.5037593984962406
0.4,10,54,42,100000,100000,244,204,362,348,0.5,0.501779359430605,0.5037593984962406
0.4,10,55,42,100000,100000,457,255,362,348,0.5,0.49575070821529743,0.5037593984962406
0.4,10,56,42,100000,100000,340,501,362,348,0.5,0.5057471264367817,0.5037593984962406
0.4,10,57,42,100000,100000,558,205,362,348,0.5,0.5035460992907801,0.5037593984962406
0.4,10,58,42,100000,100000,248,778,362,348,0.5,0.4953271028037383,0.5037593984962406
0.4,10,59,42,100000,100000,319,589,362,348,0.5,0.4963144963144963,0.5037593984962406
0.4,10,60,42,100000,100000,418,29,362,348,0.5,0.5128205128205128,0.5037593984962406
0.4,10,61,42,100000,100000,226,636,362,348,0.5,0.5,0.5037593984962406
0.4,10,62,42,100000,100000,423,785,362,348,0.5,0.5,0.5037593984962406
0.4,10,63,42,100000,100000,605,494,362,348,0.5,0.5067873303167421,0.5037593984962406
0.4,10,64,42,100000,100000,388,254,362,348,0.5,0.4943181818181818,0.5037593984962406
0.4,10,65,42,100000,100000,319,242,362,348,0.5,0.48656716417910445,0.5037593984962406
0.4,10,66,42,100000,100000,177,266,362,348,0.5,0.4977973568281938,0.5037593984962406
0.4,10,67,42,100000,100000,317,52,362,348,0.5,0.4533333333333333,0.5037593984962406
0.4,10,68,42,100000,100000,622,161,362,348,0.5,0.49333333333333335,0.5037593984962406
0.4,10,69,42,100000,100000,159,390,362,348,0.5,0.4975124378109453,0.5037593984962406
0.4,10,70,42,100000,100000,555,602,362,348,0.5,0.5102880658436214,0.5037593984962406
0.4,10,71,42,100000,100000,276,780,362,348,0.5,0.4943820224719101,0.5037593984962406
0.4,10,72,42,100000,100000,438,570,362,348,0.5,0.5,0.5037593984962406
0.4,10,73,42,100000,100000,749,448,362,348,0.5,0.49508196721311476,0.5037593984962406
0.4,10,74,42,100000,100000,441,803,362,348,0.5,0.49912739965095987,0.5037593984962406
0.4,10,75,42,100000,100000,507,98,362,348,0.5,0.4647887323943662,0.5037593984962406
0.4,10,76,42,100000,100000,1018,74,362,348,0.5,0.4716981132075472,0.5037593984962406
0.4,10,77,42,100000,100000,452,181,362,348,0.5,0.5020080321285141,0.5037593984962406
0.4,10,78,42,100000,100000,199,398,362,348,0.5,0.5058365758754864,0.5037593984962406
0.4,10,79,42,100000,100000,420,380,362,348,0.5,0.497131931166348,0.5037593984962406
0.4,10,80,42,100000,100000,96,275,362,348,0.5,0.45528455284552843,0.5037593984962406
0.4,10,81,42,100000,100000,327,524,362,348,0.5,0.5024038461538461,0.5037593984962406
0.4,10,82,42,100000,100000,339,418,362,348,0.5,0.5057736720554272,0.5037593984962406
0.4,10,83,42,100000,100000,784,67,362,348,0.5,0.4639175257731959,0.5037593984962406
0.4,10,84,42,100000,100000,640,562,362,348,0.5,0.516042780748663,0.5037593984962406
0.4,10,85,42,100000,100000,280,290,362,348,0.5,0.49722222222222223,0.5037593984962406
0.4,10,86,42,100000,100000,160,658,362,348,0.5,0.4975369458128079,0.5037593984962406
0.4,10,87,42,100000,100000,384,494,362,348,0.5,0.503030303030303,0.5037593984962406
0.4,10,88,42,100000,100000,252,609,362,348,0.5,0.4923547400611621,0.5037593984962406
0.4,10,89,42,100000,100000,5,546,362,348,0.5,0.5,0.5037593984962406
0.4,10,90,42,100000,100000,313,570,362,348,0.5,0.49624060150375937,0.5037593984962406
0.4,10,91,42,100000,100000,294,756,362,348,0.5,0.4907161803713528,0.5037593984962406
0.4,10,92,42,100000,100000,765,418,362,348,0.5,0.49912739965095987,0.5037593984962406
0.4,10,93,42,100000,100000,554,100,362,348,0.5,0.4689655172413793,0.5037593984962406
0.4,10,94,42,100000,100000,324,162,362,348,0.5,0.49557522123893805,0.5037593984962406
0.4,10,95,42,100000,100000,98,233,362,348,0.5,0.4523809523809524,0.5037593984962406
0.4,10,96,42,100000,100000,24,920,362,348,0.5,0.5555555555555556,0.5037593984962406
0.4,10,97,42,100000,100000,268,310,362,348,0.5,0.49137931034482757,0.5037593984962406
0.4,10,98,42,100000,100000,252,146,362,348,0.5,0.5024390243902439,0.5037593984962406
0.4,10,99,42,100000,100000,250,367,362,348,0.5,0.49382716049382713,0.5037593984962406
0.4,11,0,42,100000,100000,39,272,379,363,0.5,0.5116279069767442,0.515970515970516
0.4,11,1,42,100000,100000,427,368,379,363,0.5,0.4950884086444008,0.515970515970516
0.4,11,2,42,100000,100000,316,250,379,363,0.5,0.4692737430167598,0.515970515970516
0.4,11,3,42,100000,100000,425,822,379,363,0.5,0.4981751824817518,0.515970515970516
0.4,11,4,42,100000,100000,22,490,379,363,0.5,0.52,0.515970515970516
0.4,11,5,42,100000,100000,146,633,379,363,0.5,0.4648648648648649,0.515970515970516
0.4,11,6,42,100000,100000,685,70,379,363,0.5,0.47115384615384615,0.515970515970516
0.4,11,7,42,100000,100000,696,638,379,363,0.5,0.5046511627906977,0.515970515970516
0.4,11,8,42,100000,100000,352,304,379,363,0.5,0.48470588235294115,0.515970515970516
0.4,11,9,42,100000,100000,745,99,379,363,0.5,0.4228187919463087,0.515970515970516
0.4,11,10,42,100000,100000,43,395,379,363,0.5,0.5217391304347826,0.515970515970516
0.4,11,11,42,100000,100000,976,274,379,363,0.5,0.4806201550387597,0.515970515970516
0.4,11,12,42,100000,100000,47,463,379,363,0.5,0.4716981132075472,0.515970515970516
0.4,11,13,42,100000,100000,159,118,379,363,0.5,0.4425287356321839,0.515970515970516
0.4,11,14,42,100000,100000,126,346,379,363,0.5,0.4397590361445783,0.515970515970516
0.4,11,15,42,100000,100000,656,227,379,363,0.5,0.4751552795031056,0.515970515970516
0.4,11,16,42,100000,100000,16,396,379,363,0.5,0.47368421052631576,0.515970515970516
0.4,11,17,42,100000,100000,255,664,379,363,0.5,0.4759036144578313,0.515970515970516
0.4,11,18,42,100000,100000,148,265,379,363,0.5,0.4631578947368421,0.515970515970516
0.4,11,19,42,100000,100000,948,865,379,363,0.5,0.5047454702329595,0.515970515970516
0.4,11,20,42,100000,100000,219,91,379,363,0.5,0.4461538461538462,0.515970515970516
0.4,11,21,42,100000,100000,145,169,379,363,0.5,0.4648648648648649,0.515970515970516
0.4,11,22,42,100000,100000,609,547,379,363,0.5,0.4939434724091521,0.515970515970516
0.4,11,23,42,100000,100000,167,787,379,363,0.5,0.47368421052631576,0.515970515970516
0.4,11,24,42,100000,100000,498,382,379,363,0.5,0.4952741020793951,0.515970515970516
0.4,11,25,42,100000,100000,205,269,379,363,0.5,0.49224806201550386,0.515970515970516
0.4,11,26,42,100000,100000,158,728,379,363,0.5,0.467005076142132,0.515970515970516
0.4,11,27,42,100000,100000,221,727,379,363,0.5,0.4928571428571429,0.515970515970516
0.4,11,28,42,100000,100000,295,392,379,363,0.5,0.4751958224543081,0.515970515970516
0.4,11,29,42,100000,100000,18,534,379,363,0.5,0.47619047619047616,0.515970515970516
0.4,11,30,42,100000,100000,575,572,379,363,0.5,0.4947089947089947,0.515970515970516
0.4,11,31,42,100000,100000,315,168,379,363,0.5,0.49583333333333335,0.515970515970516
0.4,11,32,42,100000,100000,134,339,379,363,0.5,0.4425287356321839,0.515970515970516
0.4,11,33,42,100000,100000,476,1005,379,363,0.5,0.488,0.515970515970516
0.4,11,34,42,100000,100000,189,257,379,363,0.5,0.48945147679324896,0.515970515970516
0.4,11,35,42,100000,100000,285,280,379,363,0.5,0.47411444141689374,0.515970515970516
0.4,11,36,42,100000,100000,299,633,379,363,0.5,0.4806201550387597,0.515970515970516
0.4,11,37,42,100000,100000,719,56,379,363,0.5,0.47619047619047616,0.515970515970516
0.4,11,38,42,100000,100000,801,158,379,363,0.5,0.48034934497816595,0.515970515970516
0.4,11,39,42,100000,100000,658,640,379,363,0.5,0.5046511627906977,0.515970515970516
0.4,11,40,42,100000,100000,315,448,379,363,0.5,0.4852941176470588,0.515970515970516
0.4,11,41,42,100000,100000,342,210,379,363,0.5,0.47635135135135137,0.515970515970516
0.4,11,42,42,100000,100000,311,332,379,363,0.5,0.48258706467661694,0.515970515970516
0.4,11,43,42,100000,100000,156,120,379,363,0.5,0.4438202247191011,0.515970515970516
0.4,11,44,42,100000,100000,420,721,379,363,0.5,0.4981549815498155,0.515970515970516
0.4,11,45,42,100000,100000,4,591,379,363,0.5,0.6,0.515970515970516
0.4,11,46,42,100000,100000,95,300,379,363,0.5,0.46153846153846156,0.515970515970516
0.4,11,47,42,100000,100000,684,167,379,363,0.5,0.49583333333333335,0.515970515970516
0.4,11,48,42,100000,100000,251,249,379,363,0.5,0.47678018575851394,0.515970515970516
0.4,11,49,42,100000,100000,551,374,379,363,0.5,0.49613899613899615,0.515970515970516
0.4,11,50,42,100000,100000,36,199,379,363,0.5,0.5,0.515970515970516
0.4,11,51,42,100000,100000,195,306,379,363,0.5,0.4959349593495935,0.515970515970516
0.4,11,52,42,100000,100000,338,322,379,363,0.5,0.4875283446712018,0.515970515970516
0.4,11,53,42,100000,100000,1075,159,379,363,0.5,0.47844827586206895,0.515970515970516
0.4,11,54,42,100000,100000,373,744,379,363,0.5,0.4927536231884058,0.515970515970516
0.4,11,55,42,100000,100000,158,76,379,363,0.5,0.45689655172413796,0.515970515970516
0.4,11,56,42,100000,100000,441,755,379,363,0.5,0.4956063268892794,0.515970515970516
0.4,11,57,42,100000,100000,541,56,379,363,0.5,0.47619047619047616,0.515970515970516
0.4,11,58,42,100000,100000,107,466,379,363,0.5,0.4461538461538462,0.515970515970516
0.4,11,59,42,100000,100000,241,834,379,363,0.5,0.4696485623003195,0.515970515970516
0.4,11,60,42,100000,100000,585,108,379,363,0.5,0.4339622641509434,0.515970515970516
0.4,11,61,42,100000,100000,766,148,379,363,0.5,0.47465437788018433,0.515970515970516
0.4,11,62,42,100000,100000,270,355,379,363,0.5,0.47398843930635837,0.515970515970516
0.4,11,63,42,100000,100000,364,527,379,363,0.5,0.4894067796610169,0.515970515970516
0.4,11,64,42,100000,100000,505,457,379,363,0.5,0.48807631160572335,0.515970515970516
0.4,11,65,42,100000,100000,99,388,379,363,0.5,0.456,0.515970515970516
0.4,11,66,42,100000,100000,102,84,379,363,0.5,0.456,0.515970515970516
0.4,11,67,42,100000,100000,531,459,379,363,0.5,0.48811410459587956,0.515970515970516
0.4,11,68,42,100000,100000,439,264,379,363,0.5,0.47480106100795755,0.515970515970516
0.4,11,69,42,100000,100000,460,472,379,363,0.5,0.48514851485148514,0.515970515970516
0.4,11,70,42,100000,100000,568,1355,379,363,0.5,0.49463806970509383,0.515970515970516
0.4,11,71,42,100000,100000,467,388,379,363,0.5,0.4962686567164179,0.515970515970516
0.4,11,72,42,100000,100000,737,191,379,363,0.5,0.4925925925925926,0.515970515970516
0.4,11,73,42,100000,100000,48,328,379,363,0.5,0.48148148148148145,0.515970515970516
0.4,11,74,42,100000,100000,41,503,379,363,0.5,0.5111111111111111,0.515970515970516
0.4,11,75,42,100000,100000,116,332,379,363,0.5,0.4276315789473684,0.515970515970516
0.4,11,76,42,100000,100000,374,292,379,363,0.5,0.4853658536585366,0.515970515970516
0.4,11,77,42,100000,100000,149,427,379,363,0.5,0.4631578947368421,0.515970515970516
0.4,11,78,42,100000,100000,158,230,379,363,0.5,0.467005076142132,0.515970515970516
0.4,11,79,42,100000,100000,109,398,379,363,0.5,0.4225352112676056,0.515970515970516
0.4,11,80,42,100000,100000,266,521,379,363,0.5,0.47398843930635837,0.515970515970516
0.4,11,81,42,100000,100000,153,463,379,363,0.5,0.46153846153846156,0.515970515970516
0.4,11,82,42,100000,100000,531,306,379,363,0.5,0.4859154929577465,0.515970515970516
0.4,11,83,42,100000,100000,201,79,379,363,0.5,0.46218487394957986,0.515970515970516
0.4,11,84,42,100000,100000,832,442,379,363,0.5,0.4852459016393443,0.515970515970516
0.4,11,85,42,100000,100000,211,460,379,363,0.5,0.49809885931558934,0.515970515970516
0.4,11,86,42,100000,100000,157,774,379,363,0.5,0.467005076142132,0.515970515970516
0.4,11,87,42,100000,100000,51,263,379,363,0.5,0.4915254237288136,0.515970515970516
0.4,11,88,42,100000,100000,1086,605,379,363,0.5,0.5024449877750611,0.515970515970516
0.4,11,89,42,100000,100000,67,84,379,363,0.5,0.48148148148148145,0.515970515970516
0.4,11,90,42,100000,100000,261,36,379,363,0.5,0.49122807017543857,0.515970515970516
0.4,11,91,42,100000,100000,396,312,379,363,0.5,0.4850574712643678,0.515970515970516
0.4,11,92,42,100000,100000,238,508,379,363,0.5,0.47249190938511326,0.515970515970516
0.4,11,93,42,100000,100000,122,275,379,363,0.5,0.43209876543209874,0.515970515970516
0.4,11,94,42,100000,100000,177,112,379,363,0.5,0.43636363636363634,0.515970515970516
0.4,11,95,42,100000,100000,100,163,379,363,0.5,0.456,0.515970515970516
0.4,11,96,42,100000,100000,780,142,379,363,0.5,0.47368421052631576,0.515970515970516
0.4,11,97,42,100000,100000,372,828,379,363,0.5,0.49272349272349275,0.515970515970516
0.4,11,98,42,100000,100000,362,286,379,363,0.5,0.4838709677419355,0.515970515970516
0.4,11,99,42,100000,100000,216,1334,379,363,0.5,0.4909090909090909,0.515970515970516
0.4,12,0,42,100000,100000,330,336,384,378,0.5,0.5566265060240964,0.5269607843137255
0.4,12,1,42,100000,100000,177,467,384,378,0.5,0.5727272727272728,0.5269607843137255
0.4,12,2,42,100000,100000,407,254,384,378,0.5,0.5696969696969697,0.5269607843137255
0.4,12,3,42,100000,100000,570,687,384,378,0.5,0.5268096514745308,0.5269607843137255
0.4,12,4,42,100000,100000,224,166,384,378,0.5,0.5747663551401869,0.5269607843137255
0.4,12,5,42,100000,100000,87,116,384,378,0.5,0.5961538461538461,0.5269607843137255
0.4,12,6,42,100000,100000,236,197,384,378,0.5,0.5642023346303502,0.5269607843137255
0.4,12,7,42,100000,100000,1260,336,384,378,0.5,0.5510204081632653,0.5269607843137255
0.4,12,8,42,100000,100000,291,102,384,378,0.5,0.5909090909090909,0.5269607843137255
0.4,12,9,42,100000,100000,106,704,384,378,0.5,0.5891472868217055,0.5269607843137255
0.4,12,10,42,100000,100000,511,858,384,378,0.5,0.5268656716417911,0.5269607843137255
0.4,12,11,42,100000,100000,544,611,384,378,0.5,0.5316455696202531,0.5269607843137255
0.4,12,12,42,100000,100000,505,226,384,378,0.5,0.5773195876288659,0.5269607843137255
0.4,12,13,42,100000,100000,193,254,384,378,0.5,0.5537190082644629,0.5269607843137255
0.4,12,14,42,100000,100000,391,721,384,378,0.5,0.5571428571428572,0.5269607843137255
0.4,12,15,42,100000,100000,37,403,384,378,0.5,0.6136363636363636,0.5269607843137255
0.4,12,16,42,100000,100000,605,187,384,378,0.5,0.5609756097560976,0.5269607843137255
0.4,12,17,42,100000,100000,328,179,384,378,0.5,0.5622317596566524,0.5269607843137255
0.4,12,18,42,100000,100000,594,212,384,378,0.5,0.5745454545454546,0.5269607843137255
0.4,12,19,42,100000,100000,477,176,384,378,0.5,0.5707964601769911,0.5269607843137255
0.4,12,20,42,100000,100000,151,231,384,378,0.5,0.5846994535519126,0.5269607843137255
0.4,12,21,42,100000,100000,50,264,384,378,0.5,0.6129032258064516,0.5269607843137255
0.4,12,22,42,100000,100000,845,79,384,378,0.5,0.5922330097087378,0.5269607843137255
0.4,12,23,42,100000,100000,831,323,384,378,0.5,0.5584725536992841,0.5269607843137255
0.4,12,24,42,100000,100000,687,9,384,378,0.5,0.9,0.5269607843137255
0.4,12,25,42,100000,100000,414,284,384,378,0.5,0.5614973262032086,0.5269607843137255
0.4,12,26,42,100000,100000,254,10,384,378,0.5,0.8333333333333334,0.5269607843137255
0.4,12,27,42,100000,100000,398,103,384,378,0.5,0.5939849624060151,0.5269607843137255
0.4,12,28,42,100000,100000,58,80,384,378,0.5,0.5972222222222222,0.5269607843137255
0.4,12,29,42,100000,100000,347,123,384,378,0.5,0.5900621118012422,0.5269607843137255
0.4,12,30,42,100000,100000,39,365,384,378,0.5,0.6086956521739131,0.5269607843137255
0.4,12,31,42,100000,100000,44,324,384,378,0.5,0.6153846153846154,0.5269607843137255
0.4,12,32,42,100000,100000,458,137,384,378,0.5,0.5842696629213483,0.5269607843137255
0.4,12,33,42,100000,100000,395,269,384,378,0.5,0.559322033898305,0.5269607843137255
0.4,12,34,42,100000,100000,126,466,384,378,0.5,0.6,0.5269607843137255
0.4,12,35,42,100000,100000,418,745,384,378,0.5,0.5500945179584121,0.5269607843137255
0.4,12,36,42,100000,100000,295,233,384,378,0.5,0.5780730897009967,0.5269607843137255
0.4,12,37,42,100000,100000,321,64,384,378,0.5,0.5975609756097561,0.5269607843137255
0.4,12,38,42,100000,100000,597,288,384,378,0.5,0.5564304461942258,0.5269607843137255
0.4,12,39,42,100000,100000,189,819,384,378,0.5,0.5635593220338984,0.5269607843137255
0.4,12,40,42,100000,100000,812,352,384,378,0.5,0.5543478260869565,0.5269607843137255
0.4,12,41,42,100000,100000,813,83,384,378,0.5,0.5887850467289719,0.5269607843137255
0.4,12,42,42,100000,100000,139,1208,384,378,0.5,0.5892857142857143,0.5269607843137255
0.4,12,43,42,100000,100000,460,271,384,378,0.5,0.5605633802816902,0.5269607843137255
0.4,12,44,42,100000,100000,502,325,384,378,0.5,0.5539906103286385,0.5269607843137255
0.4,12,45,42,100000,100000,757,686,384,378,0.5,0.5165929203539823,0.5269607843137255
0.4,12,46,42,100000,100000,320,87,384,378,0.5,0.5877192982456141,0.5269607843137255
0.4,12,47,42,100000,100000,970,16,384,378,0.5,0.5909090909090909,0.5269607843137255
0.4,12,48,42,100000,100000,363,519,384,378,0.5,0.5543478260869565,0.5269607843137255
0.4,12,49,42,100000,100000,192,161,384,378,0.5,0.5797101449275363,0.5269607843137255
0.4,12,50,42,100000,100000,80,495,384,378,0.5,0.5816326530612245,0.5269607843137255
0.4,12,51,42,100000,100000,87,331,384,378,0.5,0.5961538461538461,0.5269607843137255
0.4,12,52,42,100000,100000,57,634,384,378,0.5,0.6363636363636364,0.5269607843137255
0.4,12,53,42,100000,100000,186,305,384,378,0.5,0.5622317596566524,0.5269607843137255
0.4,12,54,42,100000,100000,466,336,384,378,0.5,0.5510204081632653,0.5269607843137255
0.4,12,55,42,100000,100000,103,261,384,378,0.5,0.592,0.5269607843137255
0.4,12,56,42,100000,100000,137,288,384,378,0.5,0.5914634146341463,0.5269607843137255
0.4,12,57,42,100000,100000,851,519,384,378,0.5,0.5272459499263623,0.5269607843137255
0.4,12,58,42,100000,100000,342,695,384,378,0.5,0.5542725173210161,0.5269607843137255
0.4,12,59,42,100000,100000,317,275,384,378,0.5,0.5623268698060941,0.5269607843137255
0.4,12,60,42,100000,100000,129,644,384,378,0.5,0.5974025974025974,0.5269607843137255
0.4,12,61,42,100000,100000,104,144,384,378,0.5,0.592,0.5269607843137255
0.4,12,62,42,100000,100000,345,327,384,378,0.5,0.5560747663551402,0.5269607843137255
0.4,12,63,42,100000,100000,176,728,384,378,0.5,0.5727272727272728,0.5269607843137255
0.4,12,64,42,100000,100000,555,53,384,378,0.5,0.6307692307692307,0.5269607843137255
0.4,12,65,42,100000,100000,244,216,384,378,0.5,0.5770609318996416,0.5269607843137255
0.4,12,66,42,100000,100000,1331,1010,384,378,0.5,0.5033607169529499,0.5269607843137255
0.4,12,67,42,100000,100000,243,291,384,378,0.5,0.5780730897009967,0.5269607843137255
0.4,12,68,42,100000,100000,411,160,384,378,0.5,0.5804878048780487,0.5269607843137255
0.4,12,69,42,100000,100000,347,258,384,378,0.5,0.5701492537313433,0.5269607843137255
0.4,12,70,42,100000,100000,383,167,384,378,0.5,0.5747663551401869,0.5269607843137255
0.4,12,71,42,100000,100000,404,547,384,378,0.5,0.5477582846003899,0.5269607843137255
0.4,12,72,42,100000,100000,131,400,384,378,0.5,0.6,0.5269607843137255
0.4,12,73,42,100000,100000,343,435,384,378,0.5,0.5552995391705069,0.5269607843137255
0.4,12,74,42,100000,100000,641,17,384,378,0.5,0.6086956521739131,0.5269607843137255
0.4,12,75,42,100000,100000,196,444,384,378,0.5,0.5591836734693878,0.5269607843137255
0.4,12,76,42,100000,100000,397,566,384,378,0.5,0.5531062124248497,0.5269607843137255
0.4,12,77,42,100000,100000,732,366,384,378,0.5,0.5541666666666667,0.5269607843137255
0.4,12,78,42,100000,100000,234,454,384,378,0.5,0.5773195876288659,0.5269607843137255
0.4,12,79,42,100000,100000,173,563,384,378,0.5,0.5740740740740741,0.5269607843137255
0.4,12,80,42,100000,100000,777,637,384,378,0.5,0.5172413793103449,0.5269607843137255
0.4,12,81,42,100000,100000,131,518,384,378,0.5,0.6,0.5269607843137255
0.4,12,82,42,100000,100000,519,413,384,378,0.5,0.5464684014869888,0.5269607843137255
0.4,12,83,42,100000,100000,154,183,384,378,0.5,0.5882352941176471,0.5269607843137255
0.4,12,84,42,100000,100000,81,178,384,378,0.5,0.5858585858585859,0.5269607843137255
0.4,12,85,42,100000,100000,582,73,384,378,0.5,0.5833333333333334,0.5269607843137255
0.4,12,86,42,100000,100000,573,278,384,378,0.5,0.5643835616438356,0.5269607843137255
0.4,12,87,42,100000,100000,131,230,384,378,0.5,0.6,0.5269607843137255
0.4,12,88,42,100000,100000,652,532,384,378,0.5,0.5316091954022989,0.5269607843137255
0.4,12,89,42,100000,100000,409,702,384,378,0.5,0.5482625482625483,0.5269607843137255
0.4,12,90,42,100000,100000,194,632,384,378,0.5,0.5555555555555556,0.5269607843137255
0.4,12,91,42,100000,100000,704,781,384,378,0.5,0.5155746509129968,0.5269607843137255
0.4,12,92,42,100000,100000,132,114,384,378,0.5,0.6,0.5269607843137255
0.4,12,93,42,100000,100000,78,339,384,378,0.5,0.5789473684210527,0.5269607843137255
0.4,12,94,42,100000,100000,198,273,384,378,0.5,0.5609756097560976,0.5269607843137255
0.4,12,95,42,100000,100000,454,486,384,378,0.5,0.5351629502572899,0.5269607843137255
0.4,12,96,42,100000,100000,301,295,384,378,0.5,0.5614973262032086,0.5269607843137255
0.4,12,97,42,100000,100000,754,502,384,378,0.5,0.5257575757575758,0.5269607843137255
0.4,12,98,42,100000,100000,175,188,384,378,0.5,0.5727272727272728,0.5269607843137255
0.4,12,99,42,100000,100000,162,480,384,378,0.5,0.585,0.5269607843137255
0.4,13,0,42,100000,100000,720,349,371,372,0.5,0.5108225108225108,0.5107913669064749
0.4,13,1,42,100000,100000,510,456,371,372,0.5,0.5233333333333333,0.5107913669064749
0.4,13,2,42,100000,100000,486,337,371,372,0.5,0.5089285714285714,0.5107913669064749
0.4,13,3,42,100000,100000,241,718,371,372,0.5,0.48757763975155277,0.5107913669064749
0.4,13,4,42,100000,100000,385,81,371,372,0.5,0.42727272727272725,0.5107913669064749
0.4,13,5,42,100000,100000,154,344,371,372,0.5,0.4811320754716981,0.5107913669064749
0.4,13,6,42,100000,100000,205,303,371,372,0.5,0.49264705882352944,0.5107913669064749
0.4,13,7,42,100000,100000,335,86,371,372,0.5,0.43103448275862066,0.5107913669064749
0.4,13,8,42,100000,100000,220,402,371,372,0.5,0.48951048951048953,0.5107913669064749
0.4,13,9,42,100000,100000,20,462,371,372,0.5,0.4444444444444444,0.5107913669064749
0.4,13,10,42,100000,100000,177,222,371,372,0.5,0.48535564853556484,0.5107913669064749
0.4,13,11,42,100000,100000,561,75,371,372,0.5,0.4444444444444444,0.5107913669064749
0.4,13,12,42,100000,100000,302,339,371,372,0.5,0.4962962962962963,0.5107913669064749
0.4,13,13,42,100000,100000,521,334,371,372,0.5,0.5056179775280899,0.5107913669064749
0.4,13,14,42,100000,100000,474,47,371,372,0.5,0.4444444444444444,0.5107913669064749
0.4,13,15,42,100000,100000,401,353,371,372,0.5,0.5106837606837606,0.5107913669064749
0.4,13,16,42,100000,100000,365,468,371,372,0.5,0.5166666666666667,0.5107913669064749
0.4,13,17,42,100000,100000,316,565,371,372,0.5,0.5023696682464455,0.5107913669064749
0.4,13,18,42,100000,100000,613,647,371,372,0.5,0.5128205128205128,0.5107913669064749
0.4,13,19,42,100000,100000,428,643,371,372,0.5,0.5186500888099467,0.5107913669064749
0.4,13,20,42,100000,100000,442,547,371,372,0.5,0.5215889464594128,0.5107913669064749
0.4,13,21,42,100000,100000,207,376,371,372,0.5,0.4909090909090909,0.5107913669064749
0.4,13,22,42,100000,100000,539,335,371,372,0.5,0.5067264573991032,0.5107913669064749
0.4,13,23,42,100000,100000,334,430,371,372,0.5,0.5056689342403629,0.5107913669064749
0.4,13,24,42,100000,100000,495,160,371,372,0.5,0.4811320754716981,0.5107913669064749
0.4,13,25,42,100000,100000,433,583,371,372,0.5,0.5211267605633803,0.5107913669064749
0.4,13,26,42,100000,100000,403,251,371,372,0.5,0.4924924924924925,0.5107913669064749
0.4,13,27,42,100000,100000,357,690,371,372,0.5,0.5138004246284501,0.5107913669064749
0.4,13,28,42,100000,100000,1200,341,371,372,0.5,0.5111111111111111,0.5107913669064749
0.4,13,29,42,100000,100000,301,755,371,372,0.5,0.49627791563275436,0.5107913669064749
0.4,13,30,42,100000,100000,398,438,371,372,0.5,0.5122873345935728,0.5107913669064749
0.4,13,31,42,100000,100000,226,311,371,372,0.5,0.48494983277591974,0.5107913669064749
0.4,13,32,42,100000,100000,83,494,371,372,0.5,0.4344262295081967,0.5107913669064749
0.4,13,33,42,100000,100000,59,173,371,372,0.5,0.43373493975903615,0.5107913669064749
0.4,13,34,42,100000,100000,1105,70,371,372,0.5,0.42105263157894735,0.5107913669064749
0.4,13,35,42,100000,100000,225,535,371,372,0.5,0.48484848484848486,0.5107913669064749
0.4,13,36,42,100000,100000,146,1123,371,372,0.5,0.4827586206896552,0.5107913669064749
0.4,13,37,42,100000,100000,340,342,371,372,0.5,0.5100222717149221,0.5107913669064749
0.4,13,38,42,100000,100000,334,143,371,372,0.5,0.46842105263157896,0.5107913669064749
0.4,13,39,42,100000,100000,269,41,371,372,0.5,0.44642857142857145,0.5107913669064749
0.4,13,40,42,100000,100000,289,522,371,372,0.5,0.4910025706940874,0.5107913669064749
0.4,13,41,42,100000,100000,139,132,371,372,0.5,0.4682080924855491,0.5107913669064749
0.4,13,42,42,100000,100000,260,316,371,372,0.5,0.484149855907781,0.5107913669064749
0.4,13,43,42,100000,100000,32,343,371,372,0.5,0.4523809523809524,0.5107913669064749
0.4,13,44,42,100000,100000,787,237,371,372,0.5,0.48598130841121495,0.5107913669064749
0.4,13,45,42,100000,100000,151,253,371,372,0.5,0.4855769230769231,0.5107913669064749
0.4,13,46,42,100000,100000,58,199,371,372,0.5,0.4375,0.5107913669064749
0.4,13,47,42,100000,100000,623,55,371,372,0.5,0.4473684210526316,0.5107913669064749
0.4,13,48,42,100000,100000,33,1329,371,372,0.5,0.46511627906976744,0.5107913669064749
0.4,13,49,42,100000,100000,241,390,371,372,0.5,0.48757763975155277,0.5107913669064749
0.4,13,50,42,100000,100000,454,383,371,372,0.5,0.5158102766798419,0.5107913669064749
0.4,13,51,42,100000,100000,184,236,371,372,0.5,0.4879032258064516,0.5107913669064749
0.4,13,52,42,100000,100000,625,449,371,372,0.5,0.5228426395939086,0.5107913669064749
0.4,13,53,42,100000,100000,234,107,371,372,0.5,0.45,0.5107913669064749
0.4,13,54,42,100000,100000,358,967,371,372,0.5,0.5148305084745762,0.5107913669064749
0.4,13,55,42,100000,100000,473,261,371,372,0.5,0.4830508474576271,0.5107913669064749
0.4,13,56,42,100000,100000,665,584,371,372,0.5,0.5142857142857142,0.5107913669064749
0.4,13,57,42,100000,100000,239,1030,371,372,0.5,0.484375,0.5107913669064749
0.4,13,58,42,100000,100000,204,616,371,372,0.5,0.49264705882352944,0.5107913669064749
0.4,13,59,42,100000,100000,596,491,371,372,0.5,0.5287713841368584,0.5107913669064749
0.4,13,60,42,100000,100000,533,523,371,372,0.5,0.5187319884726225,0.5107913669064749
0.4,13,61,42,100000,100000,1095,286,371,372,0.5,0.4895833333333333,0.5107913669064749
0.4,13,62,42,100000,100000,108,830,371,372,0.5,0.4675324675324675,0.5107913669064749
0.4,13,63,42,100000,100000,643,885,371,372,0.5,0.5046296296296297,0.5107913669064749
0.4,13,64,42,100000,100000,126,277,371,372,0.5,0.4632768361581921,0.5107913669064749
0.4,13,65,42,100000,100000,1005,204,371,372,0.5,0.4927536231884058,0.5107913669064749
0.4,13,66,42,100000,100000,976,384,371,372,0.5,0.515748031496063,0.5107913669064749
0.4,13,67,42,100000,100000,429,50,371,372,0.5,0.453125,0.5107913669064749
0.4,13,68,42,100000,100000,109,73,371,372,0.5,0.4387755102040816,0.5107913669064749
0.4,13,69,42,100000,100000,497,256,371,372,0.5,0.48405797101449277,0.5107913669064749
0.4,13,70,42,100000,100000,188,383,371,372,0.5,0.4881889763779528,0.5107913669064749
0.4,13,71,42,100000,100000,109,137,371,372,0.5,0.4675324675324675,0.5107913669064749
0.4,13,72,42,100000,100000,626,444,371,372,0.5,0.5230769230769231,0.5107913669064749
0.4,13,73,42,100000,100000,690,634,371,372,0.5,0.5084337349397591,0.5107913669064749
0.4,13,74,42,100000,100000,270,295,371,372,0.5,0.48066298342541436,0.5107913669064749
0.4,13,75,42,100000,100000,436,209,371,372,0.5,0.49110320284697506,0.5107913669064749
0.4,13,76,42,100000,100000,247,136,371,372,0.5,0.46111111111111114,0.5107913669064749
0.4,13,77,42,100000,100000,434,220,371,372,0.5,0.4850498338870432,0.5107913669064749
0.4,13,78,42,100000,100000,105,407,371,372,0.5,0.47333333333333333,0.5107913669064749
0.4,13,79,42,100000,100000,646,1233,371,372,0.5,0.5046082949308756,0.5107913669064749
0.4,13,80,42,100000,100000,451,321,371,372,0.5,0.5046948356807511,0.5107913669064749
0.4,13,81,42,100000,100000,474,354,371,372,0.5,0.511727078891258,0.5107913669064749
0.4,13,82,42,100000,100000,719,512,371,372,0.5,0.522189349112426,0.5107913669064749
0.4,13,83,42,100000,100000,284,83,371,372,0.5,0.42727272727272725,0.5107913669064749
0.4,13,84,42,100000,100000,201,628,371,372,0.5,0.4943820224719101,0.5107913669064749
0.4,13,85,42,100000,100000,580,213,371,372,0.5,0.48464163822525597,0.5107913669064749
0.4,13,86,42,100000,100000,382,577,371,372,0.5,0.5170340681362725,0.5107913669064749
0.4,13,87,42,100000,100000,231,1005,371,372,0.5,0.49019607843137253,0.5107913669064749
0.4,13,88,42,100000,100000,578,15,371,372,0.5,0.45,0.5107913669064749
0.4,13,89,42,100000,100000,450,653,371,372,0.5,0.5220338983050847,0.5107913669064749
0.4,13,90,42,100000,100000,336,578,371,372,0.5,0.5056179775280899,0.5107913669064749
0.4,13,91,42,100000,100000,838,284,371,372,0.5,0.4869109947643979,0.5107913669064749
0.4,13,92,42,100000,100000,288,665,371,372,0.5,0.49222797927461137,0.5107913669064749
0.4,13,93,42,100000,100000,401,1108,371,372,0.5,0.5112359550561798,0.5107913669064749
0.4,13,94,42,100000,100000,793,1010,371,372,0.5,0.5150659133709982,0.5107913669064749
0.4,13,95,42,100000,100000,244,705,371,372,0.5,0.49079754601226994,0.5107913669064749
0.4,13,96,42,100000,100000,299,244,371,372,0.5,0.49085365853658536,0.5107913669064749
0.4,13,97,42,100000,100000,56,520,371,372,0.5,0.4473684210526316,0.5107913669064749
0.4,13,98,42,100000,100000,280,171,371,372,0.5,0.4868421052631579,0.5107913669064749
0.4,13,99,42,100000,100000,532,360,371,372,0.5,0.5178947368421053,0.5107913669064749
0.4,14,0,42,100000,100000,362,735,376,357,0.5,0.5364238410596026,0.5083932853717026
0.4,14,1,42,100000,100000,199,482,376,357,0.5,0.47470817120622566,0.5083932853717026
0.4,14,2,42,100000,100000,517,65,376,357,0.5,0.5679012345679012,0.5083932853717026
0.4,14,3,42,100000,100000,774,19,376,357,0.5,0.7272727272727273,0.5083932853717026
0.4,14,4,42,100000,100000,255,737,376,357,0.5,0.49382716049382713,0.5083932853717026
0.4,14,5,42,100000,100000,105,577,376,357,0.5,0.553030303030303,0.5083932853717026
0.4,14,6,42,100000,100000,122,365,376,357,0.5,0.5424836601307189,0.5083932853717026
0.4,14,7,42,100000,100000,158,726,376,357,0.5,0.5049019607843137,0.5083932853717026
0.4,14,8,42,100000,100000,262,434,376,357,0.5,0.5015105740181269,0.5083932853717026
0.4,14,9,42,100000,100000,72,462,376,357,0.5,0.5638297872340425,0.5083932853717026
0.4,14,10,42,100000,100000,138,611,376,357,0.5,0.52,0.5083932853717026
0.4,14,11,42,100000,100000,607,262,376,357,0.5,0.5013550135501355,0.5083932853717026
0.4,14,12,42,100000,100000,145,107,376,357,0.5,0.5428571428571428,0.5083932853717026
0.4,14,13,42,100000,100000,170,238,376,357,0.5,0.5023041474654378,0.5083932853717026
0.4,14,14,42,100000,100000,490,317,376,357,0.5,0.5290023201856149,0.5083932853717026
0.4,14,15,42,100000,100000,759,248,376,357,0.5,0.5,0.5083932853717026
0.4,14,16,42,100000,100000,678,160,376,357,0.5,0.5045454545454545,0.5083932853717026
0.4,14,17,42,100000,100000,112,801,376,357,0.5,0.5428571428571428,0.5083932853717026
0.4,14,18,42,100000,100000,391,242,376,357,0.5,0.5059171597633136,0.5083932853717026
0.4,14,19,42,100000,100000,577,588,376,357,0.5,0.512396694214876,0.5083932853717026
0.4,14,20,42,100000,100000,98,248,376,357,0.5,0.5476190476190477,0.5083932853717026
0.4,14,21,42,100000,100000,429,627,376,357,0.5,0.5299625468164794,0.5083932853717026
0.4,14,22,42,100000,100000,162,81,376,357,0.5,0.5445544554455446,0.5083932853717026
0.4,14,23,42,100000,100000,323,301,376,357,0.5,0.5158924205378973,0.5083932853717026
0.4,14,24,42,100000,100000,280,567,376,357,0.5,0.4971751412429379,0.5083932853717026
0.4,14,25,42,100000,100000,806,178,376,357,0.5,0.47058823529411764,0.5083932853717026
0.4,14,26,42,100000,100000,117,325,376,357,0.5,0.5302013422818792,0.5083932853717026
0.4,14,27,42,100000,100000,359,295,376,357,0.5,0.515970515970516,0.5083932853717026
0.4,14,28,42,100000,100000,472,846,376,357,0.5,0.5185185185185185,0.5083932853717026
0.4,14,29,42,100000,100000,53,210,376,357,0.5,0.6,0.5083932853717026
0.4,14,30,42,100000,100000,298,194,376,357,0.5,0.48363636363636364,0.5083932853717026
0.4,14,31,42,100000,100000,233,470,376,357,0.5,0.4899328859060403,0.5083932853717026
0.4,14,32,42,100000,100000,313,269,376,357,0.5,0.5026455026455027,0.5083932853717026
0.4,14,33,42,100000,100000,256,316,376,357,0.5,0.49538461538461537,0.5083932853717026
0.4,14,34,42,100000,100000,448,108,376,357,0.5,0.5273972602739726,0.5083932853717026
0.4,14,35,42,100000,100000,314,250,376,357,0.5,0.49575070821529743,0.5083932853717026
0.4,14,36,42,100000,100000,807,194,376,357,0.5,0.48363636363636364,0.5083932853717026
0.4,14,37,42,100000,100000,375,25,376,357,0.5,0.6129032258064516,0.5083932853717026
0.4,14,38,42,100000,100000,136,203,376,357,0.5,0.5325443786982249,0.5083932853717026
0.4,14,39,42,100000,100000,372,266,376,357,0.5,0.5026737967914439,0.5083932853717026
0.4,14,40,42,100000,100000,118,385,376,357,0.5,0.5333333333333333,0.5083932853717026
0.4,14,41,42,100000,100000,648,262,376,357,0.5,0.5013550135501355,0.5083932853717026
0.4,14,42,42,100000,100000,34,548,376,357,0.5,0.627906976744186,0.5083932853717026
0.4,14,43,42,100000,100000,197,242,376,357,0.5,0.47058823529411764,0.5083932853717026
0.4,14,44,42,100000,100000,443,491,376,357,0.5,0.5309090909090909,0.5083932853717026
0.4,14,45,42,100000,100000,229,1105,376,357,0.5,0.4880546075085324,0.5083932853717026
0.4,14,46,42,100000,100000,772,388,376,357,0.5,0.5299625468164794,0.5083932853717026
0.4,14,47,42,100000,100000,167,391,376,357,0.5,0.5046728971962616,0.5083932853717026
0.4,14,48,42,100000,100000,85,244,376,357,0.5,0.5357142857142857,0.5083932853717026
0.4,14,49,42,100000,100000,123,92,376,357,0.5,0.5423728813559322,0.5083932853717026
0.4,14,50,42,100000,100000,162,114,376,357,0.5,0.5394736842105263,0.5083932853717026
0.4,14,51,42,100000,100000,236,493,376,357,0.5,0.4916387959866221,0.5083932853717026
0.4,14,52,42,100000,100000,98,67,376,357,0.5,0.5529411764705883,0.5083932853717026
0.4,14,53,42,100000,100000,330,252,376,357,0.5,0.4971751412429379,0.5083932853717026
0.4,14,54,42,100000,100000,165,433,376,357,0.5,0.5096153846153846,0.5083932853717026
0.4,14,55,42,100000,100000,368,331,376,357,0.5,0.5367483296213809,0.5083932853717026
0.4,14,56,42,100000,100000,500,71,376,357,0.5,0.5632183908045977,0.5083932853717026
0.4,14,57,42,100000,100000,239,484,376,357,0.5,0.4918032786885246,0.5083932853717026
0.4,14,58,42,100000,100000,204,552,376,357,0.5,0.4827586206896552,0.5083932853717026
0.4,14,59,42,100000,100000,24,469,376,357,0.5,0.6,0.5083932853717026
0.4,14,60,42,100000,100000,403,128,376,357,0.5,0.52,0.5083932853717026
0.4,14,61,42,100000,100000,697,139,376,357,0.5,0.5104166666666666,0.5083932853717026
0.4,14,62,42,100000,100000,655,340,376,357,0.5,0.5344827586206896,0.5083932853717026
0.4,14,63,42,100000,100000,84,260,376,357,0.5,0.5315315315315315,0.5083932853717026
0.4,14,64,42,100000,100000,813,297,376,357,0.5,0.5158924205378973,0.5083932853717026
0.4,14,65,42,100000,100000,548,196,376,357,0.5,0.4856115107913669,0.5083932853717026
0.4,14,66,42,100000,100000,449,290,376,357,0.5,0.516209476309227,0.5083932853717026
0.4,14,67,42,100000,100000,366,483,376,357,0.5,0.5361050328227571,0.5083932853717026
0.4,14,68,42,100000,100000,330,125,376,357,0.5,0.5325443786982249,0.5083932853717026
0.4,14,69,42,100000,100000,1029,36,376,357,0.5,0.627906976744186,0.5083932853717026
0.4,14,70,42,100000,100000,348,70,376,357,0.5,0.5632183908045977,0.5083932853717026
0.4,14,71,42,100000,100000,813,248,376,357,0.5,0.5,0.5083932853717026
0.4,14,72,42,100000,100000,240,75,376,357,0.5,0.5638297872340425,0.5083932853717026
0.4,14,73,42,100000,100000,806,179,376,357,0.5,0.47265625,0.5083932853717026
0.4,14,74,42,100000,100000,51,174,376,357,0.5,0.6,0.5083932853717026
0.4,14,75,42,100000,100000,29,281,376,357,0.5,0.6111111111111112,0.5083932853717026
0.4,14,76,42,100000,100000,331,339,376,357,0.5,0.5215311004784688,0.5083932853717026
0.4,14,77,42,100000,100000,474,435,376,357,0.5,0.5158597662771286,0.5083932853717026
0.4,14,78,42,100000,100000,593,63,376,357,0.5,0.5679012345679012,0.5083932853717026
0.4,14,79,42,100000,100000,382,564,376,357,0.5,0.5357142857142857,0.5083932853717026
0.4,14,80,42,100000,100000,551,428,376,357,0.5,0.5187074829931972,0.5083932853717026
0.4,14,81,42,100000,100000,956,348,376,357,0.5,0.5369978858350951,0.5083932853717026
0.4,14,82,42,100000,100000,238,336,376,357,0.5,0.4901315789473684,0.5083932853717026
0.4,14,83,42,100000,100000,50,123,376,357,0.5,0.59375,0.5083932853717026
0.4,14,84,42,100000,100000,322,1255,376,357,0.5,0.515970515970516,0.5083932853717026
0.4,14,85,42,100000,100000,626,343,376,357,0.5,0.5341880341880342,0.5083932853717026
0.4,14,86,42,100000,100000,321,101,376,357,0.5,0.553030303030303,0.5083932853717026
0.4,14,87,42,100000,100000,51,340,376,357,0.5,0.6,0.5083932853717026
0.4,14,88,42,100000,100000,510,343,376,357,0.5,0.5341880341880342,0.5083932853717026
0.4,14,89,42,100000,100000,174,668,376,357,0.5,0.5045454545454545,0.5083932853717026
0.4,14,90,42,100000,100000,93,648,376,357,0.5,0.5462184873949579,0.5083932853717026
0.4,14,91,42,100000,100000,45,732,376,357,0.5,0.5964912280701754,0.5083932853717026
0.4,14,92,42,100000,100000,123,316,376,357,0.5,0.535031847133758,0.5083932853717026
0.4,14,93,42,100000,100000,291,54,376,357,0.5,0.5797101449275363,0.5083932853717026
0.4,14,94,42,100000,100000,276,40,376,357,0.5,0.6122448979591837,0.5083932853717026
0.4,14,95,42,100000,100000,93,639,376,357,0.5,0.5462184873949579,0.5083932853717026
0.4,14,96,42,100000,100000,249,838,376,357,0.5,0.49050632911392406,0.5083932853717026
0.4,14,97,42,100000,100000,18,453,376,357,0.5,0.7142857142857143,0.5083932853717026
0.4,14,98,42,100000,100000,68,174,376,357,0.5,0.5632183908045977,0.5083932853717026
0.4,14,99,42,100000,100000,801,497,376,357,0.5,0.5151953690303908,0.5083932853717026
0.4,15,0,42,100000,100000,159,313,350,363,0.5,0.4663677130044843,0.5075757575757576
0.4,15,1,42,100000,100000,153,265,350,363,0.5,0.46543778801843316,0.5075757575757576
0.4,15,2,42,100000,100000,320,89,350,363,0.5,0.4435483870967742,0.5075757575757576
0.4,15,3,42,100000,100000,857,795,350,363,0.5,0.4971042471042471,0.5075757575757576
0.4,15,4,42,100000,100000,693,870,350,363,0.5,0.5021052631578947,0.5075757575757576
0.4,15,5,42,100000,100000,343,119,350,363,0.5,0.48148148148148145,0.5075757575757576
0.4,15,6,42,100000,100000,11,1016,350,363,0.5,0.5,0.5075757575757576
0.4,15,7,42,100000,100000,63,326,350,363,0.5,0.4069767441860465,0.5075757575757576
0.4,15,8,42,100000,100000,427,718,350,363,0.5,0.4966101694915254,0.5075757575757576
0.4,15,9,42,100000,100000,209,740,350,363,0.5,0.49158249158249157,0.5075757575757576
0.4,15,10,42,100000,100000,478,441,350,363,0.5,0.5035335689045937,0.5075757575757576
0.4,15,11,42,100000,100000,288,503,350,363,0.5,0.48894348894348894,0.5075757575757576
0.4,15,12,42,100000,100000,95,570,350,363,0.5,0.4461538461538462,0.5075757575757576
0.4,15,13,42,100000,100000,33,520,350,363,0.5,0.46511627906976744,0.5075757575757576
0.4,15,14,42,100000,100000,26,122,350,363,0.5,0.4857142857142857,0.5075757575757576
0.4,15,15,42,100000,100000,187,745,350,363,0.5,0.4774436090225564,0.5075757575757576
0.4,15,16,42,100000,100000,43,111,350,363,0.5,0.36065573770491804,0.5075757575757576
0.4,15,17,42,100000,100000,683,675,350,363,0.5,0.5045766590389016,0.5075757575757576
0.4,15,18,42,100000,100000,254,42,350,363,0.5,0.36507936507936506,0.5075757575757576
0.4,15,19,42,100000,100000,303,626,350,363,0.5,0.48259860788863107,0.5075757575757576
0.4,15,20,42,100000,100000,200,169,350,363,0.5,0.4663677130044843,0.5075757575757576
0.4,15,21,42,100000,100000,175,168,350,363,0.5,0.4660633484162896,0.5075757575757576
0.4,15,22,42,100000,100000,274,423,350,363,0.5,0.4921875,0.5075757575757576
0.4,15,23,42,100000,100000,987,601,350,363,0.5,0.5070967741935484,0.5075757575757576
0.4,15,24,42,100000,100000,128,118,350,363,0.5,0.4782608695652174,0.5075757575757576
0.4,15,25,42,100000,100000,689,386,350,363,0.5,0.4939271255060729,0.5075757575757576
0.4,15,26,42,100000,100000,207,367,350,363,0.5,0.49146757679180886,0.5075757575757576
0.4,15,27,42,100000,100000,129,534,350,363,0.5,0.47191011235955055,0.5075757575757576
0.4,15,28,42,100000,100000,730,217,350,363,0.5,0.4855072463768116,0.5075757575757576
0.4,15,29,42,100000,100000,369,186,350,363,0.5,0.4730290456431535,0.5075757575757576
0.4,15,30,42,100000,100000,32,183,350,363,0.5,0.48717948717948717,0.5075757575757576
0.4,15,31,42,100000,100000,122,471,350,363,0.5,0.48466257668711654,0.5075757575757576
0.4,15,32,42,100000,100000,244,852,350,363,0.5,0.4985507246376812,0.5075757575757576
0.4,15,33,42,100000,100000,46,288,350,363,0.5,0.375,0.5075757575757576
0.4,15,34,42,100000,100000,76,370,350,363,0.5,0.4423076923076923,0.5075757575757576
0.4,15,35,42,100000,100000,1074,214,350,363,0.5,0.48175182481751827,0.5075757575757576
0.4,15,36,42,100000,100000,150,803,350,363,0.5,0.4807692307692308,0.5075757575757576
0.4,15,37,42,100000,100000,636,534,350,363,0.5,0.505730659025788,0.5075757575757576
0.4,15,38,42,100000,100000,169,762,350,363,0.5,0.47280334728033474,0.5075757575757576
0.4,15,39,42,100000,100000,160,338,350,363,0.5,0.46255506607929514,0.5075757575757576
0.4,15,40,42,100000,100000,317,307,350,363,0.5,0.49104859335038364,0.5075757575757576
0.4,15,41,42,100000,100000,281,119,350,363,0.5,0.48148148148148145,0.5075757575757576
0.4,15,42,42,100000,100000,601,283,350,363,0.5,0.49171270718232046,0.5075757575757576
0.4,15,43,42,100000,100000,825,162,350,363,0.5,0.4807692307692308,0.5075757575757576
0.4,15,44,42,100000,100000,318,179,350,363,0.5,0.4658119658119658,0.5075757575757576
0.4,15,45,42,100000,100000,262,677,350,363,0.5,0.49591280653950953,0.5075757575757576
0.4,15,46,42,100000,100000,347,570,350,363,0.5,0.4948665297741273,0.5075757575757576
0.4,15,47,42,100000,100000,287,509,350,363,0.5,0.4888888888888889,0.5075757575757576
0.4,15,48,42,100000,100000,211,946,350,363,0.5,0.49498327759197325,0.5075757575757576
0.4,15,49,42,100000,100000,108,490,350,363,0.5,0.4557823129251701,0.5075757575757576
0.4,15,50,42,100000,100000,189,689,350,363,0.5,0.48134328358208955,0.5075757575757576
0.4,15,51,42,100000,100000,118,126,350,363,0.5,0.4716981132075472,0.5075757575757576
0.4,15,52,42,100000,100000,528,274,350,363,0.5,0.4985507246376812,0.5075757575757576
0.4,15,53,42,100000,100000,247,235,350,363,0.5,0.49328859060402686,0.5075757575757576
0.4,15,54,42,100000,100000,662,456,350,363,0.5,0.4966101694915254,0.5075757575757576
0.4,15,55,42,100000,100000,248,146,350,363,0.5,0.48947368421052634,0.5075757575757576
0.4,15,56,42,100000,100000,198,375,350,363,0.5,0.4875444839857651,0.5075757575757576
0.4,15,57,42,100000,100000,222,725,350,363,0.5,0.5,0.5075757575757576
0.4,15,58,42,100000,100000,692,197,350,363,0.5,0.48031496062992124,0.5075757575757576
0.4,15,59,42,100000,100000,656,148,350,363,0.5,0.48205128205128206,0.5075757575757576
0.4,15,60,42,100000,100000,185,270,350,363,0.5,0.4883720930232558,0.5075757575757576
0.4,15,61,42,100000,100000,488,519,350,363,0.5,0.5067669172932331,0.5075757575757576
0.4,15,62,42,100000,100000,313,76,350,363,0.5,0.44339622641509435,0.5075757575757576
0.4,15,63,42,100000,100000,171,648,350,363,0.5,0.4732510288065844,0.5075757575757576
0.4,15,64,42,100000,100000,48,312,350,363,0.5,0.3880597014925373,0.5075757575757576
0.4,15,65,42,100000,100000,462,167,350,363,0.5,0.46788990825688076,0.5075757575757576
0.4,15,66,42,100000,100000,300,206,350,363,0.5,0.4774436090225564,0.5075757575757576
0.4,15,67,42,100000,100000,591,476,350,363,0.5,0.49596122778675283,0.5075757575757576
0.4,15,68,42,100000,100000,357,113,350,363,0.5,0.46153846153846156,0.5075757575757576
0.4,15,69,42,100000,100000,57,312,350,363,0.5,0.3974358974358974,0.5075757575757576
0.4,15,70,42,100000,100000,354,97,350,363,0.5,0.44696969696969696,0.5075757575757576
0.4,15,71,42,100000,100000,224,531,350,363,0.5,0.5031446540880503,0.5075757575757576
0.4,15,72,42,100000,100000,49,228,350,363,0.5,0.39705882352941174,0.5075757575757576
0.4,15,73,42,100000,100000,674,449,350,363,0.5,0.5026086956521739,0.5075757575757576
0.4,15,74,42,100000,100000,177,351,350,363,0.5,0.4801587301587302,0.5075757575757576
0.4,15,75,42,100000,100000,575,134,350,363,0.5,0.4748603351955307,0.5075757575757576
0.4,15,76,42,100000,100000,288,276,350,363,0.5,0.49855907780979825,0.5075757575757576
0.4,15,77,42,100000,100000,92,521,350,363,0.5,0.448,0.5075757575757576
0.4,15,78,42,100000,100000,364,200,350,363,0.5,0.48638132295719844,0.5075757575757576
0.4,15,79,42,100000,100000,72,160,350,363,0.5,0.43,0.5075757575757576
0.4,15,80,42,100000,100000,632,930,350,363,0.5,0.5028968713789108,0.5075757575757576
0.4,15,81,42,100000,100000,81,358,350,363,0.5,0.45535714285714285,0.5075757575757576
0.4,15,82,42,100000,100000,313,83,350,363,0.5,0.45535714285714285,0.5075757575757576
0.4,15,83,42,100000,100000,740,720,350,363,0.5,0.5026795284030011,0.5075757575757576
0.4,15,84,42,100000,100000,147,229,350,363,0.5,0.4827586206896552,0.5075757575757576
0.4,15,85,42,100000,100000,385,335,350,363,0.5,0.4813953488372093,0.5075757575757576
0.4,15,86,42,100000,100000,785,375,350,363,0.5,0.49166666666666664,0.5075757575757576
0.4,15,87,42,100000,100000,287,174,350,363,0.5,0.4649122807017544,0.5075757575757576
0.4,15,88,42,100000,100000,813,175,350,363,0.5,0.46320346320346323,0.5075757575757576
0.4,15,89,42,100000,100000,506,213,350,363,0.5,0.4833948339483395,0.5075757575757576
0.4,15,90,42,100000,100000,690,432,350,363,0.5,0.5045537340619308,0.5075757575757576
0.4,15,91,42,100000,100000,1188,123,350,363,0.5,0.4878048780487805,0.5075757575757576
0.4,15,92,42,100000,100000,404,172,350,363,0.5,0.46255506607929514,0.5075757575757576
0.4,15,93,42,100000,100000,57,119,350,363,0.5,0.3974358974358974,0.5075757575757576
0.4,15,94,42,100000,100000,121,422,350,363,0.5,0.48148148148148145,0.5075757575757576
0.4,15,95,42,100000,100000,127,455,350,363,0.5,0.4715909090909091,0.5075757575757576
0.4,15,96,42,100000,100000,622,66,350,363,0.5,0.44565217391304346,0.5075757575757576
0.4,15,97,42,100000,100000,297,402,350,363,0.5,0.4892601431980907,0.5075757575757576
0.4,15,98,42,100000,100000,451,360,350,363,0.5,0.49134199134199136,0.5075757575757576
0.4,15,99,42,100000,100000,109,549,350,363,0.5,0.4563758389261745,0.5075757575757576
0.4,16,0,42,100000,100000,306,565,371,366,0.5,0.5025125628140703,0.5326633165829145
0.4,16,1,42,100000,100000,330,129,371,366,0.5,0.5433526011560693,0.5326633165829145
0.4,16,2,42,100000,100000,67,885,371,366,0.5,0.5662650602409639,0.5326633165829145
0.4,16,3,42,100000,100000,717,637,371,366,0.5,0.5099648300117233,0.5326633165829145
0.4,16,4,42,100000,100000,316,919,371,366,0.5,0.5073529411764706,0.5326633165829145
0.4,16,5,42,100000,100000,36,400,371,366,0.5,0.5227272727272727,0.5326633165829145
0.4,16,6,42,100000,100000,292,39,371,366,0.5,0.5471698113207547,0.5326633165829145
0.4,16,7,42,100000,100000,331,469,371,366,0.5,0.508235294117647,0.5326633165829145
0.4,16,8,42,100000,100000,690,252,371,366,0.5,0.5089285714285714,0.5326633165829145
0.4,16,9,42,100000,100000,59,58,371,366,0.5,0.5753424657534246,0.5326633165829145
0.4,16,10,42,100000,100000,321,98,371,366,0.5,0.5151515151515151,0.5326633165829145
0.4,16,11,42,100000,100000,149,424,371,366,0.5,0.5380434782608695,0.5326633165829145
0.4,16,12,42,100000,100000,368,151,371,366,0.5,0.527363184079602,0.5326633165829145
0.4,16,13,42,100000,100000,542,228,371,366,0.5,0.5150501672240803,0.5326633165829145
0.4,16,14,42,100000,100000,313,432,371,366,0.5,0.5061425061425061,0.5326633165829145
0.4,16,15,42,100000,100000,672,322,371,366,0.5,0.505720823798627,0.5326633165829145
0.4,16,16,42,100000,100000,480,286,371,366,0.5,0.5077319587628866,0.5326633165829145
0.4,16,17,42,100000,100000,163,411,371,366,0.5,0.5258215962441315,0.5326633165829145
0.4,16,18,42,100000,100000,652,287,371,366,0.5,0.5077319587628866,0.5326633165829145
0.4,16,19,42,100000,100000,148,929,371,366,0.5,0.5380434782608695,0.5326633165829145
0.4,16,20,42,100000,100000,602,148,371,366,0.5,0.5306122448979592,0.5326633165829145
0.4,16,21,42,100000,100000,411,465,371,366,0.5,0.502803738317757,0.5326633165829145
0.4,16,22,42,100000,100000,152,58,371,366,0.5,0.5753424657534246,0.5326633165829145
0.4,16,23,42,100000,100000,109,372,371,366,0.5,0.5107913669064749,0.5326633165829145
0.4,16,24,42,100000,100000,439,521,371,366,0.5,0.5079646017699115,0.5326633165829145
0.4,16,25,42,100000,100000,307,322,371,366,0.5,0.5012468827930174,0.5326633165829145
0.4,16,26,42,100000,100000,217,367,371,366,0.5,0.512280701754386,0.5326633165829145
0.4,16,27,42,100000,100000,447,44,371,366,0.5,0.55,0.5326633165829145
0.4,16,28,42,100000,100000,68,247,371,366,0.5,0.5714285714285714,0.5326633165829145
0.4,16,29,42,100000,100000,20,109,371,366,0.5,0.4782608695652174,0.5326633165829145
0.4,16,30,42,100000,100000,243,262,371,366,0.5,0.5077881619937694,0.5326633165829145
0.4,16,31,42,100000,100000,484,473,371,366,0.5,0.5104669887278583,0.5326633165829145
0.4,16,32,42,100000,100000,140,165,371,366,0.5,0.5363128491620112,0.5326633165829145
0.4,16,33,42,100000,100000,388,300,371,366,0.5,0.5061425061425061,0.5326633165829145
0.4,16,34,42,100000,100000,223,423,371,366,0.5,0.5101351351351351,0.5326633165829145
0.4,16,35,42,100000,100000,1312,123,371,366,0.5,0.5269461077844312,0.5326633165829145
0.4,16,36,42,100000,100000,126,285,371,366,0.5,0.5283018867924528,0.5326633165829145
0.4,16,37,42,100000,100000,249,577,371,366,0.5,0.5076452599388379,0.5326633165829145
0.4,16,38,42,100000,100000,514,335,371,366,0.5,0.5033112582781457,0.5326633165829145
0.4,16,39,42,100000,100000,124,493,371,366,0.5,0.5253164556962026,0.5326633165829145
0.4,16,40,42,100000,100000,41,465,371,366,0.5,0.5294117647058824,0.5326633165829145
0.4,16,41,42,100000,100000,597,109,371,366,0.5,0.5167785234899329,0.5326633165829145
0.4,16,42,42,100000,100000,403,64,371,366,0.5,0.5714285714285714,0.5326633165829145
0.4,16,43,42,100000,100000,113,478,371,366,0.5,0.5138888888888888,0.5326633165829145
0.4,16,44,42,100000,100000,962,291,371,366,0.5,0.5050761421319797,0.5326633165829145
0.4,16,45,42,100000,100000,309,219,371,366,0.5,0.506896551724138,0.5326633165829145
0.4,16,46,42,100000,100000,653,611,371,366,0.5,0.5128518971848225,0.5326633165829145
0.4,16,47,42,100000,100000,379,427,371,366,0.5,0.5071283095723014,0.5326633165829145
0.4,16,48,42,100000,100000,27,558,371,366,0.5,0.45454545454545453,0.5326633165829145
0.4,16,49,42,100000,100000,365,250,371,366,0.5,0.5059880239520959,0.5326633165829145
0.4,16,50,42,100000,100000,409,887,371,366,0.5,0.5028142589118199,0.5326633165829145
0.4,16,51,42,100000,100000,84,126,371,366,0.5,0.5333333333333333,0.5326633165829145
0.4,16,52,42,100000,100000,425,286,371,366,0.5,0.5077319587628866,0.5326633165829145
0.4,16,53,42,100000,100000,161,452,371,366,0.5,0.5263157894736842,0.5326633165829145
0.4,16,54,42,100000,100000,1234,568,371,366,0.5,0.5163398692810458,0.5326633165829145
0.4,16,55,42,100000,100000,158,224,371,366,0.5,0.5294117647058824,0.5326633165829145
0.4,16,56,42,100000,100000,456,1046,371,366,0.5,0.5093696763202725,0.5326633165829145
0.4,16,57,42,100000,100000,750,77,371,366,0.5,0.5333333333333333,0.5326633165829145
0.4,16,58,42,100000,100000,289,171,371,366,0.5,0.5242290748898678,0.5326633165829145
0.4,16,59,42,100000,100000,320,841,371,366,0.5,0.5060240963855421,0.5326633165829145
0.4,16,60,42,100000,100000,704,881,371,366,0.5,0.5157096424702059,0.5326633165829145
0.4,16,61,42,100000,100000,609,562,371,366,0.5,0.5145118733509235,0.5326633165829145
0.4,16,62,42,100000,100000,532,210,371,366,0.5,0.5125448028673835,0.5326633165829145
0.4,16,63,42,100000,100000,423,438,371,366,0.5,0.5027322404371585,0.5326633165829145
0.4,16,64,42,100000,100000,273,459,371,366,0.5,0.5041782729805014,0.5326633165829145
0.4,16,65,42,100000,100000,52,720,371,366,0.5,0.546875,0.5326633165829145
0.4,16,66,42,100000,100000,365,637,371,366,0.5,0.505307855626327,0.5326633165829145
0.4,16,67,42,100000,100000,419,589,371,366,0.5,0.5027522935779817,0.5326633165829145
0.4,16,68,42,100000,100000,103,25,371,366,0.5,0.4864864864864865,0.5326633165829145
0.4,16,69,42,100000,100000,258,116,371,366,0.5,0.5222929936305732,0.5326633165829145
0.4,16,70,42,100000,100000,130,428,371,366,0.5,0.5337423312883436,0.5326633165829145
0.4,16,71,42,100000,100000,214,455,371,366,0.5,0.5106382978723404,0.5326633165829145
0.4,16,72,42,100000,100000,41,194,371,366,0.5,0.5294117647058824,0.5326633165829145
0.4,16,73,42,100000,100000,255,118,371,366,0.5,0.5283018867924528,0.5326633165829145
0.4,16,74,42,100000,100000,167,339,371,366,0.5,0.5277777777777778,0.5326633165829145
0.4,16,75,42,100000,100000,122,339,371,366,0.5,0.5192307692307693,0.5326633165829145
0.4,16,76,42,100000,100000,205,402,371,366,0.5,0.5168539325842697,0.5326633165829145
0.4,16,77,42,100000,100000,625,158,371,366,0.5,0.5263157894736842,0.5326633165829145
0.4,16,78,42,100000,100000,347,457,371,366,0.5,0.5044052863436124,0.5326633165829145
0.4,16,79,42,100000,100000,144,848,371,366,0.5,0.5384615384615384,0.5326633165829145
0.4,16,80,42,100000,100000,651,230,371,366,0.5,0.5114754098360655,0.5326633165829145
0.4,16,81,42,100000,100000,292,325,371,366,0.5,0.5065963060686016,0.5326633165829145
0.4,16,82,42,100000,100000,301,621,371,366,0.5,0.5076923076923077,0.5326633165829145
0.4,16,83,42,100000,100000,170,129,371,366,0.5,0.5433526011560693,0.5326633165829145
0.4,16,84,42,100000,100000,420,495,371,366,0.5,0.5036630036630036,0.5326633165829145
0.4,16,85,42,100000,100000,487,481,371,366,0.5,0.5104,0.5326633165829145
0.4,16,86,42,100000,100000,173,465,371,366,0.5,0.5291479820627802,0.5326633165829145
0.4,16,87,42,100000,100000,941,126,371,366,0.5,0.5352941176470588,0.5326633165829145
0.4,16,88,42,100000,100000,837,224,371,366,0.5,0.5101351351351351,0.5326633165829145
0.4,16,89,42,100000,100000,470,657,371,366,0.5,0.5124378109452736,0.5326633165829145
0.4,16,90,42,100000,100000,196,387,371,366,0.5,0.51171875,0.5326633165829145
0.4,16,91,42,100000,100000,774,259,371,366,0.5,0.5072046109510087,0.5326633165829145
0.4,16,92,42,100000,100000,239,44,371,366,0.5,0.55,0.5326633165829145
0.4,16,93,42,100000,100000,451,179,371,366,0.5,0.5147679324894515,0.5326633165829145
0.4,16,94,42,100000,100000,611,39,371,366,0.5,0.5471698113207547,0.5326633165829145
0.4,16,95,42,100000,100000,300,273,371,366,0.5,0.5013550135501355,0.5326633165829145
0.4,16,96,42,100000,100000,587,832,371,366,0.5,0.5145118733509235,0.5326633165829145
0.4,16,97,42,100000,100000,60,611,371,366,0.5,0.5753424657534246,0.5326633165829145
0.4,16,98,42,100000,100000,413,483,371,366,0.5,0.5027829313543599,0.5326633165829145
0.4,16,99,42,100000,100000,129,466,371,366,0.5,0.5337423312883436,0.5326633165829145
0.4,17,0,42,100000,100000,342,322,367,359,0.5,0.5173210161662818,0.5048309178743962
0.4,17,1,42,100000,100000,330,536,367,359,0.5,0.5175644028103045,0.5048309178743962
0.4,17,2,42,100000,100000,529,534,367,359,0.5,0.5190058479532164,0.5048309178743962
0.4,17,3,42,100000,100000,303,520,367,359,0.5,0.5062972292191436,0.5048309178743962
0.4,17,4,42,100000,100000,61,445,367,359,0.5,0.5375,0.5048309178743962
0.4,17,5,42,100000,100000,418,547,367,359,0.5,0.5027422303473492,0.5048309178743962
0.4,17,6,42,100000,100000,214,846,367,359,0.5,0.4927536231884058,0.5048309178743962
0.4,17,7,42,100000,100000,498,181,367,359,0.5,0.4898785425101215,0.5048309178743962
0.4,17,8,42,100000,100000,708,452,367,359,0.5,0.5057283142389526,0.5048309178743962
0.4,17,9,42,100000,100000,412,306,367,359,0.5,0.5171568627450981,0.5048309178743962
0.4,17,10,42,100000,100000,215,620,367,359,0.5,0.49458483754512633,0.5048309178743962
0.4,17,11,42,100000,100000,232,54,367,359,0.5,0.5428571428571428,0.5048309178743962
0.4,17,12,42,100000,100000,251,309,367,359,0.5,0.49240121580547114,0.5048309178743962
0.4,17,13,42,100000,100000,198,429,367,359,0.5,0.49416342412451364,0.5048309178743962
0.4,17,14,42,100000,100000,270,77,367,359,0.5,0.5346534653465347,0.5048309178743962
0.4,17,15,42,100000,100000,604,663,367,359,0.5,0.5217948717948718,0.5048309178743962
0.4,17,16,42,100000,100000,491,496,367,359,0.5,0.5117370892018779,0.5048309178743962
0.4,17,17,42,100000,100000,165,310,367,359,0.5,0.49056603773584906,0.5048309178743962
0.4,17,18,42,100000,100000,693,252,367,359,0.5,0.49122807017543857,0.5048309178743962
0.4,17,19,42,100000,100000,396,369,367,359,0.5,0.5204918032786885,0.5048309178743962
0.4,17,20,42,100000,100000,467,472,367,359,0.5,0.5057471264367817,0.5048309178743962
0.4,17,21,42,100000,100000,334,339,367,359,0.5,0.5162037037037037,0.5048309178743962
0.4,17,22,42,100000,100000,65,202,367,359,0.5,0.5542168674698795,0.5048309178743962
0.4,17,23,42,100000,100000,336,354,367,359,0.5,0.5184331797235023,0.5048309178743962
0.4,17,24,42,100000,100000,169,278,367,359,0.5,0.4774774774774775,0.5048309178743962
0.4,17,25,42,100000,100000,34,406,367,359,0.5,0.5609756097560976,0.5048309178743962
0.4,17,26,42,100000,100000,89,485,367,359,0.5,0.5,0.5048309178743962
0.4,17,27,42,100000,100000,121,427,367,359,0.5,0.4906832298136646,0.5048309178743962
0.4,17,28,42,100000,100000,281,430,367,359,0.5,0.4945945945945946,0.5048309178743962
0.4,17,29,42,100000,100000,155,336,367,359,0.5,0.5102040816326531,0.5048309178743962
0.4,17,30,42,100000,100000,379,137,367,359,0.5,0.5027322404371585,0.5048309178743962
0.4,17,31,42,100000,100000,296,301,367,359,0.5,0.5038759689922481,0.5048309178743962
0.4,17,32,42,100000,100000,629,328,367,359,0.5,0.5159817351598174,0.5048309178743962
0.4,17,33,42,100000,100000,810,226,367,359,0.5,0.5,0.5048309178743962
0.4,17,34,42,100000,100000,143,314,367,359,0.5,0.5,0.5048309178743962
0.4,17,35,42,100000,100000,757,293,367,359,0.5,0.5050761421319797,0.5048309178743962
0.4,17,36,42,100000,100000,109,620,367,359,0.5,0.4896551724137931,0.5048309178743962
0.4,17,37,42,100000,100000,250,151,367,359,0.5,0.4951923076923077,0.5048309178743962
0.4,17,38,42,100000,100000,549,515,367,359,0.5,0.5209840810419681,0.5048309178743962
0.4,17,39,42,100000,100000,549,690,367,359,0.5,0.5154929577464789,0.5048309178743962
0.4,17,40,42,100000,100000,144,243,367,359,0.5,0.5026455026455027,0.5048309178743962
0.4,17,41,42,100000,100000,702,355,367,359,0.5,0.5190677966101694,0.5048309178743962
0.4,17,42,42,100000,100000,104,128,367,359,0.5,0.49640287769784175,0.5048309178743962
0.4,17,43,42,100000,100000,560,623,367,359,0.5,0.5193905817174516,0.5048309178743962
0.4,17,44,42,100000,100000,282,286,367,359,0.5,0.4946236559139785,0.5048309178743962
0.4,17,45,42,100000,100000,363,831,367,359,0.5,0.5200845665961945,0.5048309178743962
0.4,17,46,42,100000,100000,776,208,367,359,0.5,0.4913494809688581,0.5048309178743962
0.4,17,47,42,100000,100000,192,316,367,359,0.5,0.4940239043824701,0.5048309178743962
0.4,17,48,42,100000,100000,712,209,367,359,0.5,0.49310344827586206,0.5048309178743962
0.4,17,49,42,100000,100000,22,150,367,359,0.5,0.5769230769230769,0.5048309178743962
0.4,17,50,42,100000,100000,172,480,367,359,0.5,0.48,0.5048309178743962
0.4,17,51,42,100000,100000,386,267,367,359,0.5,0.4904109589041096,0.5048309178743962
0.4,17,52,42,100000,100000,214,483,367,359,0.5,0.4927536231884058,0.5048309178743962
0.4,17,53,42,100000,100000,509,947,367,359,0.5,0.5167173252279635,0.5048309178743962
0.4,17,54,42,100000,100000,244,216,367,359,0.5,0.49169435215946844,0.5048309178743962
0.4,17,55,42,100000,100000,192,679,367,359,0.5,0.4940239043824701,0.5048309178743962
0.4,17,56,42,100000,100000,520,301,367,359,0.5,0.511166253101737,0.5048309178743962
0.4,17,57,42,100000,100000,1174,326,367,359,0.5,0.5184331797235023,0.5048309178743962
0.4,17,58,42,100000,100000,430,141,367,359,0.5,0.5052631578947369,0.5048309178743962
0.4,17,59,42,100000,100000,763,423,367,359,0.5,0.5026269702276708,0.5048309178743962
0.4,17,60,42,100000,100000,192,292,367,359,0.5,0.4940239043824701,0.5048309178743962
0.4,17,61,42,100000,100000,941,9,367,359,0.5,0.5833333333333334,0.5048309178743962
0.4,17,62,42,100000,100000,564,381,367,359,0.5,0.518664047151277,0.5048309178743962
0.4,17,63,42,100000,100000,718,343,367,359,0.5,0.5142231947483589,0.5048309178743962
0.4,17,64,42,100000,100000,211,414,367,359,0.5,0.4963235294117647,0.5048309178743962
0.4,17,65,42,100000,100000,354,601,367,359,0.5,0.5173160173160173,0.5048309178743962
0.4,17,66,42,100000,100000,268,318,367,359,0.5,0.4914772727272727,0.5048309178743962
0.4,17,67,42,100000,100000,122,286,367,359,0.5,0.49079754601226994,0.5048309178743962
0.4,17,68,42,100000,100000,101,917,367,359,0.5,0.4925373134328358,0.5048309178743962
0.4,17,69,42,100000,100000,236,207,367,359,0.5,0.4895833333333333,0.5048309178743962
0.4,17,70,42,100000,100000,195,390,367,359,0.5,0.49407114624505927,0.5048309178743962
0.4,17,71,42,100000,100000,290,294,367,359,0.5,0.49606299212598426,0.5048309178743962
0.4,17,72,42,100000,100000,78,157,367,359,0.5,0.53,0.5048309178743962
0.4,17,73,42,100000,100000,595,206,367,359,0.5,0.4878048780487805,0.5048309178743962
0.4,17,74,42,100000,100000,172,169,367,359,0.5,0.48,0.5048309178743962
0.4,17,75,42,100000,100000,302,514,367,359,0.5,0.5050505050505051,0.5048309178743962
0.4,17,76,42,100000,100000,425,255,367,359,0.5,0.49137931034482757,0.5048309178743962
0.4,17,77,42,100000,100000,329,552,367,359,0.5,0.5175644028103045,0.5048309178743962
0.4,17,78,42,100000,100000,191,595,367,359,0.5,0.4940239043824701,0.5048309178743962
0.4,17,79,42,100000,100000,174,1092,367,359,0.5,0.4823008849557522,0.5048309178743962
0.4,17,80,42,100000,100000,600,888,367,359,0.5,0.5219072164948454,0.5048309178743962
0.4,17,81,42,100000,100000,747,993,367,359,0.5,0.5205338809034907,0.5048309178743962
0.4,17,82,42,100000,100000,101,63,367,359,0.5,0.5432098765432098,0.5048309178743962
0.4,17,83,42,100000,100000,1259,1101,367,359,0.5,0.5138607167004733,0.5048309178743962
0.4,17,84,42,100000,100000,455,163,367,359,0.5,0.4823008849557522,0.5048309178743962
0.4,17,85,42,100000,100000,472,500,367,359,0.5,0.50814332247557,0.5048309178743962
0.4,17,86,42,100000,100000,29,200,367,359,0.5,0.5882352941176471,0.5048309178743962
0.4,17,87,42,100000,100000,616,321,367,359,0.5,0.5162037037037037,0.5048309178743962
0.4,17,88,42,100000,100000,333,336,367,359,0.5,0.5162790697674419,0.5048309178743962
0.4,17,89,42,100000,100000,1047,44,367,359,0.5,0.5344827586206896,0.5048309178743962
0.4,17,90,42,100000,100000,316,334,367,359,0.5,0.5195121951219512,0.5048309178743962
0.4,17,91,42,100000,100000,1114,349,367,359,0.5,0.5172413793103449,0.5048309178743962
0.4,17,92,42,100000,100000,354,260,367,359,0.5,0.49157303370786515,0.5048309178743962
0.4,17,93,42,100000,100000,423,502,367,359,0.5,0.5063291139240507,0.5048309178743962
0.4,17,94,42,100000,100000,346,776,367,359,0.5,0.5121951219512195,0.5048309178743962
0.4,17,95,42,100000,100000,102,484,367,359,0.5,0.48905109489051096,0.5048309178743962
0.4,17,96,42,100000,100000,399,855,367,359,0.5,0.5164410058027079,0.5048309178743962
0.4,17,97,42,100000,100000,282,127,367,359,0.5,0.5,0.5048309178743962
0.4,17,98,42,100000,100000,43,164,367,359,0.5,0.5454545454545454,0.5048309178743962
0.4,17,99,42,100000,100000,622,112,367,359,0.5,0.4900662251655629,0.5048309178743962
0.4,18,0,42,100000,100000,173,376,341,359,0.5,0.45934959349593496,0.4900990099009901
0.4,18,1,42,100000,100000,561,137,341,359,0.5,0.44751381215469616,0.4900990099009901
0.4,18,2,42,100000,100000,176,512,341,359,0.5,0.456,0.4900990099009901
0.4,18,3,42,100000,100000,486,411,341,359,0.5,0.4864376130198915,0.4900990099009901
0.4,18,4,42,100000,100000,240,162,341,359,0.5,0.4511627906976744,0.4900990099009901
0.4,18,5,42,100000,100000,134,196,341,359,0.5,0.45263157894736844,0.4900990099009901
0.4,18,6,42,100000,100000,432,335,341,359,0.5,0.4797297297297297,0.4900990099009901
0.4,18,7,42,100000,100000,736,356,341,359,0.5,0.4779874213836478,0.4900990099009901
0.4,18,8,42,100000,100000,175,521,341,359,0.5,0.456,0.4900990099009901
0.4,18,9,42,100000,100000,982,229,341,359,0.5,0.4882154882154882,0.4900990099009901
0.4,18,10,42,100000,100000,928,790,341,359,0.5,0.48633364750235625,0.4900990099009901
0.4,18,11,42,100000,100000,365,315,341,359,0.5,0.4688995215311005,0.4900990099009901
0.4,18,12,42,100000,100000,806,231,341,359,0.5,0.48355263157894735,0.4900990099009901
0.4,18,13,42,100000,100000,611,174,341,359,0.5,0.45614035087719296,0.4900990099009901
0.4,18,14,42,100000,100000,346,290,341,359,0.5,0.4751958224543081,0.4900990099009901
0.4,18,15,42,100000,100000,597,812,341,359,0.5,0.48431618569636137,0.4900990099009901
0.4,18,16,42,100000,100000,669,109,341,359,0.5,0.44755244755244755,0.4900990099009901
0.4,18,17,42,100000,100000,144,683,341,359,0.5,0.45365853658536587,0.4900990099009901
0.4,18,18,42,100000,100000,917,151,341,359,0.5,0.4527363184079602,0.4900990099009901
0.4,18,19,42,100000,100000,840,556,341,359,0.5,0.49193548387096775,0.4900990099009901
0.4,18,20,42,100000,100000,395,797,341,359,0.5,0.4868421052631579,0.4900990099009901
0.4,18,21,42,100000,100000,443,94,341,359,0.5,0.4435483870967742,0.4900990099009901
0.4,18,22,42,100000,100000,681,275,341,359,0.5,0.4807692307692308,0.4900990099009901
0.4,18,23,42,100000,100000,731,50,341,359,0.5,0.43661971830985913,0.4900990099009901
0.4,18,24,42,100000,100000,1002,212,341,359,0.5,0.4767025089605735,0.4900990099009901
0.4,18,25,42,100000,100000,139,76,341,359,0.5,0.4215686274509804,0.4900990099009901
0.4,18,26,42,100000,100000,267,73,341,359,0.5,0.41414141414141414,0.4900990099009901
0.4,18,27,42,100000,100000,161,253,341,359,0.5,0.45689655172413796,0.4900990099009901
0.4,18,28,42,100000,100000,378,192,341,359,0.5,0.46062992125984253,0.4900990099009901
0.4,18,29,42,100000,100000,122,667,341,359,0.5,0.4431818181818182,0.4900990099009901
0.4,18,30,42,100000,100000,855,689,341,359,0.5,0.4876210979547901,0.4900990099009901
0.4,18,31,42,100000,100000,168,241,341,359,0.5,0.4583333333333333,0.4900990099009901
0.4,18,32,42,100000,100000,319,178,341,359,0.5,0.45689655172413796,0.4900990099009901
0.4,18,33,42,100000,100000,170,925,341,359,0.5,0.45714285714285713,0.4900990099009901
0.4,18,34,42,100000,100000,514,899,341,359,0.5,0.49053857350800584,0.4900990099009901
0.4,18,35,42,100000,100000,753,210,341,359,0.5,0.4729241877256318,0.4900990099009901
0.4,18,36,42,100000,100000,523,528,341,359,0.5,0.4920863309352518,0.4900990099009901
0.4,18,37,42,100000,100000,69,425,341,359,0.5,0.4158415841584158,0.4900990099009901
0.4,18,38,42,100000,100000,142,380,341,359,0.5,0.4527363184079602,0.4900990099009901
0.4,18,39,42,100000,100000,557,1006,341,359,0.5,0.49193548387096775,0.4900990099009901
0.4,18,40,42,100000,100000,156,220,341,359,0.5,0.4533333333333333,0.4900990099009901
0.4,18,41,42,100000,100000,386,43,341,359,0.5,0.4444444444444444,0.4900990099009901
0.4,18,42,42,100000,100000,407,188,341,359,0.5,0.45934959349593496,0.4900990099009901
0.4,18,43,42,100000,100000,454,361,341,359,0.5,0.48125,0.4900990099009901
0.4,18,44,42,100000,100000,963,156,341,359,0.5,0.45365853658536587,0.4900990099009901
0.4,18,45,42,100000,100000,531,567,341,359,0.5,0.49014084507042255,0.4900990099009901
0.4,18,46,42,100000,100000,66,321,341,359,0.5,0.40625,0.4900990099009901
0.4,18,47,42,100000,100000,197,175,341,359,0.5,0.45652173913043476,0.4900990099009901
0.4,18,48,42,100000,100000,503,340,341,359,0.5,0.4779735682819383,0.4900990099009901
0.4,18,49,42,100000,100000,536,106,341,359,0.5,0.44285714285714284,0.4900990099009901
0.4,18,50,42,100000,100000,458,1098,341,359,0.5,0.4885245901639344,0.4900990099009901
0.4,18,51,42,100000,100000,430,669,341,359,0.5,0.48353552859618715,0.4900990099009901
0.4,18,52,42,100000,100000,455,37,341,359,0.5,0.4528301886792453,0.4900990099009901
0.4,18,53,42,100000,100000,262,620,341,359,0.5,0.48066298342541436,0.4900990099009901
0.4,18,54,42,100000,100000,329,123,341,359,0.5,0.44785276073619634,0.4900990099009901
0.4,18,55,42,100000,100000,544,90,341,359,0.5,0.44166666666666665,0.4900990099009901
0.4,18,56,42,100000,100000,265,448,341,359,0.5,0.4808743169398907,0.4900990099009901
0.4,18,57,42,100000,100000,771,294,341,359,0.5,0.4719387755102041,0.4900990099009901
0.4,18,58,42,100000,100000,772,685,341,359,0.5,0.4880694143167028,0.4900990099009901
0.4,18,59,42,100000,100000,102,120,341,359,0.5,0.4452054794520548,0.4900990099009901
0.4,18,60,42,100000,100000,423,92,341,359,0.5,0.4462809917355372,0.4900990099009901
0.4,18,61,42,100000,100000,173,644,341,359,0.5,0.45934959349593496,0.4900990099009901
0.4,18,62,42,100000,100000,474,249,341,359,0.5,0.48466257668711654,0.4900990099009901
0.4,18,63,42,100000,100000,527,271,341,359,0.5,0.48579545454545453,0.4900990099009901
0.4,18,64,42,100000,100000,431,199,341,359,0.5,0.46946564885496184,0.4900990099009901
0.4,18,65,42,100000,100000,652,508,341,359,0.5,0.49122807017543857,0.4900990099009901
0.4,18,66,42,100000,100000,190,244,341,359,0.5,0.4699248120300752,0.4900990099009901
0.4,18,67,42,100000,100000,789,207,341,359,0.5,0.4725274725274725,0.4900990099009901
0.4,18,68,42,100000,100000,258,326,341,359,0.5,0.48324022346368717,0.4900990099009901
0.4,18,69,42,100000,100000,414,895,341,359,0.5,0.4865350089766607,0.4900990099009901
0.4,18,70,42,100000,100000,107,255,341,359,0.5,0.4473684210526316,0.4900990099009901
0.4,18,71,42,100000,100000,310,403,341,359,0.5,0.4755244755244755,0.4900990099009901
0.4,18,72,42,100000,100000,350,105,341,359,0.5,0.44525547445255476,0.4900990099009901
0.4,18,73,42,100000,100000,196,194,341,359,0.5,0.46484375,0.4900990099009901
0.4,18,74,42,100000,100000,289,228,341,359,0.5,0.4882154882154882,0.4900990099009901
0.4,18,75,42,100000,100000,892,282,341,359,0.5,0.4837837837837838,0.4900990099009901
0.4,18,76,42,100000,100000,752,531,341,359,0.5,0.4909090909090909,0.4900990099009901
0.4,18,77,42,100000,100000,293,116,341,359,0.5,0.445859872611465,0.4900990099009901
0.4,18,78,42,100000,100000,150,131,341,359,0.5,0.44,0.4900990099009901
0.4,18,79,42,100000,100000,1113,465,341,359,0.5,0.48963317384370014,0.4900990099009901
0.4,18,80,42,100000,100000,374,442,341,359,0.5,0.47843137254901963,0.4900990099009901
0.4,18,81,42,100000,100000,329,153,341,359,0.5,0.45320197044334976,0.4900990099009901
0.4,18,82,42,100000,100000,415,219,341,359,0.5,0.4808362369337979,0.4900990099009901
0.4,18,83,42,100000,100000,901,225,341,359,0.5,0.4880546075085324,0.4900990099009901
0.4,18,84,42,100000,100000,213,203,341,359,0.5,0.4699248120300752,0.4900990099009901
0.4,18,85,42,100000,100000,277,102,341,359,0.5,0.44776119402985076,0.4900990099009901
0.4,18,86,42,100000,100000,629,455,341,359,0.5,0.48863636363636365,0.4900990099009901
0.4,18,87,42,100000,100000,618,32,341,359,0.5,0.47619047619047616,0.4900990099009901
0.4,18,88,42,100000,100000,108,373,341,359,0.5,0.4473684210526316,0.4900990099009901
0.4,18,89,42,100000,100000,165,165,341,359,0.5,0.45871559633027525,0.4900990099009901
0.4,18,90,42,100000,100000,560,412,341,359,0.5,0.4864376130198915,0.4900990099009901
0.4,18,91,42,100000,100000,487,78,341,359,0.5,0.411214953271028,0.4900990099009901
0.4,18,92,42,100000,100000,619,170,341,359,0.5,0.45495495495495497,0.4900990099009901
0.4,18,93,42,100000,100000,50,524,341,359,0.5,0.45454545454545453,0.4900990099009901
0.4,18,94,42,100000,100000,134,119,341,359,0.5,0.44936708860759494,0.4900990099009901
0.4,18,95,42,100000,100000,104,498,341,359,0.5,0.44,0.4900990099009901
0.4,18,96,42,100000,100000,190,630,341,359,0.5,0.4699248120300752,0.4900990099009901
0.4,18,97,42,100000,100000,965,34,341,359,0.5,0.46808510638297873,0.4900990099009901
0.4,18,98,42,100000,100000,291,611,341,359,0.5,0.47619047619047616,0.4900990099009901
0.4,18,99,42,100000,100000,1097,159,341,359,0.5,0.45714285714285713,0.4900990099009901
0.4,19,0,42,100000,100000,167,146,373,383,0.5,0.5106382978723404,0.4963680387409201
0.4,19,1,42,100000,100000,186,266,373,383,0.5,0.5219123505976095,0.4963680387409201
0.4,19,2,42,100000,100000,187,624,373,383,0.5,0.5219123505976095,0.4963680387409201
0.4,19,3,42,100000,100000,677,876,373,383,0.5,0.5010893246187363,0.4963680387409201
0.4,19,4,42,100000,100000,312,62,373,383,0.5,0.5185185185185185,0.4963680387409201
0.4,19,5,42,100000,100000,405,130,373,383,0.5,0.5121951219512195,0.4963680387409201
0.4,19,6,42,100000,100000,408,628,373,383,0.5,0.4990791896869245,0.4963680387409201
0.4,19,7,42,100000,100000,447,201,373,383,0.5,0.5219123505976095,0.4963680387409201
0.4,19,8,42,100000,100000,602,429,373,383,0.5,0.49040139616055844,0.4963680387409201
0.4,19,9,42,100000,100000,300,545,373,383,0.5,0.5111111111111111,0.4963680387409201
0.4,19,10,42,100000,100000,548,118,373,383,0.5,0.5135135135135135,0.4963680387409201
0.4,19,11,42,100000,100000,270,454,373,383,0.5,0.5081521739130435,0.4963680387409201
0.4,19,12,42,100000,100000,343,200,373,383,0.5,0.5219123505976095,0.4963680387409201
0.4,19,13,42,100000,100000,317,77,373,383,0.5,0.49038461538461536,0.4963680387409201
0.4,19,14,42,100000,100000,367,262,373,383,0.5,0.5103244837758112,0.4963680387409201
0.4,19,15,42,100000,100000,60,187,373,383,0.5,0.5125,0.4963680387409201
0.4,19,16,42,100000,100000,232,206,373,383,0.5,0.5056603773584906,0.4963680387409201
0.4,19,17,42,100000,100000,180,224,373,383,0.5,0.516260162601626,0.4963680387409201
0.4,19,18,42,100000,100000,811,682,373,383,0.5,0.49608062709966405,0.4963680387409201
0.4,19,19,42,100000,100000,122,389,373,383,0.5,0.5121951219512195,0.4963680387409201
0.4,19,20,42,100000,100000,96,133,373,383,0.5,0.536,0.4963680387409201
0.4,19,21,42,100000,100000,181,549,373,383,0.5,0.516260162601626,0.4963680387409201
0.4,19,22,42,100000,100000,203,466,373,383,0.5,0.5036231884057971,0.4963680387409201
0.4,19,23,42,100000,100000,708,331,373,383,0.5,0.5057736720554272,0.4963680387409201
0.4,19,24,42,100000,100000,63,965,373,383,0.5,0.5180722891566265,0.4963680387409201
0.4,19,25,42,100000,100000,832,317,373,383,0.5,0.5097560975609756,0.4963680387409201
0.4,19,26,42,100000,100000,404,465,373,383,0.5,0.5009276437847866,0.4963680387409201
0.4,19,27,42,100000,100000,105,10,373,383,0.5,0.5714285714285714,0.4963680387409201
0.4,19,28,42,100000,100000,418,155,373,383,0.5,0.5151515151515151,0.4963680387409201
0.4,19,29,42,100000,100000,178,201,373,383,0.5,0.5122950819672131,0.4963680387409201
0.4,19,30,42,100000,100000,51,107,373,383,0.5,0.5072463768115942,0.4963680387409201
0.4,19,31,42,100000,100000,69,718,373,383,0.5,0.5111111111111111,0.4963680387409201
0.4,19,32,42,100000,100000,276,182,373,383,0.5,0.5217391304347826,0.4963680387409201
0.4,19,33,42,100000,100000,466,760,373,383,0.5,0.4904153354632588,0.4963680387409201
0.4,19,34,42,100000,100000,427,380,373,383,0.5,0.5050100200400801,0.4963680387409201
0.4,19,35,42,100000,100000,780,581,373,383,0.5,0.4915693904020752,0.4963680387409201
0.4,19,36,42,100000,100000,394,272,373,383,0.5,0.5142857142857142,0.4963680387409201
0.4,19,37,42,100000,100000,532,225,373,383,0.5,0.5154639175257731,0.4963680387409201
0.4,19,38,42,100000,100000,400,996,373,383,0.5,0.5018656716417911,0.4963680387409201
0.4,19,39,42,100000,100000,780,362,373,383,0.5,0.5,0.4963680387409201
0.4,19,40,42,100000,100000,449,329,373,383,0.5,0.505800464037123,0.4963680387409201
0.4,19,41,42,100000,100000,140,485,373,383,0.5,0.5157894736842106,0.4963680387409201
0.4,19,42,42,100000,100000,670,191,373,383,0.5,0.5122950819672131,0.4963680387409201
0.4,19,43,42,100000,100000,22,440,373,383,0.5,0.5862068965517241,0.4963680387409201
0.4,19,44,42,100000,100000,370,280,373,383,0.5,0.5138888888888888,0.4963680387409201
0.4,19,45,42,100000,100000,219,552,373,383,0.5,0.5170068027210885,0.4963680387409201
0.4,19,46,42,100000,100000,465,502,373,383,0.5,0.4904153354632588,0.4963680387409201
0.4,19,47,42,100000,100000,55,659,373,383,0.5,0.5205479452054794,0.4963680387409201
0.4,19,48,42,100000,100000,757,132,373,383,0.5,0.5,0.4963680387409201
0.4,19,49,42,100000,100000,505,77,373,383,0.5,0.49038461538461536,0.4963680387409201
0.4,19,50,42,100000,100000,799,376,373,383,0.5,0.503030303030303,0.4963680387409201
0.4,19,51,42,100000,100000,127,1068,373,383,0.5,0.5,0.4963680387409201
0.4,19,52,42,100000,100000,256,196,373,383,0.5,0.52,0.4963680387409201
0.4,19,53,42,100000,100000,135,333,373,383,0.5,0.5054347826086957,0.4963680387409201
0.4,19,54,42,100000,100000,942,643,373,383,0.5,0.49644549763033174,0.4963680387409201
0.4,19,55,42,100000,100000,201,697,373,383,0.5,0.5018315018315018,0.4963680387409201
0.4,19,56,42,100000,100000,169,741,373,383,0.5,0.5238095238095238,0.4963680387409201
0.4,19,57,42,100000,100000,299,126,373,383,0.5,0.5093167701863354,0.4963680387409201
0.4,19,58,42,100000,100000,360,49,373,383,0.5,0.484375,0.4963680387409201
0.4,19,59,42,100000,100000,240,41,373,383,0.5,0.4727272727272727,0.4963680387409201
0.4,19,60,42,100000,100000,380,345,373,383,0.5,0.5010989010989011,0.4963680387409201
0.4,19,61,42,100000,100000,883,165,373,383,0.5,0.5167464114832536,0.4963680387409201
0.4,19,62,42,100000,100000,227,226,373,383,0.5,0.5154639175257731,0.4963680387409201
0.4,19,63,42,100000,100000,224,974,373,383,0.5,0.5114754098360655,0.4963680387409201
0.4,19,64,42,100000,100000,864,1133,373,383,0.5,0.4878253568429891,0.4963680387409201
0.4,19,65,42,100000,100000,436,423,373,383,0.5,0.49376114081996436,0.4963680387409201
0.4,19,66,42,100000,100000,174,507,373,383,0.5,0.5211864406779662,0.4963680387409201
0.4,19,67,42,100000,100000,592,363,373,383,0.5,0.498960498960499,0.4963680387409201
0.4,19,68,42,100000,100000,76,278,373,383,0.5,0.49,0.4963680387409201
0.4,19,69,42,100000,100000,193,651,373,383,0.5,0.5056603773584906,0.4963680387409201
0.4,19,70,42,100000,100000,311,869,373,383,0.5,0.5071428571428571,0.4963680387409201
0.4,19,71,42,100000,100000,286,404,373,383,0.5,0.5051546391752577,0.4963680387409201
0.4,19,72,42,100000,100000,715,408,373,383,0.5,0.5009276437847866,0.4963680387409201
0.4,19,73,42,100000,100000,315,106,373,383,0.5,0.5182481751824818,0.4963680387409201
0.4,19,74,42,100000,100000,930,320,373,383,0.5,0.5096153846153846,0.4963680387409201
0.4,19,75,42,100000,100000,572,293,373,383,0.5,0.5052910052910053,0.4963680387409201
0.4,19,76,42,100000,100000,482,144,373,383,0.5,0.5053763440860215,0.4963680387409201
0.4,19,77,42,100000,100000,121,205,373,383,0.5,0.5121951219512195,0.4963680387409201
0.4,19,78,42,100000,100000,442,672,373,383,0.5,0.494077834179357,0.4963680387409201
0.4,19,79,42,100000,100000,350,566,373,383,0.5,0.49786324786324787,0.4963680387409201
0.4,19,80,42,100000,100000,351,322,373,383,0.5,0.5071428571428571,0.4963680387409201
0.4,19,81,42,100000,100000,297,358,373,383,0.5,0.5074626865671642,0.4963680387409201
0.4,19,82,42,100000,100000,330,100,373,383,0.5,0.5230769230769231,0.4963680387409201
0.4,19,83,42,100000,100000,97,120,373,383,0.5,0.536,0.4963680387409201
0.4,19,84,42,100000,100000,304,254,373,383,0.5,0.5122699386503068,0.4963680387409201
0.4,19,85,42,100000,100000,106,192,373,383,0.5,0.5103448275862069,0.4963680387409201
0.4,19,86,42,100000,100000,333,451,373,383,0.5,0.5044843049327354,0.4963680387409201
0.4,19,87,42,100000,100000,305,215,373,383,0.5,0.501779359430605,0.4963680387409201
0.4,19,88,42,100000,100000,582,696,373,383,0.5,0.49240506329113926,0.4963680387409201
0.4,19,89,42,100000,100000,329,329,373,383,0.5,0.505800464037123,0.4963680387409201
0.4,19,90,42,100000,100000,512,683,373,383,0.5,0.4978102189781022,0.4963680387409201
0.4,19,91,42,100000,100000,85,114,373,383,0.5,0.5135135135135135,0.4963680387409201
0.4,19,92,42,100000,100000,793,749,373,383,0.5,0.5041067761806981,0.4963680387409201
0.4,19,93,42,100000,100000,271,734,373,383,0.5,0.5081521739130435,0.4963680387409201
0.4,19,94,42,100000,100000,243,73,373,383,0.5,0.49,0.4963680387409201
0.4,19,95,42,100000,100000,794,437,373,383,0.5,0.4922813036020583,0.4963680387409201
0.4,19,96,42,100000,100000,481,49,373,383,0.5,0.484375,0.4963680387409201
0.4,19,97,42,100000,100000,182,761,373,383,0.5,0.5161290322580645,0.4963680387409201
0.4,19,98,42,100000,100000,293,679,373,383,0.5,0.5050505050505051,0.4963680387409201
0.4,19,99,42,100000,100000,237,307,373,383,0.5,0.5139318885448917,0.4963680387409201
