parameter_alpha,pair_id,seed,A_size,B_size,as_sketch_size_A,as_sketch_size_B,mgh_sketch_size_A,mgh_sketch_size_B,true_jaccard,jaccard_as,jaccard_mgh
0.4,0,0,100000,100000,330,109,380,383,0.5,0.47586206896551725,0.47836538461538464
0.4,0,1,100000,100000,457,820,370,354,0.5,0.5232358003442341,0.524390243902439
0.4,0,2,100000,100000,200,375,368,373,0.5,0.45714285714285713,0.495
0.4,0,3,100000,100000,82,443,370,372,0.5,0.4424778761061947,0.46246973365617433
0.4,0,4,100000,100000,448,139,357,360,0.5,0.5738636363636364,0.5431472081218274
0.4,0,5,100000,100000,250,277,377,367,0.5,0.48632218844984804,0.49635036496350365
0.4,0,6,100000,100000,214,320,353,339,0.5,0.4753521126760563,0.47058823529411764
0.4,0,7,100000,100000,569,499,373,355,0.5,0.4971014492753623,0.4849246231155779
0.4,0,8,100000,100000,215,135,359,372,0.5,0.43646408839779005,0.4825
0.4,0,9,100000,100000,276,180,344,356,0.5,0.42386831275720166,0.4900497512437811
0.4,0,10,100000,100000,298,464,388,386,0.5,0.5520833333333334,0.5035460992907801
0.4,0,11,100000,100000,822,376,373,370,0.5,0.536144578313253,0.531328320802005
0.4,0,12,100000,100000,749,791,355,364,0.5,0.4777992277992278,0.45864661654135336
0.4,0,13,100000,100000,153,140,375,381,0.5,0.510989010989011,0.5378973105134475
0.4,0,14,100000,100000,577,116,356,358,0.5,0.5096774193548387,0.5113350125944585
0.4,0,15,100000,100000,359,196,342,351,0.5,0.4790874524714829,0.48704663212435234
0.4,0,16,100000,100000,17,78,375,372,0.5,0.4166666666666667,0.511002444987775
0.4,0,17,100000,100000,280,858,361,373,0.5,0.5203252032520326,0.5072463768115942
0.4,0,18,100000,100000,220,231,362,371,0.5,0.5363321799307958,0.5173267326732673
0.4,0,19,100000,100000,60,369,356,370,0.5,0.4634146341463415,0.5173267326732673
0.4,0,20,100000,100000,339,282,373,381,0.5,0.5,0.5225653206650831
0.4,0,21,100000,100000,526,500,369,361,0.5,0.5037821482602118,0.4830097087378641
0.4,0,22,100000,100000,68,158,359,363,0.5,0.4942528735632184,0.5086848635235732
0.4,0,23,100000,100000,355,158,357,363,0.5,0.48292682926829267,0.5
0.4,0,24,100000,100000,314,406,363,368,0.5,0.5177304964539007,0.5215189873417722
0.4,0,25,100000,100000,451,625,391,363,0.5,0.5051369863013698,0.5341463414634147
0.4,0,26,100000,100000,465,714,370,364,0.5,0.4871382636655949,0.5232273838630807
0.4,0,27,100000,100000,433,539,379,386,0.5,0.5085910652920962,0.5059665871121718
0.4,0,28,100000,100000,779,690,371,359,0.5,0.507103825136612,0.5315533980582524
0.4,0,29,100000,100000,559,559,392,380,0.5,0.5149863760217984,0.5299760191846523
0.4,0,30,100000,100000,452,119,378,370,0.5,0.48520710059171596,0.47560975609756095
0.4,0,31,100000,100000,401,105,379,386,0.5,0.5606060606060606,0.5493975903614458
0.4,0,32,100000,100000,541,479,360,353,0.5,0.46615384615384614,0.45255474452554745
0.4,0,33,100000,100000,243,279,389,396,0.5,0.5327102803738317,0.49767441860465117
0.4,0,34,100000,100000,625,874,378,380,0.5,0.49642857142857144,0.5223529411764706
0.4,0,35,100000,100000,234,152,390,364,0.5,0.558252427184466,0.5060532687651331
0.4,0,36,100000,100000,317,379,375,377,0.5,0.5094339622641509,0.49514563106796117
0.4,0,37,100000,100000,293,482,376,387,0.5,0.47901234567901235,0.4630071599045346
0.4,0,38,100000,100000,72,107,376,386,0.5,0.494949494949495,0.5301204819277109
0.4,0,39,100000,100000,283,352,355,361,0.5,0.4765625,0.47560975609756095
0.4,0,40,100000,100000,8,61,382,391,0.5,0.46153846153846156,0.4699074074074074
0.4,0,41,100000,100000,179,353,369,367,0.5,0.48535564853556484,0.5288220551378446
0.4,0,42,100000,100000,360,346,378,382,0.5,0.5032397408207343,0.49635036496350365
0.4,0,43,100000,100000,616,426,361,375,0.5,0.48154657293497366,0.4852941176470588
0.4,0,44,100000,100000,164,256,361,376,0.5,0.463519313304721,0.46782178217821785
0.4,0,45,100000,100000,361,218,376,379,0.5,0.4845360824742268,0.49271844660194175
0.4,0,46,100000,100000,276,523,372,388,0.5,0.4909090909090909,0.48226950354609927
0.4,0,47,100000,100000,211,241,361,349,0.5,0.4963235294117647,0.5049751243781094
0.4,0,48,100000,100000,593,447,370,373,0.5,0.5008635578583766,0.49014778325123154
0.4,0,49,100000,100000,169,337,352,367,0.5,0.4560669456066946,0.4423076923076923
0.4,0,50,100000,100000,160,466,360,363,0.5,0.4618834080717489,0.5012468827930174
0.4,0,51,100000,100000,148,208,387,383,0.5,0.49743589743589745,0.4740566037735849
0.4,0,52,100000,100000,293,332,370,367,0.5,0.5091383812010444,0.4830917874396135
0.4,0,53,100000,100000,937,630,369,372,0.5,0.5100354191263282,0.5012468827930174
0.4,0,54,100000,100000,222,507,356,345,0.5,0.512280701754386,0.5282051282051282
0.4,0,55,100000,100000,251,229,394,391,0.5,0.543918918918919,0.4834123222748815
0.4,0,56,100000,100000,382,459,387,378,0.5,0.5140562248995983,0.5274463007159904
0.4,0,57,100000,100000,275,366,347,346,0.5,0.4945652173913043,0.5169712793733682
0.4,0,58,100000,100000,527,571,371,371,0.5,0.5050359712230216,0.4692874692874693
0.4,0,59,100000,100000,223,217,360,364,0.5,0.516245487364621,0.5165394402035624
0.4,0,60,100000,100000,219,388,393,374,0.5,0.4981949458483754,0.49882903981264637
0.4,0,61,100000,100000,222,160,373,376,0.5,0.5384615384615384,0.5085995085995086
0.4,0,62,100000,100000,379,480,367,354,0.5,0.4807692307692308,0.48578199052132703
0.4,0,63,100000,100000,646,1094,360,379,0.5,0.5046189376443418,0.533498759305211
0.4,0,64,100000,100000,368,840,385,384,0.5,0.5,0.5119617224880383
0.4,0,65,100000,100000,191,324,342,349,0.5,0.4866920152091255,0.5193798449612403
0.4,0,66,100000,100000,261,177,376,376,0.5,0.5361702127659574,0.4963325183374083
0.4,0,67,100000,100000,163,274,366,373,0.5,0.5213270142180095,0.5146341463414634
0.4,0,68,100000,100000,627,193,366,365,0.5,0.504,0.4936708860759494
0.4,0,69,100000,100000,628,269,376,375,0.5,0.5,0.5108958837772397
0.4,0,70,100000,100000,362,468,378,392,0.5,0.5369261477045908,0.5250596658711217
0.4,0,71,100000,100000,104,267,355,368,0.5,0.5314685314685315,0.5115089514066496
0.4,0,72,100000,100000,1291,513,373,373,0.5,0.4850640113798009,0.5083932853717026
0.4,0,73,100000,100000,7,11,364,372,0.5,0.6666666666666666,0.5076142131979695
0.4,0,74,100000,100000,899,254,362,361,0.5,0.49283667621776506,0.48635235732009924
0.4,0,75,100000,100000,426,381,374,385,0.5,0.5240963855421686,0.5128205128205128
0.4,0,76,100000,100000,150,261,353,370,0.5,0.46153846153846156,0.48661800486618007
0.4,0,77,100000,100000,163,217,351,344,0.5,0.45871559633027525,0.4605263157894737
0.4,0,78,100000,100000,344,674,372,369,0.5,0.4495798319327731,0.4987593052109181
0.4,0,79,100000,100000,448,324,359,357,0.5,0.5174013921113689,0.49875311720698257
0.4,0,80,100000,100000,337,409,352,370,0.5,0.49145299145299143,0.5
0.4,0,81,100000,100000,165,119,377,371,0.5,0.5290322580645161,0.46601941747572817
0.4,0,82,100000,100000,55,207,356,340,0.5,0.4722222222222222,0.44871794871794873
0.4,0,83,100000,100000,295,778,364,366,0.5,0.504950495049505,0.5063613231552163
0.4,0,84,100000,100000,322,1049,353,346,0.5,0.46226415094339623,0.47341772151898737
0.4,0,85,100000,100000,225,397,364,360,0.5,0.44126984126984126,0.4444444444444444
0.4,0,86,100000,100000,444,210,355,363,0.5,0.4782608695652174,0.4853658536585366
0.4,0,87,100000,100000,249,31,361,372,0.5,0.47619047619047616,0.4876847290640394
0.4,0,88,100000,100000,115,591,369,364,0.5,0.4838709677419355,0.5257985257985258
0.4,0,89,100000,100000,425,84,382,381,0.5,0.4690265486725664,0.5
0.4,0,90,100000,100000,345,413,369,347,0.5,0.4750542299349241,0.4707379134860051
0.4,0,91,100000,100000,257,270,363,358,0.5,0.5,0.508641975308642
0.4,0,92,100000,100000,77,213,374,388,0.5,0.5913978494623656,0.4879807692307692
0.4,0,93,100000,100000,112,386,391,385,0.5,0.528169014084507,0.508274231678487
0.4,0,94,100000,100000,151,102,371,362,0.5,0.4513888888888889,0.4768856447688564
0.4,0,95,100000,100000,439,444,372,367,0.5,0.5225694444444444,0.5477386934673367
0.4,0,96,100000,100000,707,473,358,365,0.5,0.531502423263328,0.5404040404040404
0.4,0,97,100000,100000,1361,540,368,352,0.5,0.5136986301369864,0.504950495049505
0.4,0,98,100000,100000,173,262,371,386,0.5,0.5145228215767634,0.5162790697674419
0.4,0,99,100000,100000,533,38,333,357,0.5,0.48936170212765956,0.5396419437340153
0.4,1,0,100000,100000,80,892,378,378,0.5,0.5520833333333334,0.5144230769230769
0.4,1,1,100000,100000,117,111,366,358,0.5,0.55,0.5239234449760766
0.4,1,2,100000,100000,678,45,365,377,0.5,0.5254237288135594,0.49635036496350365
0.4,1,3,100000,100000,86,380,374,388,0.5,0.5245901639344263,0.4987951807228916
0.4,1,4,100000,100000,234,274,371,379,0.5,0.49074074074074076,0.4963325183374083
0.4,1,5,100000,100000,161,71,368,370,0.5,0.46,0.48877805486284287
0.4,1,6,100000,100000,355,503,371,367,0.5,0.5073684210526316,0.46731234866828086
0.4,1,7,100000,100000,415,695,352,347,0.5,0.49264705882352944,0.47512437810945274
0.4,1,8,100000,100000,259,141,378,379,0.5,0.5303867403314917,0.49406175771971494
0.4,1,9,100000,100000,241,353,376,370,0.5,0.5442622950819672,0.543424317617866
0.4,1,10,100000,100000,363,276,377,366,0.5,0.48284960422163586,0.47665847665847666
0.4,1,11,100000,100000,177,195,368,377,0.5,0.47107438016528924,0.4753694581280788
0.4,1,12,100000,100000,500,371,393,388,0.5,0.46124031007751937,0.5265588914549654
0.4,1,13,100000,100000,156,180,357,351,0.5,0.4975845410628019,0.4900497512437811
0.4,1,14,100000,100000,92,142,363,378,0.5,0.4626865671641791,0.4621026894865526
0.4,1,15,100000,100000,155,403,383,375,0.5,0.5824742268041238,0.5510688836104513
0.4,1,16,100000,100000,328,458,366,373,0.5,0.4866666666666667,0.4730392156862745
0.4,1,17,100000,100000,378,713,375,383,0.5,0.5306122448979592,0.5520581113801453
0.4,1,18,100000,100000,269,164,388,376,0.5,0.49130434782608695,0.53125
0.4,1,19,100000,100000,323,270,354,355,0.5,0.5081967213114754,0.5128865979381443
0.4,1,20,100000,100000,46,40,366,375,0.5,0.6222222222222222,0.47058823529411764
0.4,1,21,100000,100000,48,763,359,351,0.5,0.5076923076923077,0.4807692307692308
0.4,1,22,100000,100000,509,221,342,334,0.5,0.4462025316455696,0.4631043256997455
0.4,1,23,100000,100000,300,214,353,361,0.5,0.4878048780487805,0.4740740740740741
0.4,1,24,100000,100000,79,11,358,356,0.5,0.5,0.49222797927461137
0.4,1,25,100000,100000,477,93,354,362,0.5,0.5,0.5268542199488491
0.4,1,26,100000,100000,485,397,361,349,0.5,0.4646098003629764,0.47692307692307695
0.4,1,27,100000,100000,153,150,369,372,0.5,0.5230769230769231,0.5186104218362283
0.4,1,28,100000,100000,97,1071,356,348,0.5,0.496,0.49385749385749383
0.4,1,29,100000,100000,514,340,357,360,0.5,0.5292792792792793,0.5090439276485789
0.4,1,30,100000,100000,422,473,352,359,0.5,0.5008818342151675,0.486284289276808
0.4,1,31,100000,100000,204,154,364,377,0.5,0.5654450261780105,0.5594936708860759
0.4,1,32,100000,100000,380,409,340,351,0.5,0.4806949806949807,0.48484848484848486
0.4,1,33,100000,100000,251,203,384,370,0.5,0.46853146853146854,0.47129186602870815
0.4,1,34,100000,100000,933,533,382,372,0.5,0.49519890260631,0.4926829268292683
0.4,1,35,100000,100000,388,535,337,347,0.5,0.49812734082397003,0.4811083123425693
0.4,1,36,100000,100000,242,410,354,342,0.5,0.4651898734177215,0.46701846965699206
0.4,1,37,100000,100000,448,228,372,371,0.5,0.5032679738562091,0.47794117647058826
0.4,1,38,100000,100000,353,276,380,384,0.5,0.5,0.4879807692307692
0.4,1,39,100000,100000,59,404,370,381,0.5,0.5,0.5072463768115942
0.4,1,40,100000,100000,199,113,341,347,0.5,0.541095890410959,0.4860759493670886
0.4,1,41,100000,100000,205,193,368,374,0.5,0.46564885496183206,0.5011820330969267
0.4,1,42,100000,100000,36,5,367,367,0.5,1.0,0.5075
0.4,1,43,100000,100000,185,137,368,360,0.5,0.4973544973544973,0.5425
0.4,1,44,100000,100000,809,535,338,332,0.5,0.4681139755766621,0.4949238578680203
0.4,1,45,100000,100000,493,334,373,380,0.5,0.47533632286995514,0.5012048192771085
0.4,1,46,100000,100000,304,473,356,373,0.5,0.5495049504950495,0.550761421319797
0.4,1,47,100000,100000,378,306,355,327,0.5,0.4467120181405896,0.4464751958224543
0.4,1,48,100000,100000,762,1006,375,369,0.5,0.48953140578265203,0.48048780487804876
0.4,1,49,100000,100000,218,167,358,368,0.5,0.5797101449275363,0.5728395061728395
0.4,1,50,100000,100000,174,273,376,375,0.5,0.44398340248962653,0.4797136038186158
0.4,1,51,100000,100000,207,158,370,361,0.5,0.5116279069767442,0.4963144963144963
0.4,1,52,100000,100000,573,85,376,381,0.5,0.5405405405405406,0.5108958837772397
0.4,1,53,100000,100000,817,523,367,361,0.5,0.5021834061135371,0.5025125628140703
0.4,1,54,100000,100000,543,198,355,373,0.5,0.49603174603174605,0.4701492537313433
0.4,1,55,100000,100000,460,913,337,349,0.5,0.4849921011058452,0.5139949109414759
0.4,1,56,100000,100000,380,327,383,375,0.5,0.5311778290993071,0.5208845208845209
0.4,1,57,100000,100000,190,78,371,353,0.5,0.46551724137931033,0.48737373737373735
0.4,1,58,100000,100000,319,151,359,347,0.5,0.5147058823529411,0.5236842105263158
0.4,1,59,100000,100000,187,192,354,357,0.5,0.4823529411764706,0.4601990049751244
0.4,1,60,100000,100000,209,124,375,380,0.5,0.49696969696969695,0.5073529411764706
0.4,1,61,100000,100000,306,158,365,378,0.5,0.5230769230769231,0.538083538083538
0.4,1,62,100000,100000,489,424,384,390,0.5,0.5127737226277372,0.5406698564593302
0.4,1,63,100000,100000,434,38,351,357,0.5,0.6041666666666666,0.49246231155778897
0.4,1,64,100000,100000,339,611,371,374,0.5,0.5190156599552572,0.5254237288135594
0.4,1,65,100000,100000,808,194,350,365,0.5,0.4609375,0.49
0.4,1,66,100000,100000,211,117,368,372,0.5,0.49324324324324326,0.49
0.4,1,67,100000,100000,54,579,340,348,0.5,0.4189189189189189,0.5231958762886598
0.4,1,68,100000,100000,491,1166,367,356,0.5,0.5179407176287052,0.4758269720101781
0.4,1,69,100000,100000,34,377,392,378,0.5,0.5238095238095238,0.4964705882352941
0.4,1,70,100000,100000,181,191,368,381,0.5,0.448,0.4552058111380145
0.4,1,71,100000,100000,269,600,361,362,0.5,0.48501362397820164,0.44717444717444715
0.4,1,72,100000,100000,526,254,385,384,0.5,0.49557522123893805,0.46226415094339623
0.4,1,73,100000,100000,316,467,373,363,0.5,0.49278846153846156,0.516209476309227
0.4,1,74,100000,100000,140,389,366,375,0.5,0.49222797927461137,0.5073529411764706
0.4,1,75,100000,100000,351,909,365,347,0.5,0.5391498881431768,0.4872448979591837
0.4,1,76,100000,100000,283,868,361,349,0.5,0.5191256830601093,0.5267175572519084
0.4,1,77,100000,100000,112,295,357,356,0.5,0.46621621621621623,0.4775
0.4,1,78,100000,100000,428,452,353,375,0.5,0.5017361111111112,0.47549019607843135
0.4,1,79,100000,100000,194,804,363,359,0.5,0.490272373540856,0.493573264781491
0.4,1,80,100000,100000,326,776,351,343,0.5,0.49765258215962443,0.48370927318295737
0.4,1,81,100000,100000,309,241,378,369,0.5,0.49390243902439024,0.5149253731343284
0.4,1,82,100000,100000,413,621,382,381,0.5,0.5411089866156787,0.5539568345323741
0.4,1,83,100000,100000,261,217,350,358,0.5,0.4788732394366197,0.4849246231155779
0.4,1,84,100000,100000,5,356,370,369,0.5,0.8,0.5123152709359606
0.4,1,85,100000,100000,507,69,370,364,0.5,0.5730337078651685,0.5037037037037037
0.4,1,86,100000,100000,338,295,368,368,0.5,0.4811083123425693,0.5147058823529411
0.4,1,87,100000,100000,289,552,365,372,0.5,0.5437665782493368,0.5286783042394015
0.4,1,88,100000,100000,178,71,377,377,0.5,0.5274725274725275,0.5233415233415234
0.4,1,89,100000,100000,841,676,382,385,0.5,0.5116022099447514,0.5260663507109005
0.4,1,90,100000,100000,135,97,365,376,0.5,0.5079365079365079,0.5074257425742574
0.4,1,91,100000,100000,234,372,370,382,0.5,0.5125786163522013,0.526829268292683
0.4,1,92,100000,100000,674,708,392,404,0.5,0.494949494949495,0.4636363636363636
0.4,1,93,100000,100000,108,538,368,378,0.5,0.5165562913907285,0.5011709601873536
0.4,1,94,100000,100000,237,285,382,386,0.5,0.5251572327044025,0.498812351543943
0.4,1,95,100000,100000,239,275,357,370,0.5,0.49544072948328266,0.5112219451371571
0.4,1,96,100000,100000,242,159,368,362,0.5,0.4727272727272727,0.5062034739454094
0.4,1,97,100000,100000,221,765,367,351,0.5,0.5052631578947369,0.5135135135135135
0.4,1,98,100000,100000,289,113,359,352,0.5,0.5283018867924528,0.5221932114882507
0.4,1,99,100000,100000,356,315,364,362,0.5,0.4700460829493088,0.4631043256997455
0.4,2,0,100000,100000,286,725,378,377,0.5,0.5202156334231806,0.5465686274509803
0.4,2,1,100000,100000,548,307,372,359,0.5,0.4744186046511628,0.5266990291262136
0.4,2,2,100000,100000,98,608,370,363,0.5,0.5158730158730159,0.5025252525252525
0.4,2,3,100000,100000,246,302,349,343,0.5,0.4597014925373134,0.5
0.4,2,4,100000,100000,88,208,394,392,0.5,0.5294117647058824,0.5135746606334841
0.4,2,5,100000,100000,392,526,362,368,0.5,0.49429657794676807,0.5136476426799007
0.4,2,6,100000,100000,478,679,371,371,0.5,0.48973143759873616,0.4949748743718593
0.4,2,7,100000,100000,621,590,376,374,0.5,0.514030612244898,0.5024271844660194
0.4,2,8,100000,100000,271,520,348,350,0.5,0.46380697050938335,0.4803921568627451
0.4,2,9,100000,100000,55,44,366,366,0.5,0.390625,0.4927536231884058
0.4,2,10,100000,100000,71,56,387,391,0.5,0.47297297297297297,0.5
0.4,2,11,100000,100000,491,633,371,367,0.5,0.5275974025974026,0.5211970074812967
0.4,2,12,100000,100000,278,66,378,375,0.5,0.4772727272727273,0.4864864864864865
0.4,2,13,100000,100000,520,1312,360,359,0.5,0.5257142857142857,0.49872773536895676
0.4,2,14,100000,100000,655,391,359,351,0.5,0.4810606060606061,0.5338541666666666
0.4,2,15,100000,100000,1150,284,367,358,0.5,0.519893899204244,0.511166253101737
0.4,2,16,100000,100000,657,554,380,359,0.5,0.48616600790513836,0.4543269230769231
0.4,2,17,100000,100000,464,178,349,356,0.5,0.5043103448275862,0.494949494949495
0.4,2,18,100000,100000,441,251,370,365,0.5,0.5174418604651163,0.49622166246851385
0.4,2,19,100000,100000,373,653,378,367,0.5,0.49500998003992014,0.5072463768115942
0.4,2,20,100000,100000,332,247,378,386,0.5,0.47530864197530864,0.49403341288782815
0.4,2,21,100000,100000,224,213,374,392,0.5,0.48727272727272725,0.5322195704057279
0.4,2,22,100000,100000,248,146,362,366,0.5,0.5235602094240838,0.5073529411764706
0.4,2,23,100000,100000,634,651,382,364,0.5,0.5053892215568863,0.48894348894348894
0.4,2,24,100000,100000,455,338,372,365,0.5,0.4851063829787234,0.5096618357487923
0.4,2,25,100000,100000,260,463,389,370,0.5,0.5153374233128835,0.5096618357487923
0.4,2,26,100000,100000,305,162,369,368,0.5,0.49514563106796117,0.5012531328320802
0.4,2,27,100000,100000,575,558,381,365,0.5,0.5140939597315436,0.5048309178743962
0.4,2,28,100000,100000,137,323,362,372,0.5,0.5163043478260869,0.47761194029850745
0.4,2,29,100000,100000,125,253,369,370,0.5,0.47701149425287354,0.5358024691358024
0.4,2,30,100000,100000,1323,382,345,333,0.5,0.5019305019305019,0.493368700265252
0.4,2,31,100000,100000,370,678,379,369,0.5,0.4906832298136646,0.5061728395061729
0.4,2,32,100000,100000,620,293,349,363,0.5,0.5077319587628866,0.49507389162561577
0.4,2,33,100000,100000,406,67,350,353,0.5,0.5402298850574713,0.4859335038363171
0.4,2,34,100000,100000,42,110,363,360,0.5,0.5454545454545454,0.5216284987277354
0.4,2,35,100000,100000,340,23,382,384,0.5,0.6,0.5036496350364964
0.4,2,36,100000,100000,177,301,374,369,0.5,0.4745762711864407,0.47044917257683216
0.4,2,37,100000,100000,394,405,371,354,0.5,0.529296875,0.5323383084577115
0.4,2,38,100000,100000,1087,432,354,355,0.5,0.4905008635578584,0.5284974093264249
0.4,2,39,100000,100000,551,326,361,368,0.5,0.5116279069767442,0.5279187817258884
0.4,2,40,100000,100000,815,250,372,359,0.5,0.5421686746987951,0.49874686716791977
0.4,2,41,100000,100000,91,250,347,368,0.5,0.4838709677419355,0.46551724137931033
0.4,2,42,100000,100000,208,573,366,374,0.5,0.498220640569395,0.5024271844660194
0.4,2,43,100000,100000,99,41,384,384,0.5,0.5714285714285714,0.5
0.4,2,44,100000,100000,342,323,376,365,0.5,0.49206349206349204,0.4914004914004914
0.4,2,45,100000,100000,576,428,359,362,0.5,0.4876325088339223,0.461734693877551
0.4,2,46,100000,100000,40,353,347,366,0.5,0.46774193548387094,0.5145631067961165
0.4,2,47,100000,100000,1433,667,386,383,0.5,0.5117370892018779,0.5333333333333333
0.4,2,48,100000,100000,510,385,376,365,0.5,0.5370741482965932,0.4939467312348668
0.4,2,49,100000,100000,248,261,353,359,0.5,0.44857142857142857,0.4752475247524752
0.4,2,50,100000,100000,155,1027,361,364,0.5,0.5339805825242718,0.5174129353233831
0.4,2,51,100000,100000,266,389,341,343,0.5,0.5172413793103449,0.518324607329843
0.4,2,52,100000,100000,434,407,358,359,0.5,0.5065666041275797,0.5443037974683544
0.4,2,53,100000,100000,228,63,377,376,0.5,0.5802469135802469,0.5279805352798054
0.4,2,54,100000,100000,521,619,342,323,0.5,0.5080291970802919,0.46842105263157896
0.4,2,55,100000,100000,202,884,356,370,0.5,0.5111111111111111,0.47692307692307695
0.4,2,56,100000,100000,386,203,380,361,0.5,0.4726027397260274,0.5048780487804878
0.4,2,57,100000,100000,553,134,358,362,0.5,0.572289156626506,0.5239294710327456
0.4,2,58,100000,100000,51,717,384,376,0.5,0.6065573770491803,0.5201900237529691
0.4,2,59,100000,100000,437,204,391,385,0.5,0.5805243445692884,0.5373493975903615
0.4,2,60,100000,100000,131,65,363,360,0.5,0.4157303370786517,0.47715736040609136
0.4,2,61,100000,100000,664,828,354,372,0.5,0.4966139954853273,0.5157384987893463
0.4,2,62,100000,100000,254,123,371,370,0.5,0.5365853658536586,0.5461346633416458
0.4,2,63,100000,100000,621,439,374,390,0.5,0.5379061371841155,0.5287081339712919
0.4,2,64,100000,100000,103,51,376,376,0.5,0.53125,0.5204819277108433
0.4,2,65,100000,100000,285,494,360,369,0.5,0.5157068062827225,0.5248756218905473
0.4,2,66,100000,100000,486,284,369,377,0.5,0.4932975871313673,0.5183374083129584
0.4,2,67,100000,100000,544,513,348,360,0.5,0.5116959064327485,0.5048780487804878
0.4,2,68,100000,100000,463,573,392,401,0.5,0.5323383084577115,0.5334872979214781
0.4,2,69,100000,100000,676,368,370,346,0.5,0.466796875,0.45885286783042395
0.4,2,70,100000,100000,248,134,362,368,0.5,0.5294117647058824,0.5097560975609756
0.4,2,71,100000,100000,339,366,367,363,0.5,0.4810126582278481,0.47761194029850745
0.4,2,72,100000,100000,383,118,375,374,0.5,0.5510204081632653,0.5419664268585132
0.4,2,73,100000,100000,162,124,370,371,0.5,0.5741935483870968,0.49873417721518987
0.4,2,74,100000,100000,346,315,347,339,0.5,0.481651376146789,0.4708860759493671
0.4,2,75,100000,100000,607,214,341,344,0.5,0.445578231292517,0.49081364829396323
0.4,2,76,100000,100000,305,303,350,373,0.5,0.4701492537313433,0.5221674876847291
0.4,2,77,100000,100000,562,981,356,355,0.5,0.4932795698924731,0.5235732009925558
0.4,2,78,100000,100000,330,313,370,376,0.5,0.5097087378640777,0.49261083743842365
0.4,2,79,100000,100000,656,552,374,364,0.5,0.4821192052980132,0.5187032418952618
0.4,2,80,100000,100000,399,358,356,362,0.5,0.5021834061135371,0.4836272040302267
0.4,2,81,100000,100000,289,252,360,364,0.5,0.4984984984984985,0.5089974293059126
0.4,2,82,100000,100000,467,287,374,365,0.5,0.4923469387755102,0.5037220843672456
0.4,2,83,100000,100000,413,648,354,363,0.5,0.5116696588868941,0.5227272727272727
0.4,2,84,100000,100000,435,426,371,358,0.5,0.46830985915492956,0.47738693467336685
0.4,2,85,100000,100000,8,9,355,347,0.5,0.6,0.48148148148148145
0.4,2,86,100000,100000,664,423,375,387,0.5,0.5232142857142857,0.49403341288782815
0.4,2,87,100000,100000,53,703,371,373,0.5,0.5633802816901409,0.515970515970516
0.4,2,88,100000,100000,376,72,369,373,0.5,0.4891304347826087,0.5099502487562189
0.4,2,89,100000,100000,132,181,363,373,0.5,0.5480225988700564,0.5621890547263682
0.4,2,90,100000,100000,51,173,362,355,0.5,0.5285714285714286,0.4723618090452261
0.4,2,91,100000,100000,173,85,366,351,0.5,0.5083333333333333,0.5265700483091788
0.4,2,92,100000,100000,100,135,345,348,0.5,0.425531914893617,0.505
0.4,2,93,100000,100000,541,681,381,380,0.5,0.5107296137339056,0.5318627450980392
0.4,2,94,100000,100000,523,618,362,359,0.5,0.5294985250737463,0.5143603133159269
0.4,2,95,100000,100000,1056,912,369,375,0.5,0.4925249169435216,0.48148148148148145
0.4,2,96,100000,100000,425,102,380,380,0.5,0.568,0.5
0.4,2,97,100000,100000,642,374,338,340,0.5,0.48879837067209775,0.48284960422163586
0.4,2,98,100000,100000,466,253,372,375,0.5,0.5177514792899408,0.5135802469135803
0.4,2,99,100000,100000,632,336,365,367,0.5,0.49567099567099565,0.45
0.4,3,0,100000,100000,257,81,371,380,0.5,0.5047619047619047,0.4821002386634845
0.4,3,1,100000,100000,269,698,373,372,0.5,0.5526315789473685,0.5626535626535627
0.4,3,2,100000,100000,340,313,363,353,0.5,0.48853211009174313,0.47368421052631576
0.4,3,3,100000,100000,603,735,394,382,0.5,0.49936948297604034,0.4965034965034965
0.4,3,4,100000,100000,907,153,348,350,0.5,0.4854368932038835,0.48320413436692505
0.4,3,5,100000,100000,361,575,370,372,0.5,0.48541666666666666,0.508641975308642
0.4,3,6,100000,100000,233,371,373,363,0.5,0.4934210526315789,0.5036674816625917
0.4,3,7,100000,100000,37,103,335,341,0.5,0.40350877192982454,0.4387755102040816
0.4,3,8,100000,100000,402,338,343,347,0.5,0.4811529933481153,0.4961439588688946
0.4,3,9,100000,100000,709,358,344,339,0.5,0.48466257668711654,0.5204081632653061
0.4,3,10,100000,100000,256,561,369,381,0.5,0.5028409090909091,0.4987951807228916
0.4,3,11,100000,100000,420,851,345,349,0.5,0.4947916666666667,0.4722222222222222
0.4,3,12,100000,100000,347,594,377,360,0.5,0.5203619909502263,0.458128078817734
0.4,3,13,100000,100000,215,178,374,362,0.5,0.5145228215767634,0.4853658536585366
0.4,3,14,100000,100000,314,1122,375,381,0.5,0.511002444987775,0.4939467312348668
0.4,3,15,100000,100000,967,509,376,373,0.5,0.49853801169590645,0.4634146341463415
0.4,3,16,100000,100000,395,205,337,342,0.5,0.47619047619047616,0.4746666666666667
0.4,3,17,100000,100000,278,275,362,373,0.5,0.4501347708894879,0.4427860696517413
0.4,3,18,100000,100000,38,34,371,390,0.5,0.4864864864864865,0.4588235294117647
0.4,3,19,100000,100000,186,390,365,378,0.5,0.516,0.4875
0.4,3,20,100000,100000,671,238,372,360,0.5,0.48502994011976047,0.47642679900744417
0.4,3,21,100000,100000,723,595,373,391,0.5,0.4693366708385482,0.49065420560747663
0.4,3,22,100000,100000,279,315,381,383,0.5,0.48195876288659795,0.4940898345153664
0.4,3,23,100000,100000,653,453,366,360,0.5,0.5177664974619289,0.5076923076923077
0.4,3,24,100000,100000,714,1167,381,379,0.5,0.49222797927461137,0.48
0.4,3,25,100000,100000,185,674,382,372,0.5,0.5338983050847458,0.530562347188264
0.4,3,26,100000,100000,439,355,363,370,0.5,0.5064377682403434,0.5280612244897959
0.4,3,27,100000,100000,740,727,369,364,0.5,0.5188284518828452,0.5585365853658537
0.4,3,28,100000,100000,416,346,379,383,0.5,0.5066079295154186,0.49406175771971494
0.4,3,29,100000,100000,72,94,368,355,0.5,0.5581395348837209,0.494949494949495
0.4,3,30,100000,100000,729,419,378,378,0.5,0.5135135135135135,0.5185185185185185
0.4,3,31,100000,100000,182,118,374,375,0.5,0.5637583892617449,0.533498759305211
0.4,3,32,100000,100000,793,819,376,356,0.5,0.49533582089552236,0.4797979797979798
0.4,3,33,100000,100000,258,171,380,393,0.5,0.5275229357798165,0.5095238095238095
0.4,3,34,100000,100000,343,202,354,359,0.5,0.5193798449612403,0.5137844611528822
0.4,3,35,100000,100000,335,802,364,361,0.5,0.47874720357941836,0.49622166246851385
0.4,3,36,100000,100000,232,119,348,361,0.5,0.5238095238095238,0.5037406483790524
0.4,3,37,100000,100000,554,161,363,367,0.5,0.5485436893203883,0.515
0.4,3,38,100000,100000,415,530,376,370,0.5,0.5100917431192661,0.495
0.4,3,39,100000,100000,227,406,375,384,0.5,0.5233333333333333,0.5049019607843137
0.4,3,40,100000,100000,98,983,350,353,0.5,0.4744525547445255,0.5102564102564102
0.4,3,41,100000,100000,861,508,367,357,0.5,0.481962481962482,0.4821002386634845
0.4,3,42,100000,100000,418,380,363,350,0.5,0.4459203036053131,0.44364508393285373
0.4,3,43,100000,100000,223,89,372,358,0.5,0.4881889763779528,0.511166253101737
0.4,3,44,100000,100000,362,555,385,393,0.5,0.5316455696202531,0.5022522522522522
0.4,3,45,100000,100000,661,426,369,363,0.5,0.484375,0.48687350835322196
0.4,3,46,100000,100000,88,174,394,395,0.5,0.475,0.5276497695852534
0.4,3,47,100000,100000,78,91,354,347,0.5,0.6060606060606061,0.5305039787798409
0.4,3,48,100000,100000,48,68,379,385,0.5,0.4507042253521127,0.4580335731414868
0.4,3,49,100000,100000,66,250,372,389,0.5,0.4782608695652174,0.49403341288782815
0.4,3,50,100000,100000,275,405,366,362,0.5,0.47411444141689374,0.44110275689223055
0.4,3,51,100000,100000,182,604,362,370,0.5,0.5714285714285714,0.5176767676767676
0.4,3,52,100000,100000,120,65,379,374,0.5,0.49411764705882355,0.5085158150851582
0.4,3,53,100000,100000,56,69,368,371,0.5,0.5774647887323944,0.5256723716381418
0.4,3,54,100000,100000,587,613,382,363,0.5,0.48148148148148145,0.48936170212765956
0.4,3,55,100000,100000,254,127,335,343,0.5,0.5220125786163522,0.4947916666666667
0.4,3,56,100000,100000,98,234,354,361,0.5,0.518796992481203,0.5187032418952618
0.4,3,57,100000,100000,748,778,369,360,0.5,0.4930139720558882,0.5184275184275184
0.4,3,58,100000,100000,110,145,365,367,0.5,0.3974358974358974,0.43243243243243246
0.4,3,59,100000,100000,169,332,375,380,0.5,0.5740740740740741,0.5422885572139303
0.4,3,60,100000,100000,320,235,361,366,0.5,0.49666666666666665,0.5242966751918159
0.4,3,61,100000,100000,370,377,348,351,0.5,0.4909819639278557,0.5104166666666666
0.4,3,62,100000,100000,150,544,371,369,0.5,0.51,0.4938875305623472
0.4,3,63,100000,100000,419,485,366,366,0.5,0.5053763440860215,0.5210918114143921
0.4,3,64,100000,100000,253,254,366,391,0.5,0.49221183800623053,0.5288461538461539
0.4,3,65,100000,100000,371,140,364,357,0.5,0.521978021978022,0.5297029702970297
0.4,3,66,100000,100000,381,401,377,365,0.5,0.5403726708074534,0.5445544554455446
0.4,3,67,100000,100000,154,142,335,331,0.5,0.5161290322580645,0.5241935483870968
0.4,3,68,100000,100000,480,249,369,367,0.5,0.501466275659824,0.516209476309227
0.4,3,69,100000,100000,391,245,357,354,0.5,0.4732142857142857,0.46539379474940334
0.4,3,70,100000,100000,100,606,369,347,0.5,0.4453125,0.4753694581280788
0.4,3,71,100000,100000,356,198,363,373,0.5,0.5019455252918288,0.525
0.4,3,72,100000,100000,399,96,379,371,0.5,0.5111111111111111,0.5232273838630807
0.4,3,73,100000,100000,41,28,362,349,0.5,0.4594594594594595,0.48704663212435234
0.4,3,74,100000,100000,134,102,373,386,0.5,0.5528455284552846,0.5269607843137255
0.4,3,75,100000,100000,356,383,372,361,0.5,0.43313373253493015,0.45544554455445546
0.4,3,76,100000,100000,186,100,374,383,0.5,0.5483870967741935,0.5425790754257908
0.4,3,77,100000,100000,274,699,376,382,0.5,0.5524079320113314,0.5326876513317191
0.4,3,78,100000,100000,169,495,363,379,0.5,0.46887966804979253,0.48009950248756217
0.4,3,79,100000,100000,1004,1202,384,378,0.5,0.4962962962962963,0.5261904761904762
0.4,3,80,100000,100000,304,371,379,374,0.5,0.4771084337349398,0.4988235294117647
0.4,3,81,100000,100000,276,412,374,381,0.5,0.5234159779614325,0.5070754716981132
0.4,3,82,100000,100000,540,307,386,376,0.5,0.5,0.5369928400954654
0.4,3,83,100000,100000,642,550,388,378,0.5,0.5060728744939271,0.4988235294117647
0.4,3,84,100000,100000,402,220,360,366,0.5,0.47635135135135137,0.4837905236907731
0.4,3,85,100000,100000,87,80,362,365,0.5,0.5148514851485149,0.5286783042394015
0.4,3,86,100000,100000,286,560,364,378,0.5,0.47619047619047616,0.4875
0.4,3,87,100000,100000,588,384,370,376,0.5,0.4794520547945205,0.4771084337349398
0.4,3,88,100000,100000,336,206,353,370,0.5,0.4296028880866426,0.4458128078817734
0.4,3,89,100000,100000,273,188,356,356,0.5,0.42748091603053434,0.46228710462287104
0.4,3,90,100000,100000,459,71,353,360,0.5,0.5172413793103449,0.4708860759493671
0.4,3,91,100000,100000,230,434,367,377,0.5,0.5,0.4864864864864865
0.4,3,92,100000,100000,279,341,369,368,0.5,0.48404255319148937,0.45885286783042395
0.4,3,93,100000,100000,286,353,367,366,0.5,0.5,0.49122807017543857
0.4,3,94,100000,100000,606,1401,362,363,0.5,0.5177664974619289,0.5199004975124378
0.4,3,95,100000,100000,284,278,366,372,0.5,0.4672131147540984,0.47073170731707314
0.4,3,96,100000,100000,112,103,346,346,0.5,0.5034965034965035,0.5037783375314862
0.4,3,97,100000,100000,237,80,345,355,0.5,0.5148514851485149,0.4836272040302267
0.4,3,98,100000,100000,589,606,346,340,0.5,0.4968314321926489,0.4923469387755102
0.4,3,99,100000,100000,584,681,383,379,0.5,0.5077519379844961,0.48705882352941177
0.4,4,0,100000,100000,247,198,388,393,0.5,0.5887096774193549,0.5258215962441315
0.4,4,1,100000,100000,39,334,377,371,0.5,0.5777777777777777,0.5085995085995086
0.4,4,2,100000,100000,453,293,373,358,0.5,0.4914004914004914,0.49242424242424243
0.4,4,3,100000,100000,128,163,399,396,0.5,0.5555555555555556,0.5558139534883721
0.4,4,4,100000,100000,262,158,371,369,0.5,0.5072463768115942,0.5125
0.4,4,5,100000,100000,413,502,371,368,0.5,0.5126811594202898,0.5048076923076923
0.4,4,6,100000,100000,929,331,353,360,0.5,0.46578366445916114,0.4962025316455696
0.4,4,7,100000,100000,453,61,367,374,0.5,0.4222222222222222,0.48936170212765956
0.4,4,8,100000,100000,299,298,371,369,0.5,0.5218508997429306,0.5371287128712872
0.4,4,9,100000,100000,407,247,399,391,0.5,0.5258358662613982,0.5294117647058824
0.4,4,10,100000,100000,843,756,377,379,0.5,0.5062200956937799,0.5233415233415234
0.4,4,11,100000,100000,592,414,374,369,0.5,0.4722222222222222,0.47174447174447176
0.4,4,12,100000,100000,969,452,371,361,0.5,0.5066225165562914,0.504950495049505
0.4,4,13,100000,100000,297,159,374,362,0.5,0.5432692307692307,0.5187032418952618
0.4,4,14,100000,100000,160,303,373,379,0.5,0.43171806167400884,0.48564593301435405
0.4,4,15,100000,100000,124,56,357,359,0.5,0.49333333333333335,0.5061425061425061
0.4,4,16,100000,100000,202,287,369,373,0.5,0.5037037037037037,0.4552238805970149
0.4,4,17,100000,100000,306,386,372,369,0.5,0.49748743718592964,0.490521327014218
0.4,4,18,100000,100000,294,430,388,369,0.5,0.4909090909090909,0.53125
0.4,4,19,100000,100000,442,310,371,365,0.5,0.5169082125603864,0.5233415233415234
0.4,4,20,100000,100000,437,503,381,393,0.5,0.5016835016835017,0.4964200477326969
0.4,4,21,100000,100000,665,1012,381,372,0.5,0.5017221584385764,0.5235732009925558
0.4,4,22,100000,100000,294,439,364,368,0.5,0.49622166246851385,0.494949494949495
0.4,4,23,100000,100000,426,679,373,367,0.5,0.4982394366197183,0.48792270531400966
0.4,4,24,100000,100000,760,515,368,391,0.5,0.48542274052478135,0.477326968973747
0.4,4,25,100000,100000,179,181,377,374,0.5,0.5530973451327433,0.5185185185185185
0.4,4,26,100000,100000,189,203,364,377,0.5,0.5542168674698795,0.527363184079602
0.4,4,27,100000,100000,593,906,377,379,0.5,0.48702101359703337,0.46411483253588515
0.4,4,28,100000,100000,622,416,387,386,0.5,0.4823943661971831,0.5095238095238095
0.4,4,29,100000,100000,517,396,381,366,0.5,0.4676524953789279,0.4889975550122249
0.4,4,30,100000,100000,728,535,386,371,0.5,0.49511854951185497,0.5181598062953995
0.4,4,31,100000,100000,51,46,371,359,0.5,0.5573770491803278,0.4975247524752475
0.4,4,32,100000,100000,729,544,390,363,0.5,0.4993252361673414,0.5179856115107914
0.4,4,33,100000,100000,415,492,380,383,0.5,0.5438282647584973,0.5230024213075061
0.4,4,34,100000,100000,817,1051,391,388,0.5,0.5099337748344371,0.5059101654846335
0.4,4,35,100000,100000,782,374,371,368,0.5,0.5131313131313131,0.5024630541871922
0.4,4,36,100000,100000,514,425,367,357,0.5,0.512280701754386,0.5419847328244275
0.4,4,37,100000,100000,926,521,366,367,0.5,0.48579545454545453,0.49382716049382713
0.4,4,38,100000,100000,169,373,375,390,0.5,0.5,0.48564593301435405
0.4,4,39,100000,100000,510,317,373,379,0.5,0.49029126213592233,0.47877358490566035
0.4,4,40,100000,100000,270,266,358,378,0.5,0.4792243767313019,0.505
0.4,4,41,100000,100000,873,855,370,375,0.5,0.5085817524841915,0.49014778325123154
0.4,4,42,100000,100000,203,199,388,375,0.5,0.5135135135135135,0.47754137115839246
0.4,4,43,100000,100000,329,340,373,375,0.5,0.503370786516854,0.470873786407767
0.4,4,44,100000,100000,730,845,396,386,0.5,0.4761421319796954,0.49534883720930234
0.4,4,45,100000,100000,953,761,369,359,0.5,0.48987463837994216,0.5075
0.4,4,46,100000,100000,238,153,356,371,0.5,0.4898989898989899,0.47044334975369456
0.4,4,47,100000,100000,450,297,355,366,0.5,0.5408970976253298,0.5541237113402062
0.4,4,48,100000,100000,383,43,369,388,0.5,0.5882352941176471,0.5437352245862884
0.4,4,49,100000,100000,163,60,363,374,0.5,0.5205479452054794,0.5
0.4,4,50,100000,100000,451,306,364,366,0.5,0.5268542199488491,0.5544794188861986
0.4,4,51,100000,100000,133,143,366,364,0.5,0.5294117647058824,0.5098522167487685
0.4,4,52,100000,100000,201,176,377,374,0.5,0.4979253112033195,0.4975609756097561
0.4,4,53,100000,100000,323,337,377,376,0.5,0.4965034965034965,0.5035799522673031
0.4,4,54,100000,100000,304,234,376,367,0.5,0.4919614147909968,0.48129675810473815
0.4,4,55,100000,100000,581,425,370,386,0.5,0.5463137996219282,0.5184275184275184
0.4,4,56,100000,100000,263,303,364,379,0.5,0.546742209631728,0.5325
0.4,4,57,100000,100000,821,720,353,356,0.5,0.4994731296101159,0.5063291139240507
0.4,4,58,100000,100000,502,176,381,381,0.5,0.521551724137931,0.5223529411764706
0.4,4,59,100000,100000,204,269,378,370,0.5,0.5111940298507462,0.5185185185185185
0.4,4,60,100000,100000,125,67,373,353,0.5,0.5222222222222223,0.5251256281407035
0.4,4,61,100000,100000,193,184,372,374,0.5,0.5423728813559322,0.5137844611528822
0.4,4,62,100000,100000,97,88,362,380,0.5,0.48695652173913045,0.5388235294117647
0.4,4,63,100000,100000,571,753,374,351,0.5,0.5274725274725275,0.529113924050633
0.4,4,64,100000,100000,383,284,362,373,0.5,0.5169491525423728,0.5463659147869674
0.4,4,65,100000,100000,276,552,353,367,0.5,0.47354497354497355,0.46078431372549017
0.4,4,66,100000,100000,326,524,354,350,0.5,0.47380410022779046,0.5037783375314862
0.4,4,67,100000,100000,297,112,365,349,0.5,0.4967741935483871,0.49875311720698257
0.4,4,68,100000,100000,289,543,372,365,0.5,0.5146666666666667,0.48284313725490197
0.4,4,69,100000,100000,637,358,354,343,0.5,0.4979757085020243,0.4708860759493671
0.4,4,70,100000,100000,71,359,348,348,0.5,0.53125,0.4857142857142857
0.4,4,71,100000,100000,60,16,364,372,0.5,0.3125,0.47277227722772275
0.4,4,72,100000,100000,430,340,387,377,0.5,0.5381165919282511,0.5476190476190477
0.4,4,73,100000,100000,343,835,363,367,0.5,0.5288888888888889,0.5256410256410257
0.4,4,74,100000,100000,1118,1134,364,349,0.5,0.4922558922558923,0.5012285012285013
0.4,4,75,100000,100000,101,118,373,373,0.5,0.592,0.5401459854014599
0.4,4,76,100000,100000,778,1040,375,385,0.5,0.5242814667988107,0.5509708737864077
0.4,4,77,100000,100000,400,360,378,385,0.5,0.5436681222707423,0.5256723716381418
0.4,4,78,100000,100000,683,542,375,368,0.5,0.5150645624103299,0.5175
0.4,4,79,100000,100000,164,203,370,377,0.5,0.547945205479452,0.5307125307125307
0.4,4,80,100000,100000,585,384,362,366,0.5,0.49700598802395207,0.5210918114143921
0.4,4,81,100000,100000,374,254,351,359,0.5,0.52,0.48743718592964824
0.4,4,82,100000,100000,204,247,378,370,0.5,0.4575645756457565,0.5012165450121655
0.4,4,83,100000,100000,719,467,374,356,0.5,0.5024232633279483,0.5150753768844221
0.4,4,84,100000,100000,657,288,375,380,0.5,0.49343832020997375,0.5097087378640777
0.4,4,85,100000,100000,781,798,361,364,0.5,0.5389863547758285,0.5461346633416458
0.4,4,86,100000,100000,616,545,372,382,0.5,0.5488826815642458,0.5517241379310345
0.4,4,87,100000,100000,219,199,377,369,0.5,0.5538461538461539,0.5456730769230769
0.4,4,88,100000,100000,45,30,379,371,0.5,0.4375,0.49033816425120774
0.4,4,89,100000,100000,323,410,350,365,0.5,0.47161572052401746,0.44768856447688565
0.4,4,90,100000,100000,446,211,357,365,0.5,0.5648854961832062,0.543640897755611
0.4,4,91,100000,100000,195,161,366,367,0.5,0.4883720930232558,0.4975247524752475
0.4,4,92,100000,100000,426,894,363,364,0.5,0.4606164383561644,0.4914004914004914
0.4,4,93,100000,100000,539,641,359,363,0.5,0.49379310344827587,0.5
0.4,4,94,100000,100000,776,217,374,385,0.5,0.49110320284697506,0.46153846153846156
0.4,4,95,100000,100000,230,478,368,363,0.5,0.4868421052631579,0.5138539042821159
0.4,4,96,100000,100000,160,305,388,369,0.5,0.5154639175257731,0.5098039215686274
0.4,4,97,100000,100000,840,295,373,372,0.5,0.4975,0.5024630541871922
0.4,4,98,100000,100000,296,312,371,384,0.5,0.5523560209424084,0.5354523227383863
0.4,4,99,100000,100000,373,134,374,361,0.5,0.4631578947368421,0.526829268292683
0.4,5,0,100000,100000,307,237,367,375,0.5,0.5396825396825397,0.5429292929292929
0.4,5,1,100000,100000,470,662,372,374,0.5,0.49445324881141045,0.4963325183374083
0.4,5,2,100000,100000,84,94,367,376,0.5,0.5350877192982456,0.4643734643734644
0.4,5,3,100000,100000,109,165,385,372,0.5,0.4236111111111111,0.47619047619047616
0.4,5,4,100000,100000,236,149,373,378,0.5,0.5210526315789473,0.4841075794621027
0.4,5,5,100000,100000,703,397,370,384,0.5,0.5153256704980843,0.5173267326732673
0.4,5,6,100000,100000,332,443,380,362,0.5,0.4793577981651376,0.486810551558753
0.4,5,7,100000,100000,893,625,332,355,0.5,0.5168539325842697,0.5217391304347826
0.4,5,8,100000,100000,300,199,370,372,0.5,0.47924528301886793,0.5062034739454094
0.4,5,9,100000,100000,325,95,369,363,0.5,0.5153846153846153,0.5125628140703518
0.4,5,10,100000,100000,23,30,359,373,0.5,0.38235294117647056,0.48661800486618007
0.4,5,11,100000,100000,156,338,367,366,0.5,0.5145631067961165,0.5161290322580645
0.4,5,12,100000,100000,338,284,356,359,0.5,0.47354497354497355,0.4730077120822622
0.4,5,13,100000,100000,291,293,359,347,0.5,0.4707379134860051,0.47164948453608246
0.4,5,14,100000,100000,190,133,350,358,0.5,0.4419889502762431,0.4292803970223325
0.4,5,15,100000,100000,118,88,387,385,0.5,0.5446428571428571,0.5178997613365155
0.4,5,16,100000,100000,692,609,360,372,0.5,0.5131744040150564,0.5125628140703518
0.4,5,17,100000,100000,535,1013,350,346,0.5,0.5179340028694405,0.5236907730673317
0.4,5,18,100000,100000,549,623,392,375,0.5,0.5014005602240896,0.5130641330166271
0.4,5,19,100000,100000,870,684,367,379,0.5,0.5281285878300803,0.5246305418719212
0.4,5,20,100000,100000,422,374,370,382,0.5,0.49691991786447637,0.4975609756097561
0.4,5,21,100000,100000,487,355,383,371,0.5,0.5209205020920502,0.5120772946859904
0.4,5,22,100000,100000,510,1256,366,372,0.5,0.4956395348837209,0.5343511450381679
0.4,5,23,100000,100000,893,644,368,373,0.5,0.5218417945690673,0.5195121951219512
0.4,5,24,100000,100000,590,717,387,379,0.5,0.4815756035578145,0.49061032863849763
0.4,5,25,100000,100000,359,305,377,373,0.5,0.4879807692307692,0.4837905236907731
0.4,5,26,100000,100000,368,277,385,381,0.5,0.5187165775401069,0.5132530120481927
0.4,5,27,100000,100000,428,315,358,363,0.5,0.508557457212714,0.4897435897435897
0.4,5,28,100000,100000,90,143,346,373,0.5,0.5396825396825397,0.541025641025641
0.4,5,29,100000,100000,66,57,357,357,0.5,0.5070422535211268,0.4770408163265306
0.4,5,30,100000,100000,527,571,355,364,0.5,0.5,0.48214285714285715
0.4,5,31,100000,100000,907,973,395,383,0.5,0.5269360269360269,0.571764705882353
0.4,5,32,100000,100000,236,495,368,367,0.5,0.5263157894736842,0.5171568627450981
0.4,5,33,100000,100000,492,400,380,380,0.5,0.5344827586206896,0.5257985257985258
0.4,5,34,100000,100000,89,72,368,380,0.5,0.5393258426966292,0.5112219451371571
0.4,5,35,100000,100000,141,171,378,361,0.5,0.5314285714285715,0.49382716049382713
0.4,5,36,100000,100000,611,380,375,363,0.5,0.5146771037181996,0.5225
0.4,5,37,100000,100000,68,68,372,374,0.5,0.5238095238095238,0.5369458128078818
0.4,5,38,100000,100000,795,798,367,363,0.5,0.5164835164835165,0.5411471321695761
0.4,5,39,100000,100000,440,243,365,368,0.5,0.5031446540880503,0.49264705882352944
0.4,5,40,100000,100000,262,454,354,358,0.5,0.4672131147540984,0.49502487562189057
0.4,5,41,100000,100000,62,90,376,372,0.5,0.45454545454545453,0.5024509803921569
0.4,5,42,100000,100000,221,116,364,375,0.5,0.5202702702702703,0.47160493827160493
0.4,5,43,100000,100000,487,414,385,378,0.5,0.5036630036630036,0.5097087378640777
0.4,5,44,100000,100000,180,194,373,361,0.5,0.5063829787234042,0.46568627450980393
0.4,5,45,100000,100000,561,575,378,382,0.5,0.5061728395061729,0.5439024390243903
0.4,5,46,100000,100000,142,121,380,372,0.5,0.5031055900621118,0.46859903381642515
0.4,5,47,100000,100000,146,115,364,353,0.5,0.4873417721518987,0.48258706467661694
0.4,5,48,100000,100000,257,326,357,355,0.5,0.48695652173913045,0.5089974293059126
0.4,5,49,100000,100000,556,761,397,381,0.5,0.4972451790633609,0.5160550458715596
0.4,5,50,100000,100000,122,98,389,396,0.5,0.544,0.5
0.4,5,51,100000,100000,316,274,379,366,0.5,0.5053763440860215,0.4613526570048309
0.4,5,52,100000,100000,558,434,365,354,0.5,0.49666666666666665,0.505
0.4,5,53,100000,100000,559,751,377,379,0.5,0.473753280839895,0.4940047961630695
0.4,5,54,100000,100000,140,80,376,355,0.5,0.4576271186440678,0.5098522167487685
0.4,5,55,100000,100000,154,165,362,370,0.5,0.56,0.5367088607594936
0.4,5,56,100000,100000,319,285,365,366,0.5,0.4806201550387597,0.486810551558753
0.4,5,57,100000,100000,860,1248,378,376,0.5,0.527403414195867,0.5544554455445545
0.4,5,58,100000,100000,163,156,384,386,0.5,0.4975845410628019,0.498812351543943
0.4,5,59,100000,100000,54,41,387,370,0.5,0.45901639344262296,0.5084745762711864
0.4,5,60,100000,100000,21,159,360,352,0.5,0.36666666666666664,0.5163727959697733
0.4,5,61,100000,100000,364,564,368,363,0.5,0.5369565217391304,0.5283505154639175
0.4,5,62,100000,100000,409,383,376,368,0.5,0.46525096525096526,0.4771084337349398
0.4,5,63,100000,100000,581,680,353,360,0.5,0.49051833122629585,0.4744897959183674
0.4,5,64,100000,100000,1166,1104,376,369,0.5,0.5017018379850239,0.5299760191846523
0.4,5,65,100000,100000,561,1162,376,373,0.5,0.5241379310344828,0.5405405405405406
0.4,5,66,100000,100000,450,503,364,367,0.5,0.5049833887043189,0.4836272040302267
0.4,5,67,100000,100000,773,530,357,347,0.5,0.5295774647887324,0.43950617283950616
0.4,5,68,100000,100000,234,413,378,355,0.5,0.47,0.5035799522673031
0.4,5,69,100000,100000,721,905,385,391,0.5,0.4901758014477766,0.5127610208816705
0.4,5,70,100000,100000,377,203,352,362,0.5,0.5357142857142857,0.522077922077922
0.4,5,71,100000,100000,589,427,382,376,0.5,0.5122377622377622,0.5096618357487923
0.4,5,72,100000,100000,91,358,364,353,0.5,0.4796747967479675,0.5135135135135135
0.4,5,73,100000,100000,215,110,357,371,0.5,0.5,0.5239294710327456
0.4,5,74,100000,100000,426,412,363,344,0.5,0.5383177570093458,0.508557457212714
0.4,5,75,100000,100000,650,921,377,383,0.5,0.5017462165308498,0.5036496350364964
0.4,5,76,100000,100000,522,240,360,375,0.5,0.5245901639344263,0.508641975308642
0.4,5,77,100000,100000,250,271,369,372,0.5,0.4606413994169096,0.4744525547445255
0.4,5,78,100000,100000,480,266,369,368,0.5,0.4793388429752066,0.4937655860349127
0.4,5,79,100000,100000,298,417,356,359,0.5,0.5251256281407035,0.515
0.4,5,80,100000,100000,369,264,363,370,0.5,0.5658682634730539,0.5125628140703518
0.4,5,81,100000,100000,342,461,369,371,0.5,0.508695652173913,0.4925373134328358
0.4,5,82,100000,100000,483,279,374,373,0.5,0.5082417582417582,0.5109489051094891
0.4,5,83,100000,100000,579,596,392,394,0.5,0.51875808538163,0.449438202247191
0.4,5,84,100000,100000,664,278,362,369,0.5,0.4890710382513661,0.5241545893719807
0.4,5,85,100000,100000,26,185,386,381,0.5,0.5555555555555556,0.5469879518072289
0.4,5,86,100000,100000,224,158,398,383,0.5,0.4469026548672566,0.4759725400457666
0.4,5,87,100000,100000,439,395,352,372,0.5,0.508,0.5062034739454094
0.4,5,88,100000,100000,638,854,381,378,0.5,0.4537346711259755,0.44047619047619047
0.4,5,89,100000,100000,411,373,371,393,0.5,0.49583333333333335,0.4588235294117647
0.4,5,90,100000,100000,79,123,380,378,0.5,0.44545454545454544,0.4628297362110312
0.4,5,91,100000,100000,112,146,372,378,0.5,0.5032258064516129,0.5036496350364964
0.4,5,92,100000,100000,17,35,369,356,0.5,0.55,0.5024271844660194
0.4,5,93,100000,100000,342,448,378,367,0.5,0.48552338530066813,0.4876847290640394
0.4,5,94,100000,100000,741,709,358,357,0.5,0.4808510638297872,0.5238095238095238
0.4,5,95,100000,100000,372,781,368,370,0.5,0.46078431372549017,0.49033816425120774
0.4,5,96,100000,100000,395,347,343,335,0.5,0.5131578947368421,0.4947916666666667
0.4,5,97,100000,100000,414,213,369,367,0.5,0.5156794425087108,0.5329949238578681
0.4,5,98,100000,100000,213,549,372,369,0.5,0.5342960288808665,0.5100502512562815
0.4,5,99,100000,100000,387,445,353,362,0.5,0.5009633911368016,0.4534005037783375
0.4,6,0,100000,100000,520,802,349,352,0.5,0.5079825834542816,0.46272493573264784
0.4,6,1,100000,100000,504,695,366,355,0.5,0.5149253731343284,0.5435897435897435
0.4,6,2,100000,100000,394,235,395,391,0.5,0.5256410256410257,0.5245901639344263
0.4,6,3,100000,100000,697,472,362,365,0.5,0.46496815286624205,0.4613583138173302
0.4,6,4,100000,100000,72,294,367,361,0.5,0.4842105263157895,0.49370277078085645
0.4,6,5,100000,100000,9,173,372,375,0.5,0.4444444444444444,0.48048780487804876
0.4,6,6,100000,100000,702,560,382,385,0.5,0.48468708388814913,0.5215311004784688
0.4,6,7,100000,100000,246,176,370,366,0.5,0.49344978165938863,0.5062344139650873
0.4,6,8,100000,100000,388,282,353,359,0.5,0.4263959390862944,0.4552058111380145
0.4,6,9,100000,100000,601,827,373,379,0.5,0.4969097651421508,0.5430622009569378
0.4,6,10,100000,100000,164,144,385,386,0.5,0.4895833333333333,0.508235294117647
0.4,6,11,100000,100000,441,523,373,361,0.5,0.5197255574614065,0.5228915662650603
0.4,6,12,100000,100000,62,18,363,365,0.5,0.6153846153846154,0.5355329949238579
0.4,6,13,100000,100000,334,486,376,372,0.5,0.49440715883668906,0.5199004975124378
0.4,6,14,100000,100000,493,306,361,349,0.5,0.4975247524752475,0.5087281795511222
0.4,6,15,100000,100000,164,169,366,363,0.5,0.4954545454545455,0.5269607843137255
0.4,6,16,100000,100000,24,15,378,365,0.5,0.7368421052631579,0.5119617224880383
0.4,6,17,100000,100000,528,287,354,371,0.5,0.5331491712707183,0.46683673469387754
0.4,6,18,100000,100000,430,558,362,371,0.5,0.4982456140350877,0.4767726161369193
0.4,6,19,100000,100000,462,335,365,369,0.5,0.47161572052401746,0.49160671462829736
0.4,6,20,100000,100000,493,231,365,377,0.5,0.5517241379310345,0.5407407407407407
0.4,6,21,100000,100000,108,129,382,372,0.5,0.5789473684210527,0.5330073349633252
0.4,6,22,100000,100000,78,96,361,372,0.5,0.4649122807017544,0.49873417721518987
0.4,6,23,100000,100000,155,215,367,360,0.5,0.5279187817258884,0.5318627450980392
0.4,6,24,100000,100000,399,452,370,362,0.5,0.5618860510805501,0.5307692307692308
0.4,6,25,100000,100000,693,702,360,373,0.5,0.5043196544276458,0.48641975308641977
0.4,6,26,100000,100000,523,153,371,380,0.5,0.5618556701030928,0.5125
0.4,6,27,100000,100000,431,509,369,373,0.5,0.47594501718213056,0.4648910411622276
0.4,6,28,100000,100000,476,295,360,356,0.5,0.519280205655527,0.4910941475826972
0.4,6,29,100000,100000,321,307,371,362,0.5,0.4916467780429594,0.4735576923076923
0.4,6,30,100000,100000,386,430,374,370,0.5,0.5120967741935484,0.5403422982885085
0.4,6,31,100000,100000,248,290,362,353,0.5,0.49044585987261147,0.5217391304347826
0.4,6,32,100000,100000,192,190,349,354,0.5,0.5061224489795918,0.5025
0.4,6,33,100000,100000,840,485,374,370,0.5,0.47480916030534354,0.4575
0.4,6,34,100000,100000,593,450,365,365,0.5,0.4925124792013311,0.5235732009925558
0.4,6,35,100000,100000,718,959,366,351,0.5,0.5337690631808278,0.5307692307692308
0.4,6,36,100000,100000,64,74,345,346,0.5,0.4936708860759494,0.4824120603015075
0.4,6,37,100000,100000,679,929,363,349,0.5,0.49781181619256015,0.5151515151515151
0.4,6,38,100000,100000,698,648,356,363,0.5,0.5,0.48883374689826303
0.4,6,39,100000,100000,270,359,387,387,0.5,0.5085714285714286,0.5298329355608592
0.4,6,40,100000,100000,345,416,384,369,0.5,0.49671772428884026,0.511002444987775
0.4,6,41,100000,100000,415,305,371,357,0.5,0.5134474327628362,0.48883374689826303
0.4,6,42,100000,100000,71,79,370,385,0.5,0.5,0.48792270531400966
0.4,6,43,100000,100000,259,253,382,378,0.5,0.5014836795252225,0.4988009592326139
0.4,6,44,100000,100000,159,108,362,367,0.5,0.4217687074829932,0.42962962962962964
0.4,6,45,100000,100000,115,350,346,342,0.5,0.47468354430379744,0.4859335038363171
0.4,6,46,100000,100000,329,348,368,373,0.5,0.5102040816326531,0.5059952038369304
0.4,6,47,100000,100000,348,359,337,346,0.5,0.4442105263157895,0.43958868894601544
0.4,6,48,100000,100000,672,505,364,379,0.5,0.5105105105105106,0.5323383084577115
0.4,6,49,100000,100000,826,680,380,360,0.5,0.515986769570011,0.5012165450121655
0.4,6,50,100000,100000,225,237,346,353,0.5,0.5250836120401338,0.5304568527918782
0.4,6,51,100000,100000,45,58,370,356,0.5,0.43333333333333335,0.4743276283618582
0.4,6,52,100000,100000,440,559,358,362,0.5,0.5095986038394416,0.48872180451127817
0.4,6,53,100000,100000,357,436,357,355,0.5,0.5209205020920502,0.5514511873350924
0.4,6,54,100000,100000,582,552,362,363,0.5,0.5083333333333333,0.5220588235294118
0.4,6,55,100000,100000,220,101,365,384,0.5,0.528,0.5144927536231884
0.4,6,56,100000,100000,104,98,376,377,0.5,0.4701492537313433,0.4987951807228916
0.4,6,57,100000,100000,171,132,359,379,0.5,0.5214723926380368,0.5087281795511222
0.4,6,58,100000,100000,556,738,386,384,0.5,0.5062413314840499,0.49514563106796117
0.4,6,59,100000,100000,170,65,373,370,0.5,0.5454545454545454,0.5
0.4,6,60,100000,100000,287,314,387,384,0.5,0.5092348284960422,0.5142857142857142
0.4,6,61,100000,100000,448,338,351,360,0.5,0.4868421052631579,0.5292620865139949
0.4,6,62,100000,100000,27,16,364,380,0.5,0.6842105263157895,0.5124378109452736
0.4,6,63,100000,100000,173,100,380,367,0.5,0.5230769230769231,0.4748201438848921
0.4,6,64,100000,100000,536,897,371,377,0.5,0.4951321279554937,0.47160493827160493
0.4,6,65,100000,100000,187,364,370,382,0.5,0.5116279069767442,0.5083932853717026
0.4,6,66,100000,100000,1225,823,369,361,0.5,0.5022665457842248,0.5036144578313253
0.4,6,67,100000,100000,59,215,369,361,0.5,0.4444444444444444,0.5318627450980392
0.4,6,68,100000,100000,455,468,360,373,0.5,0.49248747913188645,0.47880299251870323
0.4,6,69,100000,100000,796,649,379,372,0.5,0.47752808988764045,0.5048309178743962
0.4,6,70,100000,100000,462,271,350,362,0.5,0.5086705202312138,0.5051546391752577
0.4,6,71,100000,100000,134,95,361,371,0.5,0.4065040650406504,0.4889975550122249
0.4,6,72,100000,100000,426,280,350,350,0.5,0.5401662049861495,0.5428571428571428
0.4,6,73,100000,100000,606,369,365,362,0.5,0.5030927835051546,0.5142857142857142
0.4,6,74,100000,100000,293,312,355,366,0.5,0.5050251256281407,0.5282051282051282
0.4,6,75,100000,100000,528,351,355,364,0.5,0.49230769230769234,0.48704663212435234
0.4,6,76,100000,100000,1131,209,377,375,0.5,0.4894366197183099,0.4879807692307692
0.4,6,77,100000,100000,16,18,385,374,0.5,0.38095238095238093,0.5158150851581509
0.4,6,78,100000,100000,356,793,349,346,0.5,0.4875,0.47619047619047616
0.4,6,79,100000,100000,798,855,367,354,0.5,0.5179786200194364,0.4810126582278481
0.4,6,80,100000,100000,481,292,367,351,0.5,0.44786729857819907,0.4631043256997455
0.4,6,81,100000,100000,1037,1185,375,365,0.5,0.4985358711566618,0.5049261083743842
0.4,6,82,100000,100000,243,248,383,371,0.5,0.543046357615894,0.5269607843137255
0.4,6,83,100000,100000,42,116,373,364,0.5,0.37037037037037035,0.5639097744360902
0.4,6,84,100000,100000,335,396,363,360,0.5,0.5100671140939598,0.5120192307692307
0.4,6,85,100000,100000,294,441,395,397,0.5,0.5283505154639175,0.5395348837209303
0.4,6,86,100000,100000,541,649,357,355,0.5,0.5,0.5012787723785166
0.4,6,87,100000,100000,1183,1141,355,353,0.5,0.487467018469657,0.4883116883116883
0.4,6,88,100000,100000,102,109,361,373,0.5,0.5289855072463768,0.5061124694376528
0.4,6,89,100000,100000,831,363,359,363,0.5,0.5234042553191489,0.5074257425742574
0.4,6,90,100000,100000,432,248,379,389,0.5,0.4744744744744745,0.5203836930455635
0.4,6,91,100000,100000,275,428,387,373,0.5,0.47058823529411764,0.4928571428571429
0.4,6,92,100000,100000,200,301,378,385,0.5,0.48717948717948717,0.4940898345153664
0.4,6,93,100000,100000,524,581,353,343,0.5,0.5029498525073747,0.49612403100775193
0.4,6,94,100000,100000,548,799,374,378,0.5,0.497289972899729,0.5049261083743842
0.4,6,95,100000,100000,115,107,367,378,0.5,0.4852941176470588,0.5061425061425061
0.4,6,96,100000,100000,544,206,363,361,0.5,0.4626334519572954,0.4855769230769231
0.4,6,97,100000,100000,648,421,345,342,0.5,0.45107794361525705,0.4425
0.4,6,98,100000,100000,212,160,348,372,0.5,0.517948717948718,0.5149253731343284
0.4,6,99,100000,100000,689,508,366,355,0.5,0.5044510385756676,0.5156626506024097
0.4,7,0,100000,100000,656,819,359,363,0.5,0.47776510832383123,0.47642679900744417
0.4,7,1,100000,100000,175,186,372,375,0.5,0.5545851528384279,0.5311720698254364
0.4,7,2,100000,100000,234,398,367,374,0.5,0.4793650793650794,0.4975609756097561
0.4,7,3,100000,100000,628,635,353,346,0.5,0.4719512195121951,0.45012787723785164
0.4,7,4,100000,100000,224,279,351,366,0.5,0.4668769716088328,0.48586118251928023
0.4,7,5,100000,100000,1119,1248,376,383,0.5,0.49272486772486773,0.49764150943396224
0.4,7,6,100000,100000,445,731,387,375,0.5,0.46495726495726497,0.5
0.4,7,7,100000,100000,799,763,373,370,0.5,0.501937984496124,0.5211970074812967
0.4,7,8,100000,100000,78,194,352,343,0.5,0.52,0.5259067357512953
0.4,7,9,100000,100000,1066,902,354,363,0.5,0.4815119145439606,0.4823232323232323
0.4,7,10,100000,100000,976,324,374,374,0.5,0.4756380510440835,0.48157248157248156
0.4,7,11,100000,100000,325,355,354,355,0.5,0.46938775510204084,0.4797979797979798
0.4,7,12,100000,100000,92,98,354,362,0.5,0.45528455284552843,0.45077720207253885
0.4,7,13,100000,100000,324,127,334,346,0.5,0.3735632183908046,0.45384615384615384
0.4,7,14,100000,100000,204,503,352,345,0.5,0.5038167938931297,0.4832904884318766
0.4,7,15,100000,100000,335,189,371,357,0.5,0.4868913857677903,0.49264705882352944
0.4,7,16,100000,100000,814,576,359,363,0.5,0.5051813471502591,0.5088607594936709
0.4,7,17,100000,100000,155,122,369,354,0.5,0.5389221556886228,0.4860759493670886
0.4,7,18,100000,100000,859,579,366,357,0.5,0.46923076923076923,0.5097560975609756
0.4,7,19,100000,100000,10,9,366,362,0.5,0.6,0.5049751243781094
0.4,7,20,100000,100000,213,416,364,355,0.5,0.4634146341463415,0.49622166246851385
0.4,7,21,100000,100000,269,245,385,387,0.5,0.46745562130177515,0.5153664302600472
0.4,7,22,100000,100000,156,105,364,368,0.5,0.49264705882352944,0.49875311720698257
0.4,7,23,100000,100000,170,218,374,369,0.5,0.5388127853881278,0.5231143552311436
0.4,7,24,100000,100000,380,565,364,380,0.5,0.5,0.4950980392156863
0.4,7,25,100000,100000,82,188,366,349,0.5,0.4857142857142857,0.5076530612244898
0.4,7,26,100000,100000,96,156,371,362,0.5,0.5,0.5099009900990099
0.4,7,27,100000,100000,750,898,383,385,0.5,0.5107252298263534,0.47494033412887826
0.4,7,28,100000,100000,436,383,396,384,0.5,0.5324165029469549,0.523696682464455
0.4,7,29,100000,100000,262,386,382,380,0.5,0.5457317073170732,0.5378973105134475
0.4,7,30,100000,100000,1090,852,369,369,0.5,0.5004444444444445,0.5340050377833753
0.4,7,31,100000,100000,189,188,351,360,0.5,0.49382716049382713,0.5178571428571429
0.4,7,32,100000,100000,426,530,376,366,0.5,0.4752650176678445,0.49391727493917276
0.4,7,33,100000,100000,491,519,371,354,0.5,0.5038520801232665,0.5588972431077694
0.4,7,34,100000,100000,162,186,365,365,0.5,0.5242718446601942,0.53
0.4,7,35,100000,100000,448,240,357,357,0.5,0.5111111111111111,0.5154639175257731
0.4,7,36,100000,100000,778,188,383,375,0.5,0.5139442231075697,0.5108958837772397
0.4,7,37,100000,100000,248,142,364,376,0.5,0.455026455026455,0.5049019607843137
0.4,7,38,100000,100000,228,99,366,363,0.5,0.4666666666666667,0.5180722891566265
0.4,7,39,100000,100000,367,380,367,366,0.5,0.508130081300813,0.49625935162094764
0.4,7,40,100000,100000,375,238,349,350,0.5,0.49846153846153846,0.4732824427480916
0.4,7,41,100000,100000,200,192,346,342,0.5,0.5238095238095238,0.5242966751918159
0.4,7,42,100000,100000,426,933,361,355,0.5,0.4921190893169877,0.5154639175257731
0.4,7,43,100000,100000,313,513,356,364,0.5,0.4821002386634845,0.4744897959183674
0.4,7,44,100000,100000,64,64,370,371,0.5,0.5432098765432098,0.5173267326732673
0.4,7,45,100000,100000,340,522,372,377,0.5,0.47435897435897434,0.4891041162227603
0.4,7,46,100000,100000,315,311,374,373,0.5,0.5145631067961165,0.5456790123456791
0.4,7,47,100000,100000,246,239,374,372,0.5,0.5063694267515924,0.5049751243781094
0.4,7,48,100000,100000,87,93,361,365,0.5,0.5,0.5037783375314862
0.4,7,49,100000,100000,322,233,370,374,0.5,0.501628664495114,0.5346062052505967
0.4,7,50,100000,100000,464,546,363,372,0.5,0.48796147672552165,0.4547677261613692
0.4,7,51,100000,100000,339,462,340,364,0.5,0.4772727272727273,0.4987146529562982
0.4,7,52,100000,100000,438,416,366,367,0.5,0.53125,0.531328320802005
0.4,7,53,100000,100000,858,283,355,364,0.5,0.5371900826446281,0.5263157894736842
0.4,7,54,100000,100000,175,247,341,361,0.5,0.4642857142857143,0.44501278772378516
0.4,7,55,100000,100000,127,354,332,341,0.5,0.5260115606936416,0.46194225721784776
0.4,7,56,100000,100000,564,719,370,368,0.5,0.5139442231075697,0.4937655860349127
0.4,7,57,100000,100000,620,539,370,350,0.5,0.4979310344827586,0.5125
0.4,7,58,100000,100000,46,104,385,373,0.5,0.47692307692307695,0.4735576923076923
0.4,7,59,100000,100000,680,620,352,361,0.5,0.4981132075471698,0.45408163265306123
0.4,7,60,100000,100000,186,285,370,374,0.5,0.48627450980392156,0.5074626865671642
0.4,7,61,100000,100000,361,318,379,378,0.5,0.4821852731591449,0.5024038461538461
0.4,7,62,100000,100000,5,5,373,371,0.5,0.6,0.4963855421686747
0.4,7,63,100000,100000,173,78,353,339,0.5,0.42201834862385323,0.442159383033419
0.4,7,64,100000,100000,349,355,372,376,0.5,0.5,0.5378973105134475
0.4,7,65,100000,100000,860,780,368,361,0.5,0.48402255639097747,0.5035971223021583
0.4,7,66,100000,100000,218,295,369,361,0.5,0.5672727272727273,0.5475578406169666
0.4,7,67,100000,100000,163,155,374,362,0.5,0.5170731707317073,0.5048780487804878
0.4,7,68,100000,100000,99,103,362,367,0.5,0.5114503816793893,0.4913151364764268
0.4,7,69,100000,100000,546,471,360,359,0.5,0.4952681388012618,0.47783251231527096
0.4,7,70,100000,100000,81,233,372,373,0.5,0.4716981132075472,0.4841075794621027
0.4,7,71,100000,100000,230,331,372,382,0.5,0.5144694533762058,0.5060532687651331
0.4,7,72,100000,100000,406,623,380,372,0.5,0.5209125475285171,0.5157384987893463
0.4,7,73,100000,100000,76,95,361,352,0.5,0.4803921568627451,0.46228710462287104
0.4,7,74,100000,100000,172,307,354,348,0.5,0.5,0.5091383812010444
0.4,7,75,100000,100000,392,415,374,364,0.5,0.5242718446601942,0.5111111111111111
0.4,7,76,100000,100000,984,796,358,375,0.5,0.5305927342256214,0.550761421319797
0.4,7,77,100000,100000,646,582,374,371,0.5,0.4962311557788945,0.5049261083743842
0.4,7,78,100000,100000,772,377,397,385,0.5,0.502970297029703,0.4964705882352941
0.4,7,79,100000,100000,189,314,355,370,0.5,0.5177865612648221,0.5064599483204134
0.4,7,80,100000,100000,69,24,375,379,0.5,0.5833333333333334,0.47721822541966424
0.4,7,81,100000,100000,387,418,372,356,0.5,0.4789579158316633,0.4987714987714988
0.4,7,82,100000,100000,162,58,388,383,0.5,0.5897435897435898,0.5652173913043478
0.4,7,83,100000,100000,89,127,380,381,0.5,0.4566929133858268,0.49521531100478466
0.4,7,84,100000,100000,6,5,376,388,0.5,0.6666666666666666,0.5120772946859904
0.4,7,85,100000,100000,111,139,360,372,0.5,0.5064102564102564,0.5308641975308642
0.4,7,86,100000,100000,1118,881,353,365,0.5,0.5004299226139295,0.5218508997429306
0.4,7,87,100000,100000,917,647,378,366,0.5,0.49193548387096775,0.4892601431980907
0.4,7,88,100000,100000,515,834,388,387,0.5,0.5214180206794683,0.5277108433734939
0.4,7,89,100000,100000,95,86,361,358,0.5,0.5299145299145299,0.4725
0.4,7,90,100000,100000,85,180,380,373,0.5,0.5727272727272728,0.4963325183374083
0.4,7,91,100000,100000,404,435,387,383,0.5,0.48598130841121495,0.498812351543943
0.4,7,92,100000,100000,100,127,367,357,0.5,0.5153846153846153,0.5151515151515151
0.4,7,93,100000,100000,601,499,372,359,0.5,0.48480463096960924,0.5
0.4,7,94,100000,100000,312,484,376,373,0.5,0.4963680387409201,0.4634146341463415
0.4,7,95,100000,100000,48,85,380,371,0.5,0.5084745762711864,0.5097560975609756
0.4,7,96,100000,100000,218,320,367,372,0.5,0.541958041958042,0.5403422982885085
0.4,7,97,100000,100000,145,146,358,368,0.5,0.5161290322580645,0.46733668341708545
0.4,7,98,100000,100000,597,411,343,337,0.5,0.5092936802973977,0.5306666666666666
0.4,7,99,100000,100000,335,318,368,362,0.5,0.48491879350348027,0.4803921568627451
0.4,8,0,100000,100000,614,221,389,374,0.5,0.5149501661129569,0.5193236714975845
0.4,8,1,100000,100000,173,958,391,381,0.5,0.5339366515837104,0.5330188679245284
0.4,8,2,100000,100000,306,320,393,400,0.5,0.5209876543209877,0.5022727272727273
0.4,8,3,100000,100000,396,274,363,375,0.5,0.45989304812834225,0.49516908212560384
0.4,8,4,100000,100000,302,159,348,354,0.5,0.5343137254901961,0.5654450261780105
0.4,8,5,100000,100000,117,238,378,386,0.5,0.4968152866242038,0.5096618357487923
0.4,8,6,100000,100000,448,410,370,366,0.5,0.4990892531876138,0.5367088607594936
0.4,8,7,100000,100000,263,354,368,371,0.5,0.5155807365439093,0.5261845386533666
0.4,8,8,100000,100000,301,144,375,374,0.5,0.53125,0.5254237288135594
0.4,8,9,100000,100000,192,266,354,363,0.5,0.5057034220532319,0.5139240506329114
0.4,8,10,100000,100000,76,323,372,348,0.5,0.4489795918367347,0.4950980392156863
0.4,8,11,100000,100000,661,611,367,378,0.5,0.5217391304347826,0.5097560975609756
0.4,8,12,100000,100000,33,283,373,374,0.5,0.5348837209302325,0.5168269230769231
0.4,8,13,100000,100000,285,344,357,362,0.5,0.5,0.5454545454545454
0.4,8,14,100000,100000,66,58,369,367,0.5,0.525,0.5074257425742574
0.4,8,15,100000,100000,233,711,365,350,0.5,0.461038961038961,0.48418491484184917
0.4,8,16,100000,100000,163,132,362,373,0.5,0.54375,0.5431472081218274
0.4,8,17,100000,100000,71,67,348,361,0.5,0.41237113402061853,0.45409429280397023
0.4,8,18,100000,100000,493,445,361,373,0.5,0.5140350877192983,0.5012722646310432
0.4,8,19,100000,100000,58,124,367,374,0.5,0.527027027027027,0.5137844611528822
0.4,8,20,100000,100000,232,729,352,355,0.5,0.49056603773584906,0.49746192893401014
0.4,8,21,100000,100000,62,194,365,364,0.5,0.4578313253012048,0.48655256723716384
0.4,8,22,100000,100000,232,319,366,366,0.5,0.5439739413680782,0.5292620865139949
0.4,8,23,100000,100000,323,227,378,376,0.5,0.5491525423728814,0.543640897755611
0.4,8,24,100000,100000,306,391,364,383,0.5,0.49047619047619045,0.5110565110565111
0.4,8,25,100000,100000,254,210,354,348,0.5,0.5246478873239436,0.5191815856777494
0.4,8,26,100000,100000,250,537,364,372,0.5,0.5059523809523809,0.5431472081218274
0.4,8,27,100000,100000,268,291,372,376,0.5,0.5096952908587258,0.5231143552311436
0.4,8,28,100000,100000,247,291,345,345,0.5,0.46938775510204084,0.504
0.4,8,29,100000,100000,539,714,368,376,0.5,0.5397260273972603,0.5211970074812967
0.4,8,30,100000,100000,411,146,365,371,0.5,0.5053763440860215,0.5202020202020202
0.4,8,31,100000,100000,269,329,357,365,0.5,0.4876712328767123,0.48166259168704156
0.4,8,32,100000,100000,117,257,369,382,0.5,0.49390243902439024,0.49759615384615385
0.4,8,33,100000,100000,268,380,380,379,0.5,0.5057471264367817,0.4880382775119617
0.4,8,34,100000,100000,175,689,386,369,0.5,0.539906103286385,0.5169082125603864
0.4,8,35,100000,100000,357,701,361,357,0.5,0.4720496894409938,0.5051546391752577
0.4,8,36,100000,100000,151,182,381,373,0.5,0.5454545454545454,0.5149253731343284
0.4,8,37,100000,100000,165,386,374,376,0.5,0.5302325581395348,0.5085158150851582
0.4,8,38,100000,100000,882,346,385,392,0.5,0.5231788079470199,0.503562945368171
0.4,8,39,100000,100000,272,181,368,369,0.5,0.5104602510460251,0.49382716049382713
0.4,8,40,100000,100000,642,562,365,358,0.5,0.4973753280839895,0.5098522167487685
0.4,8,41,100000,100000,211,222,370,352,0.5,0.4744525547445255,0.4607594936708861
0.4,8,42,100000,100000,233,234,355,343,0.5,0.49158249158249157,0.4896373056994819
0.4,8,43,100000,100000,332,726,381,378,0.5,0.5033557046979866,0.4793187347931874
0.4,8,44,100000,100000,82,176,366,357,0.5,0.43119266055045874,0.46568627450980393
0.4,8,45,100000,100000,310,170,333,342,0.5,0.48660714285714285,0.5038759689922481
0.4,8,46,100000,100000,331,355,380,374,0.5,0.4793577981651376,0.4830097087378641
0.4,8,47,100000,100000,190,126,378,373,0.5,0.5294117647058824,0.5122549019607843
0.4,8,48,100000,100000,354,219,367,365,0.5,0.4916387959866221,0.48370927318295737
0.4,8,49,100000,100000,368,283,365,370,0.5,0.47074468085106386,0.505938242280285
0.4,8,50,100000,100000,910,512,364,369,0.5,0.5158850226928896,0.5088607594936709
0.4,8,51,100000,100000,1006,511,373,362,0.5,0.5029498525073747,0.48418491484184917
0.4,8,52,100000,100000,530,560,365,372,0.5,0.4886685552407932,0.4892601431980907
0.4,8,53,100000,100000,129,246,377,365,0.5,0.4152046783625731,0.46568627450980393
0.4,8,54,100000,100000,87,136,378,381,0.5,0.5740740740740741,0.49516908212560384
0.4,8,55,100000,100000,34,27,358,355,0.5,0.42105263157894735,0.5051020408163265
0.4,8,56,100000,100000,369,189,374,370,0.5,0.5019607843137255,0.5253012048192771
0.4,8,57,100000,100000,1007,455,357,355,0.5,0.5168350168350169,0.526829268292683
0.4,8,58,100000,100000,104,232,385,384,0.5,0.49640287769784175,0.498812351543943
0.4,8,59,100000,100000,156,126,377,373,0.5,0.45977011494252873,0.5048543689320388
0.4,8,60,100000,100000,586,517,359,374,0.5,0.49045521292217326,0.4794188861985472
0.4,8,61,100000,100000,215,285,355,346,0.5,0.5,0.5012722646310432
0.4,8,62,100000,100000,7,252,374,387,0.5,0.46153846153846156,0.49539170506912444
0.4,8,63,100000,100000,103,64,372,364,0.5,0.5119047619047619,0.53125
0.4,8,64,100000,100000,254,362,368,377,0.5,0.4803370786516854,0.4767726161369193
0.4,8,65,100000,100000,790,627,392,390,0.5,0.5148148148148148,0.5219399538106235
0.4,8,66,100000,100000,276,434,375,382,0.5,0.5,0.5155875299760192
0.4,8,67,100000,100000,380,263,366,370,0.5,0.46518105849582175,0.4880382775119617
0.4,8,68,100000,100000,269,349,373,373,0.5,0.504225352112676,0.528395061728395
0.4,8,69,100000,100000,269,531,368,369,0.5,0.49162011173184356,0.5062972292191436
0.4,8,70,100000,100000,255,711,387,387,0.5,0.498567335243553,0.491725768321513
0.4,8,71,100000,100000,237,249,377,366,0.5,0.5374149659863946,0.5461346633416458
0.4,8,72,100000,100000,265,55,365,376,0.5,0.5454545454545454,0.5228915662650603
0.4,8,73,100000,100000,446,458,378,364,0.5,0.5316901408450704,0.5311720698254364
0.4,8,74,100000,100000,574,400,346,350,0.5,0.4889705882352941,0.4947916666666667
0.4,8,75,100000,100000,368,262,379,372,0.5,0.4730878186968839,0.4682926829268293
0.4,8,76,100000,100000,97,130,360,368,0.5,0.5074626865671642,0.5214105793450882
0.4,8,77,100000,100000,147,178,379,369,0.5,0.49238578680203043,0.45278450363196127
0.4,8,78,100000,100000,423,397,392,380,0.5,0.5037037037037037,0.5
0.4,8,79,100000,100000,135,89,357,359,0.5,0.4782608695652174,0.485
0.4,8,80,100000,100000,135,276,374,386,0.5,0.5524861878453039,0.5606796116504854
0.4,8,81,100000,100000,211,422,378,368,0.5,0.47653429602888087,0.47058823529411764
0.4,8,82,100000,100000,375,439,371,367,0.5,0.5341365461847389,0.5591939546599496
0.4,8,83,100000,100000,534,160,371,364,0.5,0.5380952380952381,0.5388349514563107
0.4,8,84,100000,100000,175,113,374,377,0.5,0.5,0.48564593301435405
0.4,8,85,100000,100000,147,97,361,360,0.5,0.472,0.48258706467661694
0.4,8,86,100000,100000,102,94,329,346,0.5,0.41732283464566927,0.4722222222222222
0.4,8,87,100000,100000,371,229,350,349,0.5,0.5149501661129569,0.5115089514066496
0.4,8,88,100000,100000,350,491,383,375,0.5,0.49671772428884026,0.49760765550239233
0.4,8,89,100000,100000,322,193,374,380,0.5,0.5098814229249012,0.4963144963144963
0.4,8,90,100000,100000,159,377,372,375,0.5,0.5377358490566038,0.5047846889952153
0.4,8,91,100000,100000,381,492,374,367,0.5,0.500998003992016,0.5252525252525253
0.4,8,92,100000,100000,82,68,367,362,0.5,0.5227272727272727,0.4671717171717172
0.4,8,93,100000,100000,314,311,381,366,0.5,0.5123152709359606,0.5012468827930174
0.4,8,94,100000,100000,237,137,364,372,0.5,0.5614035087719298,0.5076142131979695
0.4,8,95,100000,100000,543,563,320,340,0.5,0.4890710382513661,0.464
0.4,8,96,100000,100000,608,461,354,347,0.5,0.4864433811802233,0.47815533980582525
0.4,8,97,100000,100000,117,303,356,372,0.5,0.4556213017751479,0.48258706467661694
0.4,8,98,100000,100000,796,446,364,358,0.5,0.4924114671163575,0.47837150127226463
0.4,8,99,100000,100000,440,707,361,364,0.5,0.5217391304347826,0.5281173594132029
0.4,9,0,100000,100000,517,797,370,369,0.5,0.5094614264919942,0.505
0.4,9,1,100000,100000,220,368,381,382,0.5,0.5172413793103449,0.533816425120773
0.4,9,2,100000,100000,332,461,365,373,0.5,0.49551569506726456,0.5193236714975845
0.4,9,3,100000,100000,695,706,370,366,0.5,0.5048439181916039,0.4875
0.4,9,4,100000,100000,461,452,359,370,0.5,0.53184165232358,0.5182481751824818
0.4,9,5,100000,100000,239,107,378,378,0.5,0.4965986394557823,0.5059665871121718
0.4,9,6,100000,100000,509,490,360,359,0.5,0.49615975422427033,0.515625
0.4,9,7,100000,100000,180,134,362,363,0.5,0.5114942528735632,0.5198019801980198
0.4,9,8,100000,100000,708,691,348,342,0.5,0.5299334811529933,0.48877805486284287
0.4,9,9,100000,100000,224,192,381,387,0.5,0.4555984555984556,0.4831730769230769
0.4,9,10,100000,100000,297,465,396,394,0.5,0.5454545454545454,0.5164319248826291
0.4,9,11,100000,100000,388,263,373,371,0.5,0.5289017341040463,0.5170731707317073
0.4,9,12,100000,100000,338,379,387,392,0.5,0.5578231292517006,0.5635491606714629
0.4,9,13,100000,100000,237,186,367,339,0.5,0.5037878787878788,0.47435897435897434
0.4,9,14,100000,100000,953,917,342,356,0.5,0.5070539419087137,0.5105263157894737
0.4,9,15,100000,100000,555,414,366,391,0.5,0.5009523809523809,0.48604651162790696
0.4,9,16,100000,100000,374,254,361,352,0.5,0.49575070821529743,0.49875311720698257
0.4,9,17,100000,100000,386,38,377,364,0.5,0.5652173913043478,0.49148418491484186
0.4,9,18,100000,100000,67,298,369,348,0.5,0.4691358024691358,0.4755784061696658
0.4,9,19,100000,100000,154,158,378,385,0.5,0.5097087378640777,0.5238095238095238
0.4,9,20,100000,100000,408,383,364,364,0.5,0.5393700787401575,0.5503685503685504
0.4,9,21,100000,100000,790,967,375,393,0.5,0.47937671860678277,0.45476190476190476
0.4,9,22,100000,100000,45,27,345,333,0.5,0.4186046511627907,0.47341772151898737
0.4,9,23,100000,100000,282,213,351,372,0.5,0.483271375464684,0.5072815533980582
0.4,9,24,100000,100000,183,136,377,368,0.5,0.5277777777777778,0.5257985257985258
0.4,9,25,100000,100000,515,448,360,361,0.5,0.5110356536502547,0.4961636828644501
0.4,9,26,100000,100000,245,390,359,376,0.5,0.5,0.46943765281173594
0.4,9,27,100000,100000,456,538,369,362,0.5,0.4867986798679868,0.45885286783042395
0.4,9,28,100000,100000,20,16,365,372,0.5,0.5882352941176471,0.5023584905660378
0.4,9,29,100000,100000,307,331,358,364,0.5,0.5048309178743962,0.47570332480818417
0.4,9,30,100000,100000,248,185,351,363,0.5,0.4875,0.5188916876574308
0.4,9,31,100000,100000,877,440,398,395,0.5,0.5050847457627119,0.5149425287356322
0.4,9,32,100000,100000,26,17,368,351,0.5,0.5384615384615384,0.4722222222222222
0.4,9,33,100000,100000,122,99,377,376,0.5,0.5714285714285714,0.5299760191846523
0.4,9,34,100000,100000,363,349,370,381,0.5,0.5087719298245614,0.4721549636803874
0.4,9,35,100000,100000,473,93,364,362,0.5,0.45384615384615384,0.48984771573604063
0.4,9,36,100000,100000,432,311,372,371,0.5,0.5073170731707317,0.5109489051094891
0.4,9,37,100000,100000,423,454,386,371,0.5,0.4849023090586146,0.4781609195402299
0.4,9,38,100000,100000,373,168,383,381,0.5,0.484304932735426,0.5059665871121718
0.4,9,39,100000,100000,205,225,361,368,0.5,0.4784172661870504,0.4560975609756098
0.4,9,40,100000,100000,572,579,374,371,0.5,0.49282920469361147,0.4864864864864865
0.4,9,41,100000,100000,189,310,375,363,0.5,0.48582995951417,0.491566265060241
0.4,9,42,100000,100000,415,403,368,368,0.5,0.4832089552238806,0.4900990099009901
0.4,9,43,100000,100000,438,427,366,373,0.5,0.5306859205776173,0.5436893203883495
0.4,9,44,100000,100000,586,19,375,360,0.5,0.4642857142857143,0.4876237623762376
0.4,9,45,100000,100000,301,330,387,390,0.5,0.5098039215686274,0.524822695035461
0.4,9,46,100000,100000,117,281,378,380,0.5,0.4444444444444444,0.5084337349397591
0.4,9,47,100000,100000,279,300,367,352,0.5,0.47540983606557374,0.48866498740554154
0.4,9,48,100000,100000,175,207,360,356,0.5,0.4827586206896552,0.49403341288782815
0.4,9,49,100000,100000,388,182,363,355,0.5,0.5142857142857142,0.5087281795511222
0.4,9,50,100000,100000,249,355,366,350,0.5,0.44680851063829785,0.4458128078817734
0.4,9,51,100000,100000,474,242,349,350,0.5,0.5173501577287066,0.5230769230769231
0.4,9,52,100000,100000,583,524,360,362,0.5,0.5321637426900585,0.561038961038961
0.4,9,53,100000,100000,454,426,357,359,0.5,0.47451669595782076,0.46511627906976744
0.4,9,54,100000,100000,54,59,360,357,0.5,0.5,0.4975247524752475
0.4,9,55,100000,100000,278,275,404,401,0.5,0.5164835164835165,0.5056689342403629
0.4,9,56,100000,100000,708,736,374,373,0.5,0.48881789137380194,0.49754901960784315
0.4,9,57,100000,100000,353,451,345,340,0.5,0.46875,0.4824120603015075
0.4,9,58,100000,100000,258,170,358,360,0.5,0.47478991596638653,0.49873417721518987
0.4,9,59,100000,100000,293,178,393,382,0.5,0.4959349593495935,0.4953051643192488
0.4,9,60,100000,100000,337,353,356,366,0.5,0.4989059080962801,0.5
0.4,9,61,100000,100000,950,646,366,350,0.5,0.5062857142857143,0.5276381909547738
0.4,9,62,100000,100000,343,411,373,378,0.5,0.47390396659707723,0.4843373493975904
0.4,9,63,100000,100000,46,60,348,341,0.5,0.4918032786885246,0.5038363171355499
0.4,9,64,100000,100000,648,488,381,363,0.5,0.5114854517611026,0.49264705882352944
0.4,9,65,100000,100000,511,568,374,374,0.5,0.47832369942196534,0.47721822541966424
0.4,9,66,100000,100000,288,171,359,356,0.5,0.5357142857142857,0.5396039603960396
0.4,9,67,100000,100000,213,250,376,370,0.5,0.5498154981549815,0.5264423076923077
0.4,9,68,100000,100000,466,497,357,348,0.5,0.49206349206349204,0.4751958224543081
0.4,9,69,100000,100000,229,123,355,355,0.5,0.45454545454545453,0.49625935162094764
0.4,9,70,100000,100000,175,81,363,374,0.5,0.43243243243243246,0.49514563106796117
0.4,9,71,100000,100000,570,400,374,373,0.5,0.525911708253359,0.515
0.4,9,72,100000,100000,309,334,365,381,0.5,0.5217391304347826,0.49391727493917276
0.4,9,73,100000,100000,359,462,369,375,0.5,0.5,0.4827586206896552
0.4,9,74,100000,100000,326,327,372,367,0.5,0.4859154929577465,0.5049751243781094
0.4,9,75,100000,100000,510,406,385,384,0.5,0.5,0.52
0.4,9,76,100000,100000,185,216,355,364,0.5,0.4921259842519685,0.4823232323232323
0.4,9,77,100000,100000,248,230,360,376,0.5,0.4807017543859649,0.4827586206896552
0.4,9,78,100000,100000,267,195,364,371,0.5,0.5403225806451613,0.5307692307692308
0.4,9,79,100000,100000,194,407,368,366,0.5,0.49603174603174605,0.4813895781637717
0.4,9,80,100000,100000,235,267,366,354,0.5,0.5245901639344263,0.5229591836734694
0.4,9,81,100000,100000,230,424,370,380,0.5,0.48466257668711654,0.5204819277108433
0.4,9,82,100000,100000,167,185,350,376,0.5,0.47186147186147187,0.47549019607843135
0.4,9,83,100000,100000,294,214,362,383,0.5,0.5225563909774437,0.5265700483091788
0.4,9,84,100000,100000,289,154,368,361,0.5,0.4928909952606635,0.5012406947890818
0.4,9,85,100000,100000,541,483,383,378,0.5,0.5115562403697997,0.5230024213075061
0.4,9,86,100000,100000,99,59,358,374,0.5,0.5342465753424658,0.47277227722772275
0.4,9,87,100000,100000,271,265,374,366,0.5,0.5467836257309941,0.5024875621890548
0.4,9,88,100000,100000,171,201,367,383,0.5,0.5299145299145299,0.4864864864864865
0.4,9,89,100000,100000,329,458,374,364,0.5,0.509478672985782,0.513715710723192
0.4,9,90,100000,100000,92,138,373,365,0.5,0.5172413793103449,0.47368421052631576
0.4,9,91,100000,100000,706,610,371,367,0.5,0.4975369458128079,0.486284289276808
0.4,9,92,100000,100000,79,90,369,369,0.5,0.5242718446601942,0.5192307692307693
0.4,9,93,100000,100000,44,43,374,363,0.5,0.36507936507936506,0.46958637469586373
0.4,9,94,100000,100000,192,252,370,363,0.5,0.5060240963855421,0.5037593984962406
0.4,9,95,100000,100000,690,433,379,380,0.5,0.5297297297297298,0.5168269230769231
0.4,9,96,100000,100000,348,667,373,380,0.5,0.49072164948453606,0.48086124401913877
0.4,9,97,100000,100000,342,374,367,378,0.5,0.5590200445434298,0.505
0.4,9,98,100000,100000,30,332,373,368,0.5,0.6388888888888888,0.542997542997543
0.4,9,99,100000,100000,292,327,352,361,0.5,0.48635235732009924,0.4623115577889447
0.4,10,0,100000,100000,212,230,377,370,0.5,0.4691780821917808,0.4742014742014742
0.4,10,1,100000,100000,451,646,365,359,0.5,0.5016556291390728,0.5376884422110553
0.4,10,2,100000,100000,267,273,351,351,0.5,0.4659400544959128,0.45202020202020204
0.4,10,3,100000,100000,955,640,362,386,0.5,0.4887573964497041,0.5105882352941177
0.4,10,4,100000,100000,537,973,382,394,0.5,0.48760330578512395,0.4801864801864802
0.4,10,5,100000,100000,494,261,365,363,0.5,0.4704225352112676,0.5
0.4,10,6,100000,100000,864,994,370,361,0.5,0.5288888888888889,0.5089058524173028
0.4,10,7,100000,100000,164,299,376,374,0.5,0.5700483091787439,0.5588235294117647
0.4,10,8,100000,100000,354,506,362,360,0.5,0.5448717948717948,0.5307692307692308
0.4,10,9,100000,100000,265,336,380,372,0.5,0.4956772334293948,0.4975609756097561
0.4,10,10,100000,100000,351,481,357,358,0.5,0.49272349272349275,0.511002444987775
0.4,10,11,100000,100000,332,734,358,360,0.5,0.4988814317673378,0.4613466334164589
0.4,10,12,100000,100000,791,186,369,368,0.5,0.5165289256198347,0.5025
0.4,10,13,100000,100000,604,378,371,373,0.5,0.5069860279441117,0.472636815920398
0.4,10,14,100000,100000,75,214,371,385,0.5,0.5339805825242718,0.5085158150851582
0.4,10,15,100000,100000,445,15,366,354,0.5,0.45,0.5037037037037037
0.4,10,16,100000,100000,31,184,361,365,0.5,0.4772727272727273,0.506426735218509
0.4,10,17,100000,100000,37,50,396,381,0.5,0.5434782608695652,0.4883720930232558
0.4,10,18,100000,100000,68,97,380,369,0.5,0.47674418604651164,0.48048780487804876
0.4,10,19,100000,100000,259,221,366,369,0.5,0.49324324324324326,0.4855769230769231
0.4,10,20,100000,100000,379,563,348,356,0.5,0.5047801147227533,0.48711340206185566
0.4,10,21,100000,100000,927,117,378,375,0.5,0.47770700636942676,0.5156626506024097
0.4,10,22,100000,100000,142,498,381,377,0.5,0.5172413793103449,0.49877750611246946
0.4,10,23,100000,100000,300,496,381,393,0.5,0.5524296675191815,0.5203836930455635
0.4,10,24,100000,100000,416,587,385,379,0.5,0.5242537313432836,0.5132530120481927
0.4,10,25,100000,100000,144,229,354,381,0.5,0.5023474178403756,0.46534653465346537
0.4,10,26,100000,100000,384,1073,361,356,0.5,0.5111561866125761,0.5180412371134021
0.4,10,27,100000,100000,651,777,351,357,0.5,0.49714937286202965,0.4899497487437186
0.4,10,28,100000,100000,390,441,379,357,0.5,0.497029702970297,0.5037037037037037
0.4,10,29,100000,100000,315,210,360,371,0.5,0.5092936802973977,0.5373134328358209
0.4,10,30,100000,100000,224,810,368,372,0.5,0.47058823529411764,0.4891566265060241
0.4,10,31,100000,100000,1192,235,372,378,0.5,0.5032679738562091,0.5023255813953489
0.4,10,32,100000,100000,211,156,353,357,0.5,0.5396039603960396,0.5511221945137157
0.4,10,33,100000,100000,399,246,376,385,0.5,0.4754601226993865,0.48693586698337293
0.4,10,34,100000,100000,879,476,361,366,0.5,0.4975767366720517,0.4739454094292804
0.4,10,35,100000,100000,426,265,381,359,0.5,0.48533333333333334,0.49144254278728605
0.4,10,36,100000,100000,339,636,364,364,0.5,0.49452954048140046,0.5295629820051414
0.4,10,37,100000,100000,242,173,385,391,0.5,0.5021645021645021,0.5081967213114754
0.4,10,38,100000,100000,85,84,361,375,0.5,0.48623853211009177,0.48448687350835323
0.4,10,39,100000,100000,289,495,362,352,0.5,0.44360902255639095,0.4634146341463415
0.4,10,40,100000,100000,381,540,355,354,0.5,0.47928994082840237,0.5062972292191436
0.4,10,41,100000,100000,162,263,368,368,0.5,0.5450236966824644,0.5276381909547738
0.4,10,42,100000,100000,163,163,362,348,0.5,0.49523809523809526,0.5037593984962406
0.4,10,43,100000,100000,295,599,367,362,0.5,0.4748743718592965,0.4936708860759494
0.4,10,44,100000,100000,242,317,363,363,0.5,0.4793650793650794,0.5062972292191436
0.4,10,45,100000,100000,936,619,368,396,0.5,0.5319148936170213,0.5083532219570406
0.4,10,46,100000,100000,802,840,366,362,0.5,0.5113207547169811,0.49504950495049505
0.4,10,47,100000,100000,71,299,359,369,0.5,0.5154639175257731,0.5175879396984925
0.4,10,48,100000,100000,542,708,349,354,0.5,0.4838274932614555,0.48877805486284287
0.4,10,49,100000,100000,597,727,370,370,0.5,0.5049382716049383,0.54
0.4,10,50,100000,100000,138,215,365,339,0.5,0.4970414201183432,0.5447570332480819
0.4,10,51,100000,100000,101,103,365,381,0.5,0.4728682170542636,0.5221674876847291
0.4,10,52,100000,100000,249,580,371,356,0.5,0.5078864353312302,0.5037783375314862
0.4,10,53,100000,100000,900,788,364,377,0.5,0.5101253616200578,0.5497512437810945
0.4,10,54,100000,100000,1049,620,369,369,0.5,0.47703180212014135,0.5112781954887218
0.4,10,55,100000,100000,561,638,375,369,0.5,0.5242047026279392,0.5147783251231527
0.4,10,56,100000,100000,151,271,388,385,0.5,0.5128205128205128,0.5023809523809524
0.4,10,57,100000,100000,1133,575,364,367,0.5,0.5111695137976346,0.5248756218905473
0.4,10,58,100000,100000,411,472,363,382,0.5,0.5267034990791897,0.5075
0.4,10,59,100000,100000,165,210,366,373,0.5,0.4805194805194805,0.4889975550122249
0.4,10,60,100000,100000,138,308,372,367,0.5,0.4971751412429379,0.47761194029850745
0.4,10,61,100000,100000,332,586,382,389,0.5,0.5237020316027088,0.5070754716981132
0.4,10,62,100000,100000,635,696,385,364,0.5,0.5303398058252428,0.5109489051094891
0.4,10,63,100000,100000,318,576,364,368,0.5,0.5129411764705882,0.4860050890585242
0.4,10,64,100000,100000,154,200,377,376,0.5,0.5376884422110553,0.5231143552311436
0.4,10,65,100000,100000,226,486,376,379,0.5,0.5223367697594502,0.5220588235294118
0.4,10,66,100000,100000,585,266,363,347,0.5,0.4787234042553192,0.5283505154639175
0.4,10,67,100000,100000,651,440,350,356,0.5,0.5221843003412969,0.5116883116883116
0.4,10,68,100000,100000,781,927,366,366,0.5,0.4781368821292776,0.49875311720698257
0.4,10,69,100000,100000,443,367,374,371,0.5,0.501010101010101,0.5048543689320388
0.4,10,70,100000,100000,820,104,375,357,0.5,0.4407894736842105,0.4609756097560976
0.4,10,71,100000,100000,687,684,381,392,0.5,0.48156182212581344,0.4976303317535545
0.4,10,72,100000,100000,816,905,358,367,0.5,0.48381294964028776,0.4830097087378641
0.4,10,73,100000,100000,338,184,386,374,0.5,0.48249027237354086,0.49160671462829736
0.4,10,74,100000,100000,362,268,343,359,0.5,0.5209580838323353,0.5115681233933161
0.4,10,75,100000,100000,125,94,380,379,0.5,0.512,0.5070754716981132
0.4,10,76,100000,100000,714,865,346,349,0.5,0.49626467449306294,0.5025510204081632
0.4,10,77,100000,100000,511,581,351,376,0.5,0.48773448773448774,0.5087281795511222
0.4,10,78,100000,100000,489,898,362,363,0.5,0.49696969696969695,0.4720812182741117
0.4,10,79,100000,100000,158,174,350,353,0.5,0.5190476190476191,0.5037783375314862
0.4,10,80,100000,100000,454,429,380,373,0.5,0.4863013698630137,0.4639423076923077
0.4,10,81,100000,100000,163,396,341,337,0.5,0.4861111111111111,0.509090909090909
0.4,10,82,100000,100000,447,443,355,362,0.5,0.5204262877442274,0.5115089514066496
0.4,10,83,100000,100000,276,272,374,370,0.5,0.5,0.5217391304347826
0.4,10,84,100000,100000,211,362,343,350,0.5,0.48109965635738833,0.44416243654822335
0.4,10,85,100000,100000,231,402,378,384,0.5,0.5493421052631579,0.51338199513382
0.4,10,86,100000,100000,141,881,366,372,0.5,0.4690721649484536,0.44258373205741625
0.4,10,87,100000,100000,547,374,382,378,0.5,0.4849699398797595,0.47699757869249393
0.4,10,88,100000,100000,637,502,362,359,0.5,0.4917541229385307,0.506426735218509
0.4,10,89,100000,100000,143,127,356,366,0.5,0.54375,0.46938775510204084
0.4,10,90,100000,100000,272,187,371,382,0.5,0.5672268907563025,0.5528255528255528
0.4,10,91,100000,100000,400,16,375,377,0.5,0.5789473684210527,0.5234567901234568
0.4,10,92,100000,100000,436,42,354,349,0.5,0.4745762711864407,0.5165394402035624
0.4,10,93,100000,100000,342,625,387,385,0.5,0.5268065268065268,0.5142857142857142
0.4,10,94,100000,100000,332,297,351,334,0.5,0.48564593301435405,0.4753246753246753
0.4,10,95,100000,100000,191,319,380,383,0.5,0.5604838709677419,0.5120192307692307
0.4,10,96,100000,100000,786,296,370,354,0.5,0.47699757869249393,0.46078431372549017
0.4,10,97,100000,100000,303,238,355,375,0.5,0.5100671140939598,0.48854961832061067
0.4,10,98,100000,100000,549,285,375,363,0.5,0.47715736040609136,0.4878048780487805
0.4,10,99,100000,100000,429,245,367,377,0.5,0.5434083601286174,0.5100502512562815
0.4,11,0,100000,100000,987,787,368,381,0.5,0.4931506849315068,0.4962962962962963
0.4,11,1,100000,100000,218,595,380,368,0.5,0.5,0.48931116389548696
0.4,11,2,100000,100000,277,337,375,377,0.5,0.5054945054945055,0.530562347188264
0.4,11,3,100000,100000,760,633,408,411,0.5,0.5058411214953271,0.5470459518599562
0.4,11,4,100000,100000,591,902,350,352,0.5,0.5163727959697733,0.48586118251928023
0.4,11,5,100000,100000,229,237,328,332,0.5,0.50814332247557,0.5013192612137203
0.4,11,6,100000,100000,937,516,355,359,0.5,0.5403348554033486,0.5177664974619289
0.4,11,7,100000,100000,531,125,368,364,0.5,0.5337423312883436,0.48860759493670886
0.4,11,8,100000,100000,70,71,364,354,0.5,0.5333333333333333,0.4927536231884058
0.4,11,9,100000,100000,286,178,369,393,0.5,0.5324074074074074,0.5325301204819277
0.4,11,10,100000,100000,170,167,383,366,0.5,0.4588744588744589,0.4939467312348668
0.4,11,11,100000,100000,453,212,351,338,0.5,0.5535714285714286,0.5318066157760815
0.4,11,12,100000,100000,277,249,384,374,0.5,0.5135135135135135,0.5503685503685504
0.4,11,13,100000,100000,409,406,363,367,0.5,0.500945179584121,0.4576271186440678
0.4,11,14,100000,100000,268,168,363,356,0.5,0.5714285714285714,0.5301837270341208
0.4,11,15,100000,100000,347,1314,374,372,0.5,0.5055679287305123,0.5124378109452736
0.4,11,16,100000,100000,158,166,356,368,0.5,0.5631067961165048,0.5459183673469388
0.4,11,17,100000,100000,79,128,345,366,0.5,0.5272727272727272,0.4975
0.4,11,18,100000,100000,691,567,376,381,0.5,0.5315436241610738,0.49878934624697335
0.4,11,19,100000,100000,7,10,361,354,0.5,0.375,0.4701298701298701
0.4,11,20,100000,100000,344,344,362,342,0.5,0.5157657657657657,0.5104166666666666
0.4,11,21,100000,100000,432,369,369,383,0.5,0.5219206680584552,0.5060240963855421
0.4,11,22,100000,100000,437,313,378,387,0.5,0.53,0.5023696682464455
0.4,11,23,100000,100000,454,998,345,367,0.5,0.4976,0.5025641025641026
0.4,11,24,100000,100000,424,214,363,351,0.5,0.4868421052631579,0.45685279187817257
0.4,11,25,100000,100000,606,521,357,349,0.5,0.51931330472103,0.5180412371134021
0.4,11,26,100000,100000,85,127,372,352,0.5,0.49514563106796117,0.5037406483790524
0.4,11,27,100000,100000,195,239,368,357,0.5,0.48031496062992124,0.4752475247524752
0.4,11,28,100000,100000,448,264,374,365,0.5,0.5467836257309941,0.565
0.4,11,29,100000,100000,713,830,347,372,0.5,0.4645748987854251,0.5
0.4,11,30,100000,100000,861,780,375,358,0.5,0.4937679769894535,0.49754901960784315
0.4,11,31,100000,100000,318,398,368,353,0.5,0.46904761904761905,0.5134474327628362
0.4,11,32,100000,100000,75,83,381,365,0.5,0.5164835164835165,0.4801980198019802
0.4,11,33,100000,100000,499,697,366,372,0.5,0.49550898203592814,0.504950495049505
0.4,11,34,100000,100000,365,850,369,358,0.5,0.5205183585313174,0.48370927318295737
0.4,11,35,100000,100000,845,541,389,377,0.5,0.5465924895688457,0.522673031026253
0.4,11,36,100000,100000,358,384,357,362,0.5,0.5031185031185031,0.49271844660194175
0.4,11,37,100000,100000,303,565,372,372,0.5,0.529113924050633,0.5073529411764706
0.4,11,38,100000,100000,228,184,391,377,0.5,0.508,0.4988179669030733
0.4,11,39,100000,100000,742,580,376,383,0.5,0.5070603337612324,0.5011990407673861
0.4,11,40,100000,100000,437,405,360,354,0.5,0.4954296160877514,0.5037974683544304
0.4,11,41,100000,100000,642,318,366,365,0.5,0.517814726840855,0.5087281795511222
0.4,11,42,100000,100000,355,449,379,363,0.5,0.4924078091106291,0.515970515970516
0.4,11,43,100000,100000,472,419,349,351,0.5,0.4797891036906854,0.4652956298200514
0.4,11,44,100000,100000,108,85,357,368,0.5,0.46551724137931033,0.5012531328320802
0.4,11,45,100000,100000,246,281,368,378,0.5,0.49852507374631266,0.5157384987893463
0.4,11,46,100000,100000,81,73,361,358,0.5,0.532608695652174,0.5012658227848101
0.4,11,47,100000,100000,281,270,346,360,0.5,0.4849315068493151,0.48418491484184917
0.4,11,48,100000,100000,213,107,349,358,0.5,0.5149253731343284,0.5234567901234568
0.4,11,49,100000,100000,125,185,378,378,0.5,0.5375,0.5118483412322274
0.4,11,50,100000,100000,815,605,372,372,0.5,0.5110294117647058,0.5024509803921569
0.4,11,51,100000,100000,407,365,363,366,0.5,0.5020576131687243,0.4910941475826972
0.4,11,52,100000,100000,590,495,372,380,0.5,0.5093457943925234,0.5035799522673031
0.4,11,53,100000,100000,362,225,377,368,0.5,0.5197368421052632,0.491566265060241
0.4,11,54,100000,100000,77,56,362,369,0.5,0.527027027027027,0.49
0.4,11,55,100000,100000,52,59,369,361,0.5,0.5223880597014925,0.4803921568627451
0.4,11,56,100000,100000,369,281,374,374,0.5,0.5678670360110804,0.5298507462686567
0.4,11,57,100000,100000,447,509,363,363,0.5,0.49093904448105435,0.47738693467336685
0.4,11,58,100000,100000,492,378,380,394,0.5,0.5070993914807302,0.45990566037735847
0.4,11,59,100000,100000,288,132,379,385,0.5,0.5180722891566265,0.5311004784688995
0.4,11,60,100000,100000,869,962,359,366,0.5,0.49226804123711343,0.5088161209068011
0.4,11,61,100000,100000,336,352,359,365,0.5,0.48590021691973967,0.49740932642487046
0.4,11,62,100000,100000,9,466,376,371,0.5,0.8,0.49144254278728605
0.4,11,63,100000,100000,462,312,378,390,0.5,0.5355329949238579,0.5228915662650603
0.4,11,64,100000,100000,429,373,341,355,0.5,0.5029940119760479,0.5167958656330749
0.4,11,65,100000,100000,964,1141,374,365,0.5,0.5051875498802874,0.5390428211586902
0.4,11,66,100000,100000,126,104,369,358,0.5,0.4666666666666667,0.4609571788413098
0.4,11,67,100000,100000,730,320,368,371,0.5,0.5405405405405406,0.5297029702970297
0.4,11,68,100000,100000,655,788,357,383,0.5,0.4906284454244763,0.5120192307692307
0.4,11,69,100000,100000,362,604,377,360,0.5,0.5195652173913043,0.49261083743842365
0.4,11,70,100000,100000,603,492,364,367,0.5,0.4880597014925373,0.4768856447688564
0.4,11,71,100000,100000,351,115,376,376,0.5,0.45569620253164556,0.4793187347931874
0.4,11,72,100000,100000,376,421,353,359,0.5,0.466403162055336,0.5024509803921569
0.4,11,73,100000,100000,79,51,360,365,0.5,0.40540540540540543,0.5012658227848101
0.4,11,74,100000,100000,541,448,354,369,0.5,0.5243055555555556,0.5340050377833753
0.4,11,75,100000,100000,498,434,368,372,0.5,0.46113989637305697,0.47160493827160493
0.4,11,76,100000,100000,414,100,375,371,0.5,0.5109489051094891,0.5060240963855421
0.4,11,77,100000,100000,175,45,365,377,0.5,0.543859649122807,0.5099009900990099
0.4,11,78,100000,100000,477,154,367,373,0.5,0.5076142131979695,0.5201005025125628
0.4,11,79,100000,100000,56,48,367,364,0.5,0.5074626865671642,0.5269607843137255
0.4,11,80,100000,100000,106,89,365,378,0.5,0.48717948717948717,0.45410628019323673
0.4,11,81,100000,100000,334,345,350,352,0.5,0.5011135857461024,0.507537688442211
0.4,11,82,100000,100000,434,606,386,377,0.5,0.5043630017452007,0.5048543689320388
0.4,11,83,100000,100000,138,326,381,374,0.5,0.47282608695652173,0.4771084337349398
0.4,11,84,100000,100000,228,502,351,354,0.5,0.49514563106796117,0.4777227722772277
0.4,11,85,100000,100000,93,117,348,352,0.5,0.4765625,0.4619289340101523
0.4,11,86,100000,100000,154,111,365,356,0.5,0.5666666666666667,0.5440806045340051
0.4,11,87,100000,100000,294,462,358,355,0.5,0.5155440414507773,0.5456852791878173
0.4,11,88,100000,100000,449,439,369,369,0.5,0.48047538200339557,0.49624060150375937
0.4,11,89,100000,100000,302,334,369,380,0.5,0.49391727493917276,0.4830917874396135
0.4,11,90,100000,100000,171,159,366,367,0.5,0.5858585858585859,0.5012658227848101
0.4,11,91,100000,100000,475,709,372,376,0.5,0.5085536547433903,0.5048543689320388
0.4,11,92,100000,100000,126,86,370,381,0.5,0.5047619047619047,0.4852941176470588
0.4,11,93,100000,100000,99,91,368,364,0.5,0.5462184873949579,0.5527638190954773
0.4,11,94,100000,100000,72,126,362,359,0.5,0.46938775510204084,0.5213032581453634
0.4,11,95,100000,100000,94,79,376,367,0.5,0.4649122807017544,0.49754901960784315
0.4,11,96,100000,100000,900,655,347,355,0.5,0.5160142348754448,0.5236907730673317
0.4,11,97,100000,100000,194,202,365,375,0.5,0.49242424242424243,0.491566265060241
0.4,11,98,100000,100000,724,419,360,372,0.5,0.5053191489361702,0.5263157894736842
0.4,11,99,100000,100000,440,405,367,356,0.5,0.46835443037974683,0.4765432098765432
0.4,12,0,100000,100000,55,613,361,369,0.5,0.475,0.508641975308642
0.4,12,1,100000,100000,517,942,361,350,0.5,0.476878612716763,0.5201005025125628
0.4,12,2,100000,100000,215,247,374,365,0.5,0.48056537102473496,0.49507389162561577
0.4,12,3,100000,100000,349,404,362,368,0.5,0.4819532908704883,0.49242424242424243
0.4,12,4,100000,100000,388,596,378,351,0.5,0.47058823529411764,0.4738095238095238
0.4,12,5,100000,100000,153,46,359,360,0.5,0.4909090909090909,0.5104166666666666
0.4,12,6,100000,100000,595,319,361,360,0.5,0.5047619047619047,0.5115681233933161
0.4,12,7,100000,100000,575,150,347,353,0.5,0.39351851851851855,0.4408866995073892
0.4,12,8,100000,100000,753,385,375,378,0.5,0.5096153846153846,0.5012285012285013
0.4,12,9,100000,100000,380,334,371,383,0.5,0.503370786516854,0.49271844660194175
0.4,12,10,100000,100000,158,308,369,370,0.5,0.5,0.5061124694376528
0.4,12,11,100000,100000,466,630,370,369,0.5,0.5244299674267101,0.5110565110565111
0.4,12,12,100000,100000,695,534,367,380,0.5,0.5107296137339056,0.5049261083743842
0.4,12,13,100000,100000,107,97,389,376,0.5,0.48148148148148145,0.47115384615384615
0.4,12,14,100000,100000,816,394,345,337,0.5,0.4693140794223827,0.47643979057591623
0.4,12,15,100000,100000,127,72,358,363,0.5,0.46938775510204084,0.48166259168704156
0.4,12,16,100000,100000,248,255,382,389,0.5,0.5212121212121212,0.49882903981264637
0.4,12,17,100000,100000,254,206,360,364,0.5,0.5320754716981132,0.533498759305211
0.4,12,18,100000,100000,477,246,363,380,0.5,0.5095541401273885,0.538083538083538
0.4,12,19,100000,100000,505,327,365,361,0.5,0.48853211009174313,0.4719387755102041
0.4,12,20,100000,100000,1132,669,385,384,0.5,0.5233219567690558,0.5349397590361445
0.4,12,21,100000,100000,183,34,368,382,0.5,0.36,0.5035799522673031
0.4,12,22,100000,100000,897,672,368,361,0.5,0.5234822451317297,0.5219512195121951
0.4,12,23,100000,100000,171,244,371,369,0.5,0.5022222222222222,0.4713216957605985
0.4,12,24,100000,100000,418,484,362,364,0.5,0.4981751824817518,0.494949494949495
0.4,12,25,100000,100000,550,85,358,351,0.5,0.49572649572649574,0.4962025316455696
0.4,12,26,100000,100000,59,213,358,361,0.5,0.47560975609756095,0.5025641025641026
0.4,12,27,100000,100000,459,370,395,377,0.5,0.4862204724409449,0.4858490566037736
0.4,12,28,100000,100000,368,346,373,368,0.5,0.47983014861995754,0.5163727959697733
0.4,12,29,100000,100000,151,10,345,337,0.5,0.5,0.49742268041237114
0.4,12,30,100000,100000,693,482,343,366,0.5,0.4960505529225908,0.48711340206185566
0.4,12,31,100000,100000,552,591,374,378,0.5,0.4993288590604027,0.5097560975609756
0.4,12,32,100000,100000,1116,926,366,355,0.5,0.5259792166266987,0.5025252525252525
0.4,12,33,100000,100000,194,207,377,392,0.5,0.5310077519379846,0.517814726840855
0.4,12,34,100000,100000,594,863,371,362,0.5,0.4752851711026616,0.47880299251870323
0.4,12,35,100000,100000,173,269,359,359,0.5,0.41735537190082644,0.47103274559193953
0.4,12,36,100000,100000,254,287,369,381,0.5,0.5333333333333333,0.5024390243902439
0.4,12,37,100000,100000,372,378,380,369,0.5,0.5349794238683128,0.5109489051094891
0.4,12,38,100000,100000,549,795,378,384,0.5,0.5118549511854951,0.46172248803827753
0.4,12,39,100000,100000,54,255,360,358,0.5,0.4189189189189189,0.4825
0.4,12,40,100000,100000,537,116,362,349,0.5,0.5286624203821656,0.48120300751879697
0.4,12,41,100000,100000,595,295,360,376,0.5,0.5461956521739131,0.5288220551378446
0.4,12,42,100000,100000,348,448,384,378,0.5,0.5510204081632653,0.5269607843137255
0.4,12,43,100000,100000,499,518,388,395,0.5,0.5343511450381679,0.5292740046838408
0.4,12,44,100000,100000,380,316,364,377,0.5,0.5256723716381418,0.5266990291262136
0.4,12,45,100000,100000,114,146,370,363,0.5,0.496551724137931,0.5253807106598984
0.4,12,46,100000,100000,596,528,370,384,0.5,0.5116279069767442,0.5240384615384616
0.4,12,47,100000,100000,362,207,384,379,0.5,0.48928571428571427,0.5
0.4,12,48,100000,100000,802,775,368,368,0.5,0.5353938185443669,0.5304568527918782
0.4,12,49,100000,100000,163,168,368,369,0.5,0.5302325581395348,0.531328320802005
0.4,12,50,100000,100000,540,556,370,357,0.5,0.501412429378531,0.4876237623762376
0.4,12,51,100000,100000,347,378,377,367,0.5,0.48283261802575106,0.49144254278728605
0.4,12,52,100000,100000,31,72,377,385,0.5,0.5238095238095238,0.5344418052256532
0.4,12,53,100000,100000,105,701,343,335,0.5,0.48226950354609927,0.49872773536895676
0.4,12,54,100000,100000,442,354,372,363,0.5,0.46875,0.5073170731707317
0.4,12,55,100000,100000,33,270,363,372,0.5,0.5121951219512195,0.5269607843137255
0.4,12,56,100000,100000,149,304,361,360,0.5,0.5050505050505051,0.526829268292683
0.4,12,57,100000,100000,381,928,376,374,0.5,0.4951830443159923,0.5525672371638142
0.4,12,58,100000,100000,459,411,353,350,0.5,0.49907578558225507,0.4806201550387597
0.4,12,59,100000,100000,357,726,358,378,0.5,0.5284210526315789,0.5505050505050505
0.4,12,60,100000,100000,239,233,362,358,0.5,0.5245901639344263,0.5077319587628866
0.4,12,61,100000,100000,900,689,364,369,0.5,0.5126512651265126,0.5025252525252525
0.4,12,62,100000,100000,639,106,386,381,0.5,0.6194029850746269,0.5588235294117647
0.4,12,63,100000,100000,317,362,377,383,0.5,0.4965197215777262,0.4650602409638554
0.4,12,64,100000,100000,764,938,384,354,0.5,0.5004995004995005,0.48048780487804876
0.4,12,65,100000,100000,408,278,384,370,0.5,0.5161290322580645,0.5241545893719807
0.4,12,66,100000,100000,860,414,365,360,0.5,0.4910071942446043,0.4852941176470588
0.4,12,67,100000,100000,357,319,378,374,0.5,0.529126213592233,0.4951219512195122
0.4,12,68,100000,100000,317,370,374,356,0.5,0.4878048780487805,0.46984924623115576
0.4,12,69,100000,100000,479,647,346,369,0.5,0.48114630467571645,0.4987951807228916
0.4,12,70,100000,100000,218,743,361,359,0.5,0.4826388888888889,0.4841075794621027
0.4,12,71,100000,100000,78,118,368,371,0.5,0.4722222222222222,0.515
0.4,12,72,100000,100000,614,307,365,382,0.5,0.5558441558441558,0.5315533980582524
0.4,12,73,100000,100000,405,343,372,372,0.5,0.5388127853881278,0.5062344139650873
0.4,12,74,100000,100000,478,350,371,372,0.5,0.5052854122621564,0.4801980198019802
0.4,12,75,100000,100000,226,192,366,357,0.5,0.47924528301886793,0.4744897959183674
0.4,12,76,100000,100000,313,270,389,378,0.5,0.496,0.5046948356807511
0.4,12,77,100000,100000,241,251,384,361,0.5,0.5149501661129569,0.5123152709359606
0.4,12,78,100000,100000,523,728,373,377,0.5,0.5426008968609866,0.5207823960880196
0.4,12,79,100000,100000,219,400,362,360,0.5,0.4897260273972603,0.4801980198019802
0.4,12,80,100000,100000,141,192,372,369,0.5,0.5,0.5048543689320388
0.4,12,81,100000,100000,809,278,373,373,0.5,0.5216216216216216,0.5352112676056338
0.4,12,82,100000,100000,511,612,373,368,0.5,0.534711964549483,0.5667506297229219
0.4,12,83,100000,100000,250,193,383,385,0.5,0.532,0.513189448441247
0.4,12,84,100000,100000,141,131,387,366,0.5,0.5202312138728323,0.5121359223300971
0.4,12,85,100000,100000,503,516,355,361,0.5,0.4672489082969432,0.46568627450980393
0.4,12,86,100000,100000,831,844,373,376,0.5,0.48882931188561213,0.4914004914004914
0.4,12,87,100000,100000,295,339,365,354,0.5,0.5173333333333333,0.4797979797979798
0.4,12,88,100000,100000,666,225,367,370,0.5,0.4966442953020134,0.5110565110565111
0.4,12,89,100000,100000,1168,69,378,394,0.5,0.4891304347826087,0.4894613583138173
0.4,12,90,100000,100000,279,489,377,367,0.5,0.5390835579514824,0.5136476426799007
0.4,12,91,100000,100000,782,848,377,390,0.5,0.49396471680594245,0.5128205128205128
0.4,12,92,100000,100000,90,142,367,369,0.5,0.48333333333333334,0.48635235732009924
0.4,12,93,100000,100000,265,249,362,372,0.5,0.48024316109422494,0.48148148148148145
0.4,12,94,100000,100000,191,94,359,350,0.5,0.5511811023622047,0.5213032581453634
0.4,12,95,100000,100000,38,698,356,357,0.5,0.5217391304347826,0.5168831168831168
0.4,12,96,100000,100000,300,559,361,364,0.5,0.5255102040816326,0.5165394402035624
0.4,12,97,100000,100000,239,362,362,371,0.5,0.5015673981191222,0.5523114355231143
0.4,12,98,100000,100000,634,161,366,355,0.5,0.5190476190476191,0.5102564102564102
0.4,12,99,100000,100000,143,83,377,371,0.5,0.5,0.47642679900744417
0.4,13,0,100000,100000,490,730,369,368,0.5,0.4659606656580938,0.48743718592964824
0.4,13,1,100000,100000,40,216,386,382,0.5,0.5813953488372093,0.5325301204819277
0.4,13,2,100000,100000,150,114,367,367,0.5,0.4838709677419355,0.5488721804511278
0.4,13,3,100000,100000,279,207,377,371,0.5,0.5142857142857142,0.5264423076923077
0.4,13,4,100000,100000,946,380,366,364,0.5,0.4446564885496183,0.4720812182741117
0.4,13,5,100000,100000,266,209,381,366,0.5,0.5141843971631206,0.5125
0.4,13,6,100000,100000,563,204,372,383,0.5,0.4758364312267658,0.49176470588235294
0.4,13,7,100000,100000,359,200,361,351,0.5,0.5362318840579711,0.5376623376623376
0.4,13,8,100000,100000,520,421,374,377,0.5,0.5451263537906137,0.5264423076923077
0.4,13,9,100000,100000,98,326,352,343,0.5,0.4921875,0.46616541353383456
0.4,13,10,100000,100000,420,376,392,379,0.5,0.49902912621359224,0.5105882352941177
0.4,13,11,100000,100000,464,580,378,372,0.5,0.5041876046901173,0.5331695331695332
0.4,13,12,100000,100000,279,364,356,361,0.5,0.49343832020997375,0.4427860696517413
0.4,13,13,100000,100000,545,719,362,349,0.5,0.5014044943820225,0.5025380710659898
0.4,13,14,100000,100000,313,280,360,351,0.5,0.5407608695652174,0.5411140583554377
0.4,13,15,100000,100000,354,214,379,365,0.5,0.4864864864864865,0.5154394299287411
0.4,13,16,100000,100000,458,602,356,364,0.5,0.4878836833602585,0.4669926650366748
0.4,13,17,100000,100000,368,115,362,350,0.5,0.5608108108108109,0.5025125628140703
0.4,13,18,100000,100000,303,463,363,384,0.5,0.5047169811320755,0.47911547911547914
0.4,13,19,100000,100000,224,210,372,374,0.5,0.49640287769784175,0.5037406483790524
0.4,13,20,100000,100000,345,215,384,386,0.5,0.5563636363636364,0.5242494226327945
0.4,13,21,100000,100000,115,175,379,382,0.5,0.47096774193548385,0.46190476190476193
0.4,13,22,100000,100000,512,716,349,358,0.5,0.4942363112391931,0.4987146529562982
0.4,13,23,100000,100000,763,480,383,373,0.5,0.4984984984984985,0.4975845410628019
0.4,13,24,100000,100000,725,671,380,378,0.5,0.5279017857142857,0.5255474452554745
0.4,13,25,100000,100000,417,303,351,361,0.5,0.47699757869249393,0.4975728155339806
0.4,13,26,100000,100000,595,352,376,384,0.5,0.5272331154684096,0.5201900237529691
0.4,13,27,100000,100000,138,272,367,364,0.5,0.5056179775280899,0.48120300751879697
0.4,13,28,100000,100000,122,132,347,349,0.5,0.4779874213836478,0.46547314578005117
0.4,13,29,100000,100000,516,212,344,357,0.5,0.48161764705882354,0.5
0.4,13,30,100000,100000,456,355,353,367,0.5,0.5054945054945055,0.504950495049505
0.4,13,31,100000,100000,524,809,387,384,0.5,0.5085470085470085,0.5315533980582524
0.4,13,32,100000,100000,237,884,351,358,0.5,0.5588235294117647,0.5208845208845209
0.4,13,33,100000,100000,449,453,361,364,0.5,0.5017123287671232,0.5025773195876289
0.4,13,34,100000,100000,444,793,373,355,0.5,0.5026269702276708,0.5261845386533666
0.4,13,35,100000,100000,313,240,359,349,0.5,0.48598130841121495,0.4987593052109181
0.4,13,36,100000,100000,604,368,376,392,0.5,0.509719222462203,0.4964871194379391
0.4,13,37,100000,100000,403,306,379,364,0.5,0.511002444987775,0.49014778325123154
0.4,13,38,100000,100000,311,142,367,359,0.5,0.5230769230769231,0.5126903553299492
0.4,13,39,100000,100000,181,166,369,373,0.5,0.5069767441860465,0.5138539042821159
0.4,13,40,100000,100000,163,503,363,366,0.5,0.5023474178403756,0.4975845410628019
0.4,13,41,100000,100000,88,767,374,365,0.5,0.4666666666666667,0.47804878048780486
0.4,13,42,100000,100000,730,680,371,372,0.5,0.5072951739618407,0.5107913669064749
0.4,13,43,100000,100000,285,397,368,375,0.5,0.5,0.4889975550122249
0.4,13,44,100000,100000,740,590,358,370,0.5,0.49370277078085645,0.47890818858560796
0.4,13,45,100000,100000,337,604,366,370,0.5,0.49673202614379086,0.5245098039215687
0.4,13,46,100000,100000,254,508,367,378,0.5,0.5146198830409356,0.4777227722772277
0.4,13,47,100000,100000,291,384,370,360,0.5,0.5053763440860215,0.49502487562189057
0.4,13,48,100000,100000,342,203,361,374,0.5,0.5685483870967742,0.5062972292191436
0.4,13,49,100000,100000,213,319,366,374,0.5,0.49828178694158076,0.486284289276808
0.4,13,50,100000,100000,478,381,376,380,0.5,0.5336048879837068,0.5240384615384616
0.4,13,51,100000,100000,230,298,353,364,0.5,0.512987012987013,0.5529715762273901
0.4,13,52,100000,100000,93,194,367,359,0.5,0.4878048780487805,0.47783251231527096
0.4,13,53,100000,100000,159,181,357,356,0.5,0.5069124423963134,0.4883720930232558
0.4,13,54,100000,100000,48,393,357,352,0.5,0.5454545454545454,0.4805194805194805
0.4,13,55,100000,100000,537,561,357,361,0.5,0.4774281805745554,0.4797136038186158
0.4,13,56,100000,100000,233,219,366,358,0.5,0.5591397849462365,0.5012987012987012
0.4,13,57,100000,100000,315,292,374,387,0.5,0.46649484536082475,0.4750593824228028
0.4,13,58,100000,100000,598,350,372,350,0.5,0.4800796812749004,0.5062034739454094
0.4,13,59,100000,100000,342,303,367,386,0.5,0.4961636828644501,0.5190476190476191
0.4,13,60,100000,100000,280,327,347,351,0.5,0.5121951219512195,0.5461346633416458
0.4,13,61,100000,100000,499,230,369,363,0.5,0.4888888888888889,0.48157248157248156
0.4,13,62,100000,100000,93,653,373,367,0.5,0.4108527131782946,0.4613526570048309
0.4,13,63,100000,100000,95,55,367,365,0.5,0.4675324675324675,0.4878048780487805
0.4,13,64,100000,100000,908,268,375,383,0.5,0.5214899713467048,0.5116822429906542
0.4,13,65,100000,100000,250,669,369,364,0.5,0.4759036144578313,0.46958637469586373
0.4,13,66,100000,100000,473,120,345,355,0.5,0.4713375796178344,0.5012468827930174
0.4,13,67,100000,100000,290,1119,384,411,0.5,0.5307692307692308,0.531615925058548
0.4,13,68,100000,100000,301,152,393,379,0.5,0.5142857142857142,0.5129411764705882
0.4,13,69,100000,100000,922,171,351,373,0.5,0.4792626728110599,0.49385749385749383
0.4,13,70,100000,100000,1053,473,379,382,0.5,0.5090016366612111,0.5314009661835749
0.4,13,71,100000,100000,964,356,362,361,0.5,0.5060483870967742,0.5089058524173028
0.4,13,72,100000,100000,288,701,379,372,0.5,0.484375,0.5024630541871922
0.4,13,73,100000,100000,335,390,358,363,0.5,0.48268398268398266,0.48175182481751827
0.4,13,74,100000,100000,134,422,363,357,0.5,0.5235294117647059,0.5012853470437018
0.4,13,75,100000,100000,364,389,363,365,0.5,0.4717741935483871,0.4768856447688564
0.4,13,76,100000,100000,631,252,372,381,0.5,0.5216049382716049,0.5024271844660194
0.4,13,77,100000,100000,161,312,366,370,0.5,0.497737556561086,0.4937655860349127
0.4,13,78,100000,100000,1127,409,374,369,0.5,0.4898336414048059,0.43902439024390244
0.4,13,79,100000,100000,805,210,375,374,0.5,0.475177304964539,0.4821002386634845
0.4,13,80,100000,100000,249,526,351,369,0.5,0.5058823529411764,0.49148418491484186
0.4,13,81,100000,100000,436,220,349,361,0.5,0.4631578947368421,0.4791666666666667
0.4,13,82,100000,100000,360,419,373,367,0.5,0.5193965517241379,0.5202020202020202
0.4,13,83,100000,100000,593,818,364,373,0.5,0.5100502512562815,0.4746987951807229
0.4,13,84,100000,100000,313,1081,367,358,0.5,0.5247524752475248,0.5174129353233831
0.4,13,85,100000,100000,255,270,374,380,0.5,0.48717948717948717,0.5060532687651331
0.4,13,86,100000,100000,246,59,349,350,0.5,0.4230769230769231,0.48883374689826303
0.4,13,87,100000,100000,21,150,350,354,0.5,0.5,0.46766169154228854
0.4,13,88,100000,100000,37,79,380,385,0.5,0.5686274509803921,0.5060240963855421
0.4,13,89,100000,100000,147,93,381,379,0.5,0.4878048780487805,0.48699763593380613
0.4,13,90,100000,100000,252,435,362,342,0.5,0.47289156626506024,0.4722222222222222
0.4,13,91,100000,100000,132,252,381,382,0.5,0.5380116959064327,0.48292682926829267
0.4,13,92,100000,100000,424,233,363,374,0.5,0.5384615384615384,0.5176767676767676
0.4,13,93,100000,100000,51,593,346,369,0.5,0.5753424657534246,0.5275590551181102
0.4,13,94,100000,100000,622,274,384,369,0.5,0.4781491002570694,0.4975845410628019
0.4,13,95,100000,100000,352,132,360,366,0.5,0.5058823529411764,0.49264705882352944
0.4,13,96,100000,100000,313,168,358,373,0.5,0.44545454545454544,0.45073891625615764
0.4,13,97,100000,100000,225,320,342,347,0.5,0.5117056856187291,0.5286783042394015
0.4,13,98,100000,100000,234,487,349,346,0.5,0.4888888888888889,0.5073891625615764
0.4,13,99,100000,100000,537,548,359,381,0.5,0.46121883656509693,0.4600484261501211
0.4,14,0,100000,100000,200,627,384,378,0.5,0.549407114624506,0.5404761904761904
0.4,14,1,100000,100000,374,166,347,366,0.5,0.4608294930875576,0.5049751243781094
0.4,14,2,100000,100000,190,489,366,368,0.5,0.46360153256704983,0.4643734643734644
0.4,14,3,100000,100000,851,95,365,366,0.5,0.48031496062992124,0.45707070707070707
0.4,14,4,100000,100000,715,400,388,379,0.5,0.49530956848030017,0.5071428571428571
0.4,14,5,100000,100000,352,105,371,379,0.5,0.5572519083969466,0.541871921182266
0.4,14,6,100000,100000,564,416,362,360,0.5,0.4846846846846847,0.5149253731343284
0.4,14,7,100000,100000,196,211,367,361,0.5,0.5296442687747036,0.5196078431372549
0.4,14,8,100000,100000,355,637,371,365,0.5,0.5118790496760259,0.5073891625615764
0.4,14,9,100000,100000,1085,1346,371,376,0.5,0.4993188010899183,0.505
0.4,14,10,100000,100000,334,381,352,360,0.5,0.5112612612612613,0.5348258706467661
0.4,14,11,100000,100000,289,285,384,374,0.5,0.48812664907651715,0.5168269230769231
0.4,14,12,100000,100000,204,267,375,363,0.5,0.5369649805447471,0.5073529411764706
0.4,14,13,100000,100000,994,910,367,368,0.5,0.502495840266223,0.5037220843672456
0.4,14,14,100000,100000,322,639,379,349,0.5,0.47183098591549294,0.46875
0.4,14,15,100000,100000,139,469,375,375,0.5,0.49740932642487046,0.5110565110565111
0.4,14,16,100000,100000,278,82,364,385,0.5,0.4666666666666667,0.46601941747572817
0.4,14,17,100000,100000,596,298,366,371,0.5,0.4770408163265306,0.4752475247524752
0.4,14,18,100000,100000,685,489,373,368,0.5,0.4894894894894895,0.515
0.4,14,19,100000,100000,385,584,373,380,0.5,0.4932562620423892,0.47029702970297027
0.4,14,20,100000,100000,455,513,375,373,0.5,0.5264957264957265,0.4964705882352941
0.4,14,21,100000,100000,388,311,385,389,0.5,0.5231143552311436,0.5202863961813843
0.4,14,22,100000,100000,760,796,386,369,0.5,0.5030241935483871,0.4950980392156863
0.4,14,23,100000,100000,583,463,366,374,0.5,0.4919614147909968,0.4701492537313433
0.4,14,24,100000,100000,382,323,381,371,0.5,0.49557522123893805,0.5352798053527981
0.4,14,25,100000,100000,176,263,350,365,0.5,0.5206611570247934,0.5215189873417722
0.4,14,26,100000,100000,240,351,362,369,0.5,0.5076923076923077,0.49877750611246946
0.4,14,27,100000,100000,894,327,357,366,0.5,0.4953051643192488,0.5176767676767676
0.4,14,28,100000,100000,239,236,366,359,0.5,0.4778481012658228,0.5036674816625917
0.4,14,29,100000,100000,93,125,368,386,0.5,0.45323741007194246,0.43719806763285024
0.4,14,30,100000,100000,380,643,382,384,0.5,0.5272373540856031,0.5560975609756098
0.4,14,31,100000,100000,373,383,375,373,0.5,0.4968944099378882,0.47699757869249393
0.4,14,32,100000,100000,798,412,354,360,0.5,0.5276752767527675,0.5375
0.4,14,33,100000,100000,75,552,375,377,0.5,0.4742268041237113,0.4953271028037383
0.4,14,34,100000,100000,310,318,351,353,0.5,0.5060240963855421,0.5012658227848101
0.4,14,35,100000,100000,244,198,371,376,0.5,0.5662650602409639,0.5338345864661654
0.4,14,36,100000,100000,231,195,364,351,0.5,0.4944237918215613,0.5062034739454094
0.4,14,37,100000,100000,464,513,370,371,0.5,0.5256410256410257,0.5376884422110553
0.4,14,38,100000,100000,56,425,369,380,0.5,0.4375,0.4807692307692308
0.4,14,39,100000,100000,123,148,369,379,0.5,0.49411764705882355,0.4950980392156863
0.4,14,40,100000,100000,1012,250,358,357,0.5,0.49848024316109424,0.475
0.4,14,41,100000,100000,410,99,347,340,0.5,0.4852941176470588,0.46055979643765904
0.4,14,42,100000,100000,473,362,376,357,0.5,0.5331991951710262,0.5083932853717026
0.4,14,43,100000,100000,253,196,371,372,0.5,0.5,0.5180722891566265
0.4,14,44,100000,100000,205,257,375,357,0.5,0.568,0.544529262086514
0.4,14,45,100000,100000,555,553,360,377,0.5,0.521557719054242,0.49878345498783455
0.4,14,46,100000,100000,166,227,367,366,0.5,0.5355450236966824,0.5225
0.4,14,47,100000,100000,238,47,366,364,0.5,0.5517241379310345,0.5678391959798995
0.4,14,48,100000,100000,604,528,383,370,0.5,0.50997150997151,0.5072815533980582
0.4,14,49,100000,100000,469,154,363,384,0.5,0.4639175257731959,0.5096153846153846
0.4,14,50,100000,100000,133,176,362,360,0.5,0.5491329479768786,0.516209476309227
0.4,14,51,100000,100000,562,631,374,375,0.5,0.4865229110512129,0.4857142857142857
0.4,14,52,100000,100000,131,315,350,353,0.5,0.5027932960893855,0.47858942065491183
0.4,14,53,100000,100000,583,201,344,363,0.5,0.50390625,0.5190839694656488
0.4,14,54,100000,100000,318,338,357,352,0.5,0.46853146853146854,0.5
0.4,14,55,100000,100000,575,205,366,377,0.5,0.5381679389312977,0.5138539042821159
0.4,14,56,100000,100000,542,76,378,389,0.5,0.46601941747572817,0.48243559718969553
0.4,14,57,100000,100000,406,556,366,364,0.5,0.5349264705882353,0.565989847715736
0.4,14,58,100000,100000,392,397,363,374,0.5,0.47731755424063116,0.5037037037037037
0.4,14,59,100000,100000,452,213,371,374,0.5,0.5243445692883895,0.5099502487562189
0.4,14,60,100000,100000,148,481,370,372,0.5,0.47,0.498812351543943
0.4,14,61,100000,100000,316,311,366,343,0.5,0.4748201438848921,0.4846153846153846
0.4,14,62,100000,100000,731,1148,378,365,0.5,0.50418410041841,0.5135802469135803
0.4,14,63,100000,100000,101,927,376,373,0.5,0.5590551181102362,0.5528255528255528
0.4,14,64,100000,100000,797,257,360,362,0.5,0.48405797101449277,0.5025125628140703
0.4,14,65,100000,100000,200,290,363,371,0.5,0.5073529411764706,0.5352798053527981
0.4,14,66,100000,100000,161,715,376,380,0.5,0.5305164319248826,0.4975609756097561
0.4,14,67,100000,100000,289,543,375,381,0.5,0.5115681233933161,0.5084745762711864
0.4,14,68,100000,100000,294,463,363,372,0.5,0.49391727493917276,0.4643734643734644
0.4,14,69,100000,100000,216,246,384,367,0.5,0.45714285714285713,0.47129186602870815
0.4,14,70,100000,100000,157,135,353,363,0.5,0.5290697674418605,0.511002444987775
0.4,14,71,100000,100000,89,548,365,356,0.5,0.42016806722689076,0.4847715736040609
0.4,14,72,100000,100000,454,432,359,369,0.5,0.4777397260273973,0.4740740740740741
0.4,14,73,100000,100000,517,540,367,369,0.5,0.5138686131386861,0.495
0.4,14,74,100000,100000,702,717,343,362,0.5,0.5085470085470085,0.5142118863049095
0.4,14,75,100000,100000,765,957,352,343,0.5,0.47774480712166173,0.49746192893401014
0.4,14,76,100000,100000,68,282,402,401,0.5,0.5517241379310345,0.5067873303167421
0.4,14,77,100000,100000,58,542,382,370,0.5,0.4,0.5121359223300971
0.4,14,78,100000,100000,84,137,338,361,0.5,0.49572649572649574,0.4884318766066838
0.4,14,79,100000,100000,322,25,371,367,0.5,0.43243243243243246,0.4794188861985472
0.4,14,80,100000,100000,133,227,388,379,0.5,0.6149068322981367,0.5507246376811594
0.4,14,81,100000,100000,287,632,370,361,0.5,0.48947368421052634,0.47174447174447176
0.4,14,82,100000,100000,539,465,358,366,0.5,0.5181518151815182,0.5037037037037037
0.4,14,83,100000,100000,773,799,384,373,0.5,0.4956605593056895,0.4834905660377358
0.4,14,84,100000,100000,287,641,389,392,0.5,0.4859335038363171,0.4574712643678161
0.4,14,85,100000,100000,183,436,383,381,0.5,0.5042016806722689,0.5023809523809524
0.4,14,86,100000,100000,844,218,377,376,0.5,0.5406360424028268,0.49019607843137253
0.4,14,87,100000,100000,737,901,357,358,0.5,0.4836471754212091,0.4951219512195122
0.4,14,88,100000,100000,162,319,379,378,0.5,0.5497630331753555,0.5111111111111111
0.4,14,89,100000,100000,139,153,361,369,0.5,0.5319148936170213,0.5147783251231527
0.4,14,90,100000,100000,349,87,368,364,0.5,0.5258620689655172,0.4692874692874693
0.4,14,91,100000,100000,143,704,372,370,0.5,0.5132275132275133,0.5012406947890818
0.4,14,92,100000,100000,33,251,365,354,0.5,0.5609756097560976,0.5160493827160494
0.4,14,93,100000,100000,613,744,363,364,0.5,0.5018450184501845,0.4718826405867971
0.4,14,94,100000,100000,367,546,368,376,0.5,0.494,0.48292682926829267
0.4,14,95,100000,100000,280,294,377,371,0.5,0.4945652173913043,0.4852941176470588
0.4,14,96,100000,100000,285,647,372,377,0.5,0.5349462365591398,0.5359801488833746
0.4,14,97,100000,100000,344,429,369,364,0.5,0.490280777537797,0.47794117647058826
0.4,14,98,100000,100000,114,355,366,355,0.5,0.5562913907284768,0.5195121951219512
0.4,14,99,100000,100000,525,130,384,396,0.5,0.5527950310559007,0.5660377358490566
0.4,15,0,100000,100000,272,413,366,373,0.5,0.53954802259887,0.47560975609756095
0.4,15,1,100000,100000,742,528,371,369,0.5,0.5049786628733998,0.4740566037735849
0.4,15,2,100000,100000,590,314,393,373,0.5,0.5339578454332553,0.47754137115839246
0.4,15,3,100000,100000,513,1233,391,386,0.5,0.5088495575221239,0.5035460992907801
0.4,15,4,100000,100000,528,222,369,374,0.5,0.4915254237288136,0.4937655860349127
0.4,15,5,100000,100000,375,315,368,383,0.5,0.5201005025125628,0.5356265356265356
0.4,15,6,100000,100000,536,74,371,357,0.5,0.4766355140186916,0.5
0.4,15,7,100000,100000,155,784,376,372,0.5,0.5803108808290155,0.5308641975308642
0.4,15,8,100000,100000,745,306,356,346,0.5,0.4940047961630695,0.527363184079602
0.4,15,9,100000,100000,452,212,374,366,0.5,0.4965753424657534,0.4975728155339806
0.4,15,10,100000,100000,445,653,368,361,0.5,0.4773109243697479,0.44552058111380144
0.4,15,11,100000,100000,148,411,372,359,0.5,0.48704663212435234,0.494949494949495
0.4,15,12,100000,100000,321,87,362,366,0.5,0.5277777777777778,0.5382653061224489
0.4,15,13,100000,100000,405,348,373,357,0.5,0.4905263157894737,0.5089058524173028
0.4,15,14,100000,100000,566,161,365,371,0.5,0.5170731707317073,0.5086848635235732
0.4,15,15,100000,100000,677,627,380,380,0.5,0.4827586206896552,0.46318289786223277
0.4,15,16,100000,100000,290,215,356,370,0.5,0.4892086330935252,0.4619289340101523
0.4,15,17,100000,100000,85,74,376,372,0.5,0.4845360824742268,0.4827586206896552
0.4,15,18,100000,100000,282,576,393,399,0.5,0.5148247978436657,0.5
0.4,15,19,100000,100000,290,987,376,368,0.5,0.4806201550387597,0.4681372549019608
0.4,15,20,100000,100000,269,597,375,380,0.5,0.4823848238482385,0.49019607843137253
0.4,15,21,100000,100000,416,490,366,369,0.5,0.5190562613430127,0.5176767676767676
0.4,15,22,100000,100000,542,249,381,358,0.5,0.4928774928774929,0.5024630541871922
0.4,15,23,100000,100000,340,459,370,363,0.5,0.5123042505592841,0.5170731707317073
0.4,15,24,100000,100000,127,492,368,375,0.5,0.47674418604651164,0.4744525547445255
0.4,15,25,100000,100000,61,451,363,344,0.5,0.5333333333333333,0.4911392405063291
0.4,15,26,100000,100000,341,182,386,390,0.5,0.5107296137339056,0.5238095238095238
0.4,15,27,100000,100000,175,258,355,371,0.5,0.512396694214876,0.5184275184275184
0.4,15,28,100000,100000,185,206,371,377,0.5,0.5298804780876494,0.5135135135135135
0.4,15,29,100000,100000,142,631,394,372,0.5,0.47701149425287354,0.4846335697399527
0.4,15,30,100000,100000,792,367,367,372,0.5,0.4804928131416838,0.5386533665835411
0.4,15,31,100000,100000,1021,313,376,369,0.5,0.5256723716381418,0.5228915662650603
0.4,15,32,100000,100000,327,575,367,377,0.5,0.5,0.5024630541871922
0.4,15,33,100000,100000,196,290,365,377,0.5,0.5361216730038023,0.5111111111111111
0.4,15,34,100000,100000,605,71,359,357,0.5,0.40384615384615385,0.4640198511166253
0.4,15,35,100000,100000,92,32,385,384,0.5,0.40425531914893614,0.5202863961813843
0.4,15,36,100000,100000,328,223,366,359,0.5,0.4850498338870432,0.47160493827160493
0.4,15,37,100000,100000,263,329,392,403,0.5,0.5170454545454546,0.5391705069124424
0.4,15,38,100000,100000,364,1506,353,365,0.5,0.5050100200400801,0.5269922879177378
0.4,15,39,100000,100000,243,456,372,364,0.5,0.5122699386503068,0.5012345679012346
0.4,15,40,100000,100000,837,135,365,364,0.5,0.4858757062146893,0.507537688442211
0.4,15,41,100000,100000,434,422,376,373,0.5,0.508833922261484,0.5414634146341464
0.4,15,42,100000,100000,115,311,350,363,0.5,0.46153846153846156,0.5075757575757576
0.4,15,43,100000,100000,619,698,362,369,0.5,0.5099882491186839,0.5191815856777494
0.4,15,44,100000,100000,369,353,372,367,0.5,0.5448577680525164,0.5149253731343284
0.4,15,45,100000,100000,80,774,357,352,0.5,0.5294117647058824,0.49743589743589745
0.4,15,46,100000,100000,827,136,378,375,0.5,0.4943820224719101,0.4928571428571429
0.4,15,47,100000,100000,341,242,379,378,0.5,0.5062111801242236,0.5391923990498813
0.4,15,48,100000,100000,256,570,360,360,0.5,0.5087719298245614,0.5063938618925832
0.4,15,49,100000,100000,197,858,363,350,0.5,0.44656488549618323,0.44168734491315137
0.4,15,50,100000,100000,489,120,390,371,0.5,0.441340782122905,0.5035799522673031
0.4,15,51,100000,100000,344,662,390,372,0.5,0.518348623853211,0.4906976744186046
0.4,15,52,100000,100000,775,627,380,380,0.5,0.5187793427230047,0.5120192307692307
0.4,15,53,100000,100000,323,59,369,365,0.5,0.4823529411764706,0.5088607594936709
0.4,15,54,100000,100000,36,81,364,352,0.5,0.46938775510204084,0.4987405541561713
0.4,15,55,100000,100000,58,528,368,374,0.5,0.5797101449275363,0.486284289276808
0.4,15,56,100000,100000,343,205,376,379,0.5,0.5387453874538746,0.5259259259259259
0.4,15,57,100000,100000,207,421,377,367,0.5,0.5606060606060606,0.5656565656565656
0.4,15,58,100000,100000,362,715,378,370,0.5,0.4936708860759494,0.508557457212714
0.4,15,59,100000,100000,409,452,343,368,0.5,0.5080789946140036,0.4899497487437186
0.4,15,60,100000,100000,181,179,393,382,0.5,0.5394736842105263,0.548926014319809
0.4,15,61,100000,100000,309,123,366,366,0.5,0.436046511627907,0.49877750611246946
0.4,15,62,100000,100000,365,846,366,366,0.5,0.5061224489795918,0.4937655860349127
0.4,15,63,100000,100000,570,102,366,370,0.5,0.5116279069767442,0.5083932853717026
0.4,15,64,100000,100000,228,598,374,369,0.5,0.48013245033112584,0.4975247524752475
0.4,15,65,100000,100000,172,227,364,365,0.5,0.5244444444444445,0.4913151364764268
0.4,15,66,100000,100000,61,1048,366,372,0.5,0.47674418604651164,0.49874686716791977
0.4,15,67,100000,100000,512,797,382,379,0.5,0.4755747126436782,0.5095693779904307
0.4,15,68,100000,100000,408,286,377,364,0.5,0.4909090909090909,0.4975609756097561
0.4,15,69,100000,100000,233,166,344,358,0.5,0.5369458128078818,0.5099502487562189
0.4,15,70,100000,100000,107,32,374,380,0.5,0.4473684210526316,0.5182481751824818
0.4,15,71,100000,100000,292,1041,362,369,0.5,0.5478723404255319,0.4961636828644501
0.4,15,72,100000,100000,332,229,383,367,0.5,0.5093167701863354,0.526829268292683
0.4,15,73,100000,100000,865,309,365,378,0.5,0.48148148148148145,0.4785714285714286
0.4,15,74,100000,100000,141,226,356,354,0.5,0.5454545454545454,0.48812664907651715
0.4,15,75,100000,100000,529,877,366,364,0.5,0.45224719101123595,0.43467336683417085
0.4,15,76,100000,100000,92,414,375,376,0.5,0.48031496062992124,0.49759615384615385
0.4,15,77,100000,100000,537,50,360,355,0.5,0.5166666666666667,0.47164948453608246
0.4,15,78,100000,100000,93,86,359,370,0.5,0.38461538461538464,0.45614035087719296
0.4,15,79,100000,100000,1010,93,343,357,0.5,0.48333333333333334,0.4637305699481865
0.4,15,80,100000,100000,265,190,377,375,0.5,0.5889830508474576,0.5325
0.4,15,81,100000,100000,335,784,337,362,0.5,0.4924406047516199,0.46984924623115576
0.4,15,82,100000,100000,558,41,374,366,0.5,0.6,0.4855769230769231
0.4,15,83,100000,100000,61,200,363,379,0.5,0.575,0.5447761194029851
0.4,15,84,100000,100000,132,243,352,370,0.5,0.48936170212765956,0.5255474452554745
0.4,15,85,100000,100000,54,406,389,374,0.5,0.48484848484848486,0.49640287769784175
0.4,15,86,100000,100000,187,547,372,373,0.5,0.5564853556485355,0.5149253731343284
0.4,15,87,100000,100000,49,311,362,353,0.5,0.5384615384615384,0.4580152671755725
0.4,15,88,100000,100000,23,96,363,364,0.5,0.6,0.5136476426799007
0.4,15,89,100000,100000,437,708,363,371,0.5,0.48494983277591974,0.5275
0.4,15,90,100000,100000,290,391,358,372,0.5,0.4876847290640394,0.4798994974874372
0.4,15,91,100000,100000,312,711,366,361,0.5,0.4928571428571429,0.47115384615384615
0.4,15,92,100000,100000,53,222,354,363,0.5,0.5,0.473551637279597
0.4,15,93,100000,100000,138,71,380,390,0.5,0.6265060240963856,0.5301204819277109
0.4,15,94,100000,100000,320,210,340,363,0.5,0.45161290322580644,0.4811083123425693
0.4,15,95,100000,100000,150,183,370,369,0.5,0.5103092783505154,0.48614609571788414
0.4,15,96,100000,100000,1113,728,370,358,0.5,0.5153688524590164,0.4765432098765432
0.4,15,97,100000,100000,265,392,372,374,0.5,0.5350877192982456,0.5083532219570406
0.4,15,98,100000,100000,395,282,373,376,0.5,0.5152354570637119,0.4963325183374083
0.4,15,99,100000,100000,65,335,377,362,0.5,0.4444444444444444,0.49019607843137253
0.4,16,0,100000,100000,112,402,367,372,0.5,0.4472049689440994,0.4504950495049505
0.4,16,1,100000,100000,292,174,393,381,0.5,0.5,0.5223529411764706
0.4,16,2,100000,100000,71,71,365,374,0.5,0.5232558139534884,0.5024390243902439
0.4,16,3,100000,100000,254,242,366,376,0.5,0.509493670886076,0.4875
0.4,16,4,100000,100000,708,612,364,354,0.5,0.5079365079365079,0.4782608695652174
0.4,16,5,100000,100000,321,567,370,369,0.5,0.5,0.49747474747474746
0.4,16,6,100000,100000,764,616,377,359,0.5,0.5413625304136253,0.5483870967741935
0.4,16,7,100000,100000,419,285,347,346,0.5,0.4666666666666667,0.4603960396039604
0.4,16,8,100000,100000,549,833,359,353,0.5,0.5132127955493742,0.5166240409207161
0.4,16,9,100000,100000,189,486,351,365,0.5,0.4444444444444444,0.47837150127226463
0.4,16,10,100000,100000,428,453,373,373,0.5,0.5473098330241187,0.5717948717948718
0.4,16,11,100000,100000,176,119,367,371,0.5,0.4840764331210191,0.49019607843137253
0.4,16,12,100000,100000,41,62,385,379,0.5,0.5660377358490566,0.5264423076923077
0.4,16,13,100000,100000,232,242,374,365,0.5,0.5187713310580204,0.5012468827930174
0.4,16,14,100000,100000,586,648,366,356,0.5,0.4896373056994819,0.495
0.4,16,15,100000,100000,200,201,364,345,0.5,0.49606299212598426,0.4962962962962963
0.4,16,16,100000,100000,374,319,358,361,0.5,0.47393364928909953,0.4900990099009901
0.4,16,17,100000,100000,221,190,386,372,0.5,0.5737051792828686,0.5580246913580247
0.4,16,18,100000,100000,148,146,327,336,0.5,0.47643979057591623,0.4712041884816754
0.4,16,19,100000,100000,99,68,373,384,0.5,0.40860215053763443,0.4963855421686747
0.4,16,20,100000,100000,230,201,365,366,0.5,0.562992125984252,0.5365853658536586
0.4,16,21,100000,100000,44,39,365,364,0.5,0.5,0.49622166246851385
0.4,16,22,100000,100000,499,471,376,375,0.5,0.5247208931419458,0.4744525547445255
0.4,16,23,100000,100000,259,727,369,378,0.5,0.5358166189111748,0.5134474327628362
0.4,16,24,100000,100000,830,792,365,351,0.5,0.4995224450811843,0.49875311720698257
0.4,16,25,100000,100000,639,614,358,364,0.5,0.4664310954063604,0.45566502463054187
0.4,16,26,100000,100000,133,111,374,368,0.5,0.589041095890411,0.5050505050505051
0.4,16,27,100000,100000,652,482,354,378,0.5,0.5112179487179487,0.5199004975124378
0.4,16,28,100000,100000,464,473,376,368,0.5,0.5204582651391162,0.5346534653465347
0.4,16,29,100000,100000,125,184,355,359,0.5,0.47398843930635837,0.5168831168831168
0.4,16,30,100000,100000,567,576,372,377,0.5,0.47581699346405226,0.5061425061425061
0.4,16,31,100000,100000,40,255,352,352,0.5,0.39655172413793105,0.5101522842639594
0.4,16,32,100000,100000,245,348,366,378,0.5,0.48656716417910445,0.4720194647201946
0.4,16,33,100000,100000,105,115,355,368,0.5,0.5434782608695652,0.5240506329113924
0.4,16,34,100000,100000,337,302,377,375,0.5,0.5088161209068011,0.49760765550239233
0.4,16,35,100000,100000,171,184,354,353,0.5,0.5155555555555555,0.5241730279898219
0.4,16,36,100000,100000,748,597,372,367,0.5,0.4724602203182375,0.49876543209876545
0.4,16,37,100000,100000,260,546,376,360,0.5,0.4514285714285714,0.4864864864864865
0.4,16,38,100000,100000,336,264,374,375,0.5,0.4857142857142857,0.5
0.4,16,39,100000,100000,327,343,382,364,0.5,0.4834905660377358,0.4880382775119617
0.4,16,40,100000,100000,393,285,343,357,0.5,0.489247311827957,0.48195876288659795
0.4,16,41,100000,100000,201,243,376,377,0.5,0.532319391634981,0.5641646489104116
0.4,16,42,100000,100000,881,1025,371,366,0.5,0.5078125,0.5326633165829145
0.4,16,43,100000,100000,173,192,366,369,0.5,0.45,0.4585365853658537
0.4,16,44,100000,100000,574,538,357,363,0.5,0.5270655270655271,0.56
0.4,16,45,100000,100000,172,176,376,368,0.5,0.4782608695652174,0.4534313725490196
0.4,16,46,100000,100000,386,197,362,358,0.5,0.4664179104477612,0.48223350253807107
0.4,16,47,100000,100000,327,181,358,359,0.5,0.5411255411255411,0.556135770234987
0.4,16,48,100000,100000,101,163,364,375,0.5,0.5323741007194245,0.5225
0.4,16,49,100000,100000,319,496,378,368,0.5,0.4776470588235294,0.49877750611246946
0.4,16,50,100000,100000,144,161,383,366,0.5,0.4479166666666667,0.4449760765550239
0.4,16,51,100000,100000,374,501,384,378,0.5,0.4580152671755725,0.4881516587677725
0.4,16,52,100000,100000,26,20,350,355,0.5,0.56,0.5012594458438288
0.4,16,53,100000,100000,417,388,338,355,0.5,0.45489443378119004,0.42278481012658226
0.4,16,54,100000,100000,388,114,375,359,0.5,0.5094339622641509,0.5298329355608592
0.4,16,55,100000,100000,176,176,348,356,0.5,0.46153846153846156,0.4688279301745636
0.4,16,56,100000,100000,317,220,368,380,0.5,0.5285714285714286,0.4692874692874693
0.4,16,57,100000,100000,534,476,363,359,0.5,0.4912,0.5072463768115942
0.4,16,58,100000,100000,502,505,369,367,0.5,0.48668639053254437,0.46898263027295284
0.4,16,59,100000,100000,476,348,389,373,0.5,0.47305389221556887,0.4916467780429594
0.4,16,60,100000,100000,934,1057,366,373,0.5,0.5128205128205128,0.5261845386533666
0.4,16,61,100000,100000,224,229,360,351,0.5,0.5017421602787456,0.49875311720698257
0.4,16,62,100000,100000,703,724,364,366,0.5,0.5202185792349727,0.5102564102564102
0.4,16,63,100000,100000,535,422,380,381,0.5,0.5155963302752293,0.5120772946859904
0.4,16,64,100000,100000,463,339,377,361,0.5,0.5231788079470199,0.5279805352798054
0.4,16,65,100000,100000,167,89,372,365,0.5,0.525,0.5340050377833753
0.4,16,66,100000,100000,315,420,374,392,0.5,0.517162471395881,0.4892601431980907
0.4,16,67,100000,100000,977,703,374,390,0.5,0.550328227571116,0.5734265734265734
0.4,16,68,100000,100000,332,329,371,349,0.5,0.5047846889952153,0.5076530612244898
0.4,16,69,100000,100000,198,139,379,386,0.5,0.4835164835164835,0.5059665871121718
0.4,16,70,100000,100000,564,712,373,369,0.5,0.4706649282920469,0.48507462686567165
0.4,16,71,100000,100000,255,136,354,347,0.5,0.43315508021390375,0.4797979797979798
0.4,16,72,100000,100000,293,286,395,379,0.5,0.5120643431635389,0.528169014084507
0.4,16,73,100000,100000,765,782,367,363,0.5,0.4954682779456193,0.4962025316455696
0.4,16,74,100000,100000,706,894,383,358,0.5,0.5292792792792793,0.5307125307125307
0.4,16,75,100000,100000,285,469,384,382,0.5,0.44696969696969696,0.4568764568764569
0.4,16,76,100000,100000,620,668,363,363,0.5,0.5093632958801498,0.4824120603015075
0.4,16,77,100000,100000,560,556,379,384,0.5,0.5179856115107914,0.5443645083932853
0.4,16,78,100000,100000,206,67,353,356,0.5,0.48936170212765956,0.46153846153846156
0.4,16,79,100000,100000,585,633,389,374,0.5,0.51171875,0.49160671462829736
0.4,16,80,100000,100000,672,811,376,382,0.5,0.5084554678692221,0.5427872860635696
0.4,16,81,100000,100000,92,738,368,385,0.5,0.49206349206349204,0.48687350835322196
0.4,16,82,100000,100000,310,202,364,365,0.5,0.5056603773584906,0.47642679900744417
0.4,16,83,100000,100000,119,186,385,368,0.5,0.5033112582781457,0.5084337349397591
0.4,16,84,100000,100000,730,653,376,351,0.5,0.49382716049382713,0.4876847290640394
0.4,16,85,100000,100000,518,177,376,366,0.5,0.5208333333333334,0.47743467933491684
0.4,16,86,100000,100000,90,395,356,352,0.5,0.475,0.5088607594936709
0.4,16,87,100000,100000,191,215,379,385,0.5,0.5118110236220472,0.5084745762711864
0.4,16,88,100000,100000,369,320,369,378,0.5,0.5270935960591133,0.5409429280397022
0.4,16,89,100000,100000,374,463,373,377,0.5,0.5428571428571428,0.533498759305211
0.4,16,90,100000,100000,182,126,359,381,0.5,0.4967741935483871,0.5047619047619047
0.4,16,91,100000,100000,530,283,375,367,0.5,0.5102040816326531,0.52
0.4,16,92,100000,100000,786,599,386,386,0.5,0.4962121212121212,0.4812206572769953
0.4,16,93,100000,100000,177,302,365,363,0.5,0.4851063829787234,0.47619047619047616
0.4,16,94,100000,100000,385,274,352,354,0.5,0.5356125356125356,0.5226666666666666
0.4,16,95,100000,100000,98,169,367,367,0.5,0.4772727272727273,0.5125628140703518
0.4,16,96,100000,100000,584,290,371,379,0.5,0.4701298701298701,0.47699757869249393
0.4,16,97,100000,100000,334,126,365,379,0.5,0.535483870967742,0.5247524752475248
0.4,16,98,100000,100000,372,277,367,375,0.5,0.5042016806722689,0.4854368932038835
0.4,16,99,100000,100000,386,373,375,375,0.5,0.48893360160965793,0.4839506172839506
0.4,17,0,100000,100000,308,368,372,387,0.5,0.4892086330935252,0.47961630695443647
0.4,17,1,100000,100000,121,160,378,373,0.5,0.47530864197530864,0.5314009661835749
0.4,17,2,100000,100000,200,544,354,346,0.5,0.44569288389513106,0.46568627450980393
0.4,17,3,100000,100000,1332,849,376,378,0.5,0.4978317432784042,0.5
0.4,17,4,100000,100000,283,570,375,371,0.5,0.4959349593495935,0.4803921568627451
0.4,17,5,100000,100000,133,269,357,379,0.5,0.47643979057591623,0.46633416458852867
0.4,17,6,100000,100000,373,374,366,367,0.5,0.51340206185567,0.48267326732673266
0.4,17,7,100000,100000,442,356,372,368,0.5,0.46875,0.44554455445544555
0.4,17,8,100000,100000,542,700,371,366,0.5,0.4936708860759494,0.5012468827930174
0.4,17,9,100000,100000,449,247,371,387,0.5,0.5143769968051118,0.5412621359223301
0.4,17,10,100000,100000,176,47,372,371,0.5,0.5230769230769231,0.5074626865671642
0.4,17,11,100000,100000,245,100,366,371,0.5,0.5230769230769231,0.527363184079602
0.4,17,12,100000,100000,245,328,365,361,0.5,0.4759036144578313,0.5167464114832536
0.4,17,13,100000,100000,171,78,357,362,0.5,0.5154639175257731,0.5341772151898734
0.4,17,14,100000,100000,455,310,362,358,0.5,0.5486284289276808,0.5162907268170426
0.4,17,15,100000,100000,244,332,367,352,0.5,0.50814332247557,0.5
0.4,17,16,100000,100000,265,170,394,387,0.5,0.5263157894736842,0.5141509433962265
0.4,17,17,100000,100000,289,83,367,362,0.5,0.49122807017543857,0.4797979797979798
0.4,17,18,100000,100000,271,95,376,391,0.5,0.5128205128205128,0.522673031026253
0.4,17,19,100000,100000,379,162,374,367,0.5,0.5203619909502263,0.49257425742574257
0.4,17,20,100000,100000,623,676,362,365,0.5,0.47165259348612787,0.4729064039408867
0.4,17,21,100000,100000,511,885,365,372,0.5,0.48502139800285304,0.4669926650366748
0.4,17,22,100000,100000,207,193,384,379,0.5,0.4703703703703704,0.46445497630331756
0.4,17,23,100000,100000,438,393,384,369,0.5,0.5138632162661737,0.5163551401869159
0.4,17,24,100000,100000,155,298,388,386,0.5,0.5808080808080808,0.5167464114832536
0.4,17,25,100000,100000,779,672,372,373,0.5,0.49943757030371205,0.47761194029850745
0.4,17,26,100000,100000,224,148,360,358,0.5,0.5282051282051282,0.5166240409207161
0.4,17,27,100000,100000,201,552,381,374,0.5,0.48120300751879697,0.5047619047619047
0.4,17,28,100000,100000,39,49,363,365,0.5,0.5714285714285714,0.48931116389548696
0.4,17,29,100000,100000,103,193,352,369,0.5,0.46938775510204084,0.4722222222222222
0.4,17,30,100000,100000,206,218,365,364,0.5,0.4479166666666667,0.4469135802469136
0.4,17,31,100000,100000,152,1227,374,378,0.5,0.4878048780487805,0.5048780487804878
0.4,17,32,100000,100000,38,23,350,356,0.5,0.3939393939393939,0.4796954314720812
0.4,17,33,100000,100000,140,119,374,369,0.5,0.5424836601307189,0.5326633165829145
0.4,17,34,100000,100000,305,197,360,354,0.5,0.4943820224719101,0.49257425742574257
0.4,17,35,100000,100000,791,334,359,363,0.5,0.4593406593406593,0.45409429280397023
0.4,17,36,100000,100000,709,691,360,372,0.5,0.5174353205849269,0.5061728395061729
0.4,17,37,100000,100000,744,751,363,360,0.5,0.4888663967611336,0.4962025316455696
0.4,17,38,100000,100000,550,596,374,383,0.5,0.5190735694822888,0.5048780487804878
0.4,17,39,100000,100000,354,460,382,370,0.5,0.5543478260869565,0.5308641975308642
0.4,17,40,100000,100000,682,634,370,377,0.5,0.5018094089264173,0.5060827250608273
0.4,17,41,100000,100000,267,302,355,354,0.5,0.4659400544959128,0.4400977995110024
0.4,17,42,100000,100000,378,499,367,359,0.5,0.5192697768762677,0.5048309178743962
0.4,17,43,100000,100000,584,406,363,379,0.5,0.494140625,0.5036855036855037
0.4,17,44,100000,100000,552,355,371,360,0.5,0.49588477366255146,0.4713216957605985
0.4,17,45,100000,100000,763,614,368,370,0.5,0.47572815533980584,0.46987951807228917
0.4,17,46,100000,100000,137,114,367,364,0.5,0.4691358024691358,0.5277777777777778
0.4,17,47,100000,100000,425,635,382,388,0.5,0.510989010989011,0.5
0.4,17,48,100000,100000,73,44,367,360,0.5,0.4745762711864407,0.46582278481012657
0.4,17,49,100000,100000,110,144,355,357,0.5,0.43137254901960786,0.4910941475826972
0.4,17,50,100000,100000,231,367,370,369,0.5,0.5065359477124183,0.49874686716791977
0.4,17,51,100000,100000,314,247,350,369,0.5,0.514018691588785,0.49748743718592964
0.4,17,52,100000,100000,374,485,357,365,0.5,0.48828125,0.4975247524752475
0.4,17,53,100000,100000,287,295,375,378,0.5,0.5640326975476839,0.5425
0.4,17,54,100000,100000,342,393,380,369,0.5,0.4696969696969697,0.4950980392156863
0.4,17,55,100000,100000,295,279,366,372,0.5,0.5514285714285714,0.5252525252525253
0.4,17,56,100000,100000,471,578,370,380,0.5,0.5095238095238095,0.5483870967741935
0.4,17,57,100000,100000,230,198,383,380,0.5,0.5444015444015444,0.5273159144893111
0.4,17,58,100000,100000,410,382,375,381,0.5,0.4921875,0.5012106537530266
0.4,17,59,100000,100000,563,363,370,368,0.5,0.47619047619047616,0.48157248157248156
0.4,17,60,100000,100000,559,330,385,387,0.5,0.48299319727891155,0.47877358490566035
0.4,17,61,100000,100000,115,275,381,378,0.5,0.4967741935483871,0.5225653206650831
0.4,17,62,100000,100000,155,16,373,379,0.5,0.7222222222222222,0.5420792079207921
0.4,17,63,100000,100000,55,49,377,374,0.5,0.5303030303030303,0.5393794749403341
0.4,17,64,100000,100000,463,791,371,359,0.5,0.505982905982906,0.48984771573604063
0.4,17,65,100000,100000,136,294,363,360,0.5,0.46111111111111114,0.4752475247524752
0.4,17,66,100000,100000,858,257,382,360,0.5,0.5284090909090909,0.5012224938875306
0.4,17,67,100000,100000,326,40,351,359,0.5,0.6122448979591837,0.5076142131979695
0.4,17,68,100000,100000,264,210,348,350,0.5,0.4612676056338028,0.44501278772378516
0.4,17,69,100000,100000,682,615,369,375,0.5,0.48284313725490197,0.45098039215686275
0.4,17,70,100000,100000,237,151,364,362,0.5,0.5608465608465608,0.5138539042821159
0.4,17,71,100000,100000,265,624,384,371,0.5,0.5405405405405406,0.5432098765432098
0.4,17,72,100000,100000,263,386,364,367,0.5,0.4371584699453552,0.4352078239608802
0.4,17,73,100000,100000,160,118,364,378,0.5,0.5034013605442177,0.45410628019323673
0.4,17,74,100000,100000,527,357,369,380,0.5,0.5240174672489083,0.47540983606557374
0.4,17,75,100000,100000,284,201,389,374,0.5,0.48226950354609927,0.477326968973747
0.4,17,76,100000,100000,111,108,377,389,0.5,0.5,0.5333333333333333
0.4,17,77,100000,100000,576,441,358,363,0.5,0.5120689655172413,0.5252525252525253
0.4,17,78,100000,100000,254,97,384,385,0.5,0.48484848484848486,0.5023923444976076
0.4,17,79,100000,100000,223,105,366,381,0.5,0.46923076923076923,0.48661800486618007
0.4,17,80,100000,100000,248,472,368,376,0.5,0.48158640226628896,0.5024509803921569
0.4,17,81,100000,100000,860,741,360,358,0.5,0.49345417925478346,0.5214105793450882
0.4,17,82,100000,100000,340,500,387,391,0.5,0.5134529147982063,0.5187793427230047
0.4,17,83,100000,100000,346,107,377,373,0.5,0.47619047619047616,0.4648910411622276
0.4,17,84,100000,100000,307,122,371,364,0.5,0.49382716049382713,0.5221674876847291
0.4,17,85,100000,100000,142,609,378,385,0.5,0.5080213903743316,0.5423728813559322
0.4,17,86,100000,100000,87,108,382,382,0.5,0.4957983193277311,0.4892086330935252
0.4,17,87,100000,100000,458,665,378,374,0.5,0.486088379705401,0.530562347188264
0.4,17,88,100000,100000,38,301,374,385,0.5,0.5686274509803921,0.5023696682464455
0.4,17,89,100000,100000,374,149,381,373,0.5,0.4604651162790698,0.4530120481927711
0.4,17,90,100000,100000,235,329,345,350,0.5,0.4875,0.47680412371134023
0.4,17,91,100000,100000,713,1049,395,389,0.5,0.5080213903743316,0.49767441860465117
0.4,17,92,100000,100000,290,97,376,359,0.5,0.549618320610687,0.5511221945137157
0.4,17,93,100000,100000,201,259,375,381,0.5,0.5111111111111111,0.49019607843137253
0.4,17,94,100000,100000,596,784,358,352,0.5,0.5144291091593476,0.4934725848563969
0.4,17,95,100000,100000,186,583,368,354,0.5,0.44176706827309237,0.4692874692874693
0.4,17,96,100000,100000,29,426,364,366,0.5,0.38461538461538464,0.5696821515892421
0.4,17,97,100000,100000,809,349,367,361,0.5,0.46496815286624205,0.47858942065491183
0.4,17,98,100000,100000,76,297,360,365,0.5,0.49523809523809526,0.5140664961636828
0.4,17,99,100000,100000,154,126,360,362,0.5,0.47305389221556887,0.5164556962025316
0.4,18,0,100000,100000,462,269,356,349,0.5,0.46949602122015915,0.4625
0.4,18,1,100000,100000,359,333,375,357,0.5,0.4699570815450644,0.4864864864864865
0.4,18,2,100000,100000,783,307,392,383,0.5,0.4988344988344988,0.4382284382284382
0.4,18,3,100000,100000,250,511,383,364,0.5,0.49848024316109424,0.5049019607843137
0.4,18,4,100000,100000,357,255,369,370,0.5,0.48104956268221577,0.5144927536231884
0.4,18,5,100000,100000,827,546,375,361,0.5,0.5200553250345782,0.5235732009925558
0.4,18,6,100000,100000,731,558,371,368,0.5,0.5115646258503401,0.5266990291262136
0.4,18,7,100000,100000,151,302,362,374,0.5,0.5495049504950495,0.5255474452554745
0.4,18,8,100000,100000,313,217,353,347,0.5,0.4394904458598726,0.44862155388471175
0.4,18,9,100000,100000,436,895,393,374,0.5,0.5216606498194946,0.5382775119617225
0.4,18,10,100000,100000,331,361,359,359,0.5,0.46993318485523383,0.456575682382134
0.4,18,11,100000,100000,312,346,372,359,0.5,0.5252525252525253,0.5223880597014925
0.4,18,12,100000,100000,181,468,363,377,0.5,0.524,0.5085995085995086
0.4,18,13,100000,100000,81,126,374,372,0.5,0.5188679245283019,0.5281173594132029
0.4,18,14,100000,100000,190,201,367,352,0.5,0.5341880341880342,0.5555555555555556
0.4,18,15,100000,100000,215,84,363,372,0.5,0.514018691588785,0.5255474452554745
0.4,18,16,100000,100000,433,361,352,367,0.5,0.46331236897274636,0.45979899497487436
0.4,18,17,100000,100000,657,593,363,353,0.5,0.5101522842639594,0.5270935960591133
0.4,18,18,100000,100000,200,764,350,353,0.5,0.43636363636363634,0.45885286783042395
0.4,18,19,100000,100000,100,64,367,379,0.5,0.5454545454545454,0.5110565110565111
0.4,18,20,100000,100000,664,819,374,381,0.5,0.46775956284153003,0.4857142857142857
0.4,18,21,100000,100000,364,397,371,351,0.5,0.5083682008368201,0.4743276283618582
0.4,18,22,100000,100000,203,429,385,378,0.5,0.5056603773584906,0.5201900237529691
0.4,18,23,100000,100000,225,52,359,351,0.5,0.5135135135135135,0.46384039900249374
0.4,18,24,100000,100000,181,199,366,359,0.5,0.4666666666666667,0.47890818858560796
0.4,18,25,100000,100000,350,150,384,359,0.5,0.5652173913043478,0.5331695331695332
0.4,18,26,100000,100000,36,75,352,354,0.5,0.48,0.4883116883116883
0.4,18,27,100000,100000,468,200,377,382,0.5,0.5372549019607843,0.5107398568019093
0.4,18,28,100000,100000,427,355,387,379,0.5,0.505175983436853,0.509478672985782
0.4,18,29,100000,100000,307,189,351,354,0.5,0.4591439688715953,0.46851385390428213
0.4,18,30,100000,100000,405,676,369,382,0.5,0.5036764705882353,0.542997542997543
0.4,18,31,100000,100000,277,176,355,342,0.5,0.5061728395061729,0.507537688442211
0.4,18,32,100000,100000,390,700,363,358,0.5,0.4980544747081712,0.5141388174807198
0.4,18,33,100000,100000,600,665,345,359,0.5,0.4528763769889841,0.4603960396039604
0.4,18,34,100000,100000,301,126,384,370,0.5,0.4888888888888889,0.44630071599045346
0.4,18,35,100000,100000,319,400,366,361,0.5,0.54,0.5304568527918782
0.4,18,36,100000,100000,257,264,380,370,0.5,0.49101796407185627,0.4666666666666667
0.4,18,37,100000,100000,79,58,376,380,0.5,0.5061728395061729,0.4834123222748815
0.4,18,38,100000,100000,489,543,380,399,0.5,0.5007656967840735,0.4964871194379391
0.4,18,39,100000,100000,46,40,379,372,0.5,0.5555555555555556,0.47911547911547914
0.4,18,40,100000,100000,733,686,366,364,0.5,0.5026968716289104,0.530562347188264
0.4,18,41,100000,100000,293,457,357,372,0.5,0.5051546391752577,0.5147783251231527
0.4,18,42,100000,100000,299,210,341,359,0.5,0.4729241877256318,0.4900990099009901
0.4,18,43,100000,100000,669,564,371,379,0.5,0.48202396804260983,0.5012345679012346
0.4,18,44,100000,100000,30,35,382,383,0.5,0.5135135135135135,0.5408653846153846
0.4,18,45,100000,100000,383,449,361,364,0.5,0.4634146341463415,0.4777227722772277
0.4,18,46,100000,100000,636,479,358,363,0.5,0.4968051118210863,0.49385749385749383
0.4,18,47,100000,100000,256,475,374,362,0.5,0.5227963525835866,0.5221674876847291
0.4,18,48,100000,100000,294,334,370,384,0.5,0.4864864864864865,0.4916467780429594
0.4,18,49,100000,100000,89,164,379,365,0.5,0.46788990825688076,0.5074257425742574
0.4,18,50,100000,100000,29,74,371,367,0.5,0.5227272727272727,0.47174447174447176
0.4,18,51,100000,100000,638,277,380,374,0.5,0.48284960422163586,0.5165094339622641
0.4,18,52,100000,100000,75,53,389,380,0.5,0.6231884057971014,0.5299760191846523
0.4,18,53,100000,100000,354,475,367,368,0.5,0.4473684210526316,0.4485294117647059
0.4,18,54,100000,100000,583,334,369,371,0.5,0.4818181818181818,0.5049019607843137
0.4,18,55,100000,100000,43,210,357,350,0.5,0.5769230769230769,0.5037220843672456
0.4,18,56,100000,100000,630,302,373,376,0.5,0.5089058524173028,0.5454545454545454
0.4,18,57,100000,100000,89,86,371,369,0.5,0.4827586206896552,0.5371287128712872
0.4,18,58,100000,100000,107,244,363,358,0.5,0.4785714285714286,0.5140664961636828
0.4,18,59,100000,100000,137,609,368,372,0.5,0.5480225988700564,0.5269607843137255
0.4,18,60,100000,100000,263,117,359,378,0.5,0.45695364238410596,0.48201438848920863
0.4,18,61,100000,100000,293,171,361,348,0.5,0.4625,0.49206349206349204
0.4,18,62,100000,100000,412,242,351,372,0.5,0.5198675496688742,0.4601542416452442
0.4,18,63,100000,100000,541,484,382,380,0.5,0.500780031201248,0.48426150121065376
0.4,18,64,100000,100000,34,293,368,363,0.5,0.5135135135135135,0.46534653465346537
0.4,18,65,100000,100000,568,814,382,372,0.5,0.5242587601078167,0.49261083743842365
0.4,18,66,100000,100000,76,153,366,365,0.5,0.5888888888888889,0.49874686716791977
0.4,18,67,100000,100000,444,421,385,381,0.5,0.4991243432574431,0.5035460992907801
0.4,18,68,100000,100000,126,248,387,382,0.5,0.5125,0.5166666666666667
0.4,18,69,100000,100000,769,653,357,366,0.5,0.5005889281507656,0.47549019607843135
0.4,18,70,100000,100000,133,141,375,372,0.5,0.48314606741573035,0.47699757869249393
0.4,18,71,100000,100000,101,226,368,366,0.5,0.5220588235294118,0.515
0.4,18,72,100000,100000,287,338,378,382,0.5,0.5702479338842975,0.5144230769230769
0.4,18,73,100000,100000,380,539,371,378,0.5,0.5187376725838264,0.52
0.4,18,74,100000,100000,260,198,368,363,0.5,0.5413533834586466,0.49363867684478374
0.4,18,75,100000,100000,731,701,369,375,0.5,0.5065502183406113,0.4904306220095694
0.4,18,76,100000,100000,68,63,360,354,0.5,0.5256410256410257,0.4733009708737864
0.4,18,77,100000,100000,240,645,347,354,0.5,0.5236593059936908,0.4725
0.4,18,78,100000,100000,337,133,372,365,0.5,0.5139664804469274,0.48223350253807107
0.4,18,79,100000,100000,509,686,353,344,0.5,0.5022156573116692,0.5012853470437018
0.4,18,80,100000,100000,359,321,360,353,0.5,0.5328638497652582,0.46731234866828086
0.4,18,81,100000,100000,704,579,381,373,0.5,0.5019305019305019,0.5107913669064749
0.4,18,82,100000,100000,236,203,375,387,0.5,0.5212355212355212,0.5130641330166271
0.4,18,83,100000,100000,168,270,367,358,0.5,0.44052863436123346,0.4847715736040609
0.4,18,84,100000,100000,591,845,385,381,0.5,0.5310077519379846,0.5107398568019093
0.4,18,85,100000,100000,672,483,343,340,0.5,0.4899845916795069,0.49872773536895676
0.4,18,86,100000,100000,504,350,372,369,0.5,0.48414376321353064,0.5075
0.4,18,87,100000,100000,940,746,367,365,0.5,0.4930555555555556,0.4925373134328358
0.4,18,88,100000,100000,10,11,388,387,0.5,0.5,0.5095238095238095
0.4,18,89,100000,100000,461,453,369,368,0.5,0.5050847457627119,0.49760765550239233
0.4,18,90,100000,100000,263,479,370,376,0.5,0.5272206303724928,0.5445544554455446
0.4,18,91,100000,100000,235,890,383,381,0.5,0.5031645569620253,0.5206812652068127
0.4,18,92,100000,100000,878,461,364,372,0.5,0.5162337662337663,0.5378973105134475
0.4,18,93,100000,100000,189,109,356,367,0.5,0.43356643356643354,0.44974874371859297
0.4,18,94,100000,100000,141,35,354,360,0.5,0.5434782608695652,0.5172413793103449
0.4,18,95,100000,100000,262,547,383,378,0.5,0.5325443786982249,0.5317073170731708
0.4,18,96,100000,100000,656,348,382,376,0.5,0.5278969957081545,0.5299760191846523
0.4,18,97,100000,100000,160,202,363,358,0.5,0.47393364928909953,0.4580152671755725
0.4,18,98,100000,100000,945,871,373,375,0.5,0.5051724137931034,0.49760765550239233
0.4,18,99,100000,100000,410,564,352,356,0.5,0.5147058823529411,0.5422885572139303
0.4,19,0,100000,100000,100,159,375,372,0.5,0.5153846153846153,0.5173267326732673
0.4,19,1,100000,100000,762,1034,356,342,0.5,0.4900398406374502,0.5037037037037037
0.4,19,2,100000,100000,517,238,366,367,0.5,0.4890282131661442,0.48877805486284287
0.4,19,3,100000,100000,31,71,371,394,0.5,0.5555555555555556,0.490521327014218
0.4,19,4,100000,100000,73,76,380,379,0.5,0.47959183673469385,0.5264423076923077
0.4,19,5,100000,100000,425,233,370,381,0.5,0.5,0.4916467780429594
0.4,19,6,100000,100000,317,490,366,367,0.5,0.49414519906323184,0.48614609571788414
0.4,19,7,100000,100000,217,217,362,352,0.5,0.5179856115107914,0.48346055979643765
0.4,19,8,100000,100000,165,179,371,380,0.5,0.44635193133047213,0.47115384615384615
0.4,19,9,100000,100000,891,598,372,357,0.5,0.49874371859296485,0.5072115384615384
0.4,19,10,100000,100000,263,411,371,369,0.5,0.47075208913649025,0.47911547911547914
0.4,19,11,100000,100000,738,411,329,340,0.5,0.4673913043478261,0.45910290237467016
0.4,19,12,100000,100000,108,25,358,363,0.5,0.68,0.48267326732673266
0.4,19,13,100000,100000,979,898,378,377,0.5,0.4945968412302577,0.4975728155339806
0.4,19,14,100000,100000,303,376,366,366,0.5,0.5161290322580645,0.5527638190954773
0.4,19,15,100000,100000,317,486,377,366,0.5,0.5441176470588235,0.5390243902439025
0.4,19,16,100000,100000,68,92,392,381,0.5,0.5975609756097561,0.533175355450237
0.4,19,17,100000,100000,474,786,363,364,0.5,0.5201938610662359,0.5432098765432098
0.4,19,18,100000,100000,255,225,351,358,0.5,0.5,0.46134020618556704
0.4,19,19,100000,100000,390,424,371,367,0.5,0.5215605749486653,0.45
0.4,19,20,100000,100000,647,256,390,400,0.5,0.5432098765432098,0.5490654205607477
0.4,19,21,100000,100000,512,541,357,365,0.5,0.5158371040723982,0.5214105793450882
0.4,19,22,100000,100000,22,27,342,342,0.5,0.6666666666666666,0.5244215938303342
0.4,19,23,100000,100000,68,91,378,366,0.5,0.4827586206896552,0.5195121951219512
0.4,19,24,100000,100000,548,770,389,385,0.5,0.5104311543810849,0.517814726840855
0.4,19,25,100000,100000,183,242,339,347,0.5,0.49795918367346936,0.5368421052631579
0.4,19,26,100000,100000,31,527,383,373,0.5,0.5641025641025641,0.4793187347931874
0.4,19,27,100000,100000,421,460,369,354,0.5,0.5164835164835165,0.5050761421319797
0.4,19,28,100000,100000,837,815,361,374,0.5,0.5013850415512465,0.4975609756097561
0.4,19,29,100000,100000,368,506,359,366,0.5,0.466403162055336,0.47570332480818417
0.4,19,30,100000,100000,398,568,346,336,0.5,0.46254681647940077,0.5398457583547558
0.4,19,31,100000,100000,365,608,368,382,0.5,0.534020618556701,0.49038461538461536
0.4,19,32,100000,100000,759,755,384,385,0.5,0.5102880658436214,0.4881516587677725
0.4,19,33,100000,100000,337,313,348,364,0.5,0.4496487119437939,0.45905707196029777
0.4,19,34,100000,100000,331,481,353,363,0.5,0.4911894273127753,0.49747474747474746
0.4,19,35,100000,100000,726,876,364,358,0.5,0.5304812834224599,0.5064599483204134
0.4,19,36,100000,100000,266,330,374,379,0.5,0.505586592178771,0.5127610208816705
0.4,19,37,100000,100000,306,205,368,369,0.5,0.5055762081784386,0.4925
0.4,19,38,100000,100000,262,332,364,364,0.5,0.5327380952380952,0.5108433734939759
0.4,19,39,100000,100000,193,224,384,399,0.5,0.5227272727272727,0.5034965034965035
0.4,19,40,100000,100000,391,383,363,363,0.5,0.47766990291262135,0.48058252427184467
0.4,19,41,100000,100000,804,747,373,368,0.5,0.5044955044955045,0.5310173697270472
0.4,19,42,100000,100000,331,369,373,383,0.5,0.5044843049327354,0.4963680387409201
0.4,19,43,100000,100000,186,232,386,374,0.5,0.5130434782608696,0.49635036496350365
0.4,19,44,100000,100000,55,78,360,359,0.5,0.5333333333333333,0.535
0.4,19,45,100000,100000,505,500,393,377,0.5,0.505443234836703,0.5059101654846335
0.4,19,46,100000,100000,492,178,381,373,0.5,0.5278969957081545,0.5264423076923077
0.4,19,47,100000,100000,184,170,370,375,0.5,0.5550239234449761,0.5355329949238579
0.4,19,48,100000,100000,1183,853,380,373,0.5,0.5115452930728241,0.49019607843137253
0.4,19,49,100000,100000,767,380,367,368,0.5,0.4772277227722772,0.49507389162561577
0.4,19,50,100000,100000,444,398,337,353,0.5,0.48148148148148145,0.4719387755102041
0.4,19,51,100000,100000,432,350,347,364,0.5,0.5210643015521065,0.5375
0.4,19,52,100000,100000,42,86,358,370,0.5,0.46153846153846156,0.4675925925925926
0.4,19,53,100000,100000,591,537,375,363,0.5,0.5083102493074793,0.533498759305211
0.4,19,54,100000,100000,360,349,352,345,0.5,0.4779874213836478,0.47074468085106386
0.4,19,55,100000,100000,332,330,378,381,0.5,0.53125,0.5585365853658537
0.4,19,56,100000,100000,613,642,360,354,0.5,0.5107458912768648,0.4722222222222222
0.4,19,57,100000,100000,128,141,376,363,0.5,0.4879518072289157,0.4628712871287129
0.4,19,58,100000,100000,298,246,384,380,0.5,0.5077881619937694,0.49516908212560384
0.4,19,59,100000,100000,491,245,374,387,0.5,0.48427672955974843,0.4724220623501199
0.4,19,60,100000,100000,426,331,349,349,0.5,0.5465116279069767,0.5361596009975063
0.4,19,61,100000,100000,378,243,366,357,0.5,0.5131964809384164,0.48860759493670886
0.4,19,62,100000,100000,246,244,387,372,0.5,0.5193548387096775,0.5560859188544153
0.4,19,63,100000,100000,744,629,366,371,0.5,0.5049019607843137,0.49627791563275436
0.4,19,64,100000,100000,590,591,370,370,0.5,0.5187096774193548,0.5073891625615764
0.4,19,65,100000,100000,540,840,372,386,0.5,0.5118549511854951,0.5201900237529691
0.4,19,66,100000,100000,273,362,387,384,0.5,0.5402298850574713,0.5362318840579711
0.4,19,67,100000,100000,271,215,364,366,0.5,0.4794520547945205,0.4746987951807229
0.4,19,68,100000,100000,5,78,364,375,0.5,0.5,0.5025
0.4,19,69,100000,100000,1022,1101,374,356,0.5,0.47902869757174393,0.470873786407767
0.4,19,70,100000,100000,236,216,380,366,0.5,0.5228070175438596,0.5061728395061729
0.4,19,71,100000,100000,340,291,343,361,0.5,0.49333333333333335,0.46684350132625996
0.4,19,72,100000,100000,407,715,361,366,0.5,0.518796992481203,0.5148514851485149
0.4,19,73,100000,100000,70,74,360,352,0.5,0.5568181818181818,0.5050505050505051
0.4,19,74,100000,100000,165,121,379,386,0.5,0.4967741935483871,0.5046948356807511
0.4,19,75,100000,100000,712,873,376,385,0.5,0.5095541401273885,0.533816425120773
0.4,19,76,100000,100000,634,440,385,367,0.5,0.5247863247863248,0.5825242718446602
0.4,19,77,100000,100000,309,335,364,377,0.5,0.4857142857142857,0.48048780487804876
0.4,19,78,100000,100000,387,581,373,364,0.5,0.5211267605633803,0.4688279301745636
0.4,19,79,100000,100000,433,475,352,361,0.5,0.49475524475524474,0.5
0.4,19,80,100000,100000,359,200,352,363,0.5,0.5335968379446641,0.5380710659898477
0.4,19,81,100000,100000,237,343,365,361,0.5,0.5063694267515924,0.5151515151515151
0.4,19,82,100000,100000,162,150,368,361,0.5,0.545,0.49743589743589745
0.4,19,83,100000,100000,147,162,360,369,0.5,0.5473684210526316,0.5190839694656488
0.4,19,84,100000,100000,279,461,331,341,0.5,0.4806201550387597,0.4540682414698163
0.4,19,85,100000,100000,217,358,386,377,0.5,0.5106382978723404,0.5096618357487923
0.4,19,86,100000,100000,282,354,358,355,0.5,0.48704663212435234,0.4911392405063291
0.4,19,87,100000,100000,855,461,346,346,0.5,0.4882154882154882,0.49746192893401014
0.4,19,88,100000,100000,434,102,382,382,0.5,0.45323741007194246,0.5083532219570406
0.4,19,89,100000,100000,645,358,365,364,0.5,0.4762886597938144,0.4729064039408867
0.4,19,90,100000,100000,287,547,376,380,0.5,0.5326370757180157,0.5012165450121655
0.4,19,91,100000,100000,109,206,367,371,0.5,0.5167785234899329,0.5247524752475248
0.4,19,92,100000,100000,211,398,396,381,0.5,0.48214285714285715,0.5058823529411764
0.4,19,93,100000,100000,208,345,368,362,0.5,0.4907749077490775,0.5
0.4,19,94,100000,100000,699,358,354,367,0.5,0.5010615711252654,0.4910025706940874
0.4,19,95,100000,100000,533,865,385,385,0.5,0.49640287769784175,0.5035971223021583
0.4,19,96,100000,100000,477,281,348,336,0.5,0.4932975871313673,0.4837837837837838
0.4,19,97,100000,100000,238,271,390,392,0.5,0.5228758169934641,0.528169014084507
0.4,19,98,100000,100000,382,339,370,381,0.5,0.5,0.5023923444976076
0.4,19,99,100000,100000,124,247,368,394,0.5,0.5081081081081081,0.5227817745803357
