parameter_k,pair_id,seed,A_size,B_size,as_sketch_size_A,as_sketch_size_B,mgh_sketch_size_A,mgh_sketch_size_B,true_jaccard,jaccard_as,jaccard_mgh
70,0,0,100000,100000,786,803,789,796,0.5,0.5177372962607862,0.5371498172959805
70,0,1,100000,100000,764,766,824,829,0.5,0.499003984063745,0.49882903981264637
70,0,2,100000,100000,791,767,790,787,0.5,0.5276679841897233,0.5184275184275184
70,0,3,100000,100000,775,776,820,808,0.5,0.49319066147859925,0.5041031652989449
70,0,4,100000,100000,769,768,794,787,0.5,0.49416342412451364,0.4580801944106926
70,0,5,100000,100000,805,790,801,795,0.5,0.4943181818181818,0.5138721351025332
70,0,6,100000,100000,744,792,785,789,0.5,0.5147368421052632,0.5202952029520295
70,0,7,100000,100000,774,767,784,796,0.5,0.4916584887144259,0.4817961165048544
70,0,8,100000,100000,809,823,779,788,0.5,0.5018691588785047,0.5410447761194029
70,0,9,100000,100000,775,782,789,784,0.5,0.5107003891050583,0.47542997542997545
70,0,10,100000,100000,795,784,802,805,0.5,0.5019305019305019,0.5289855072463768
70,0,11,100000,100000,790,769,798,785,0.5,0.5099601593625498,0.5109489051094891
70,0,12,100000,100000,793,759,790,788,0.5,0.5132113821138211,0.5349693251533743
70,0,13,100000,100000,816,816,802,800,0.5,0.489010989010989,0.4892601431980907
70,0,14,100000,100000,776,791,804,808,0.5,0.5308521057786484,0.49523809523809526
70,0,15,100000,100000,719,713,778,783,0.5,0.48739495798319327,0.4894409937888199
70,0,16,100000,100000,779,799,804,801,0.5,0.5111326234269119,0.46117084826762245
70,0,17,100000,100000,810,812,788,785,0.5,0.5032558139534884,0.49017199017199015
70,0,18,100000,100000,859,860,796,797,0.5,0.4969108561341571,0.4781021897810219
70,0,19,100000,100000,801,815,776,792,0.5,0.5111326234269119,0.5092250922509225
70,0,20,100000,100000,729,749,800,800,0.5,0.5053191489361702,0.5198079231692677
70,0,21,100000,100000,820,786,796,800,0.5,0.4975798644724105,0.4897466827503016
70,0,22,100000,100000,786,810,784,782,0.5,0.49010367577756836,0.4894932014833127
70,0,23,100000,100000,786,766,798,798,0.5,0.4917555771096023,0.4903614457831325
70,0,24,100000,100000,765,778,793,808,0.5,0.5284147557328016,0.4718562874251497
70,0,25,100000,100000,792,750,816,807,0.5,0.49800796812749004,0.48429951690821255
70,0,26,100000,100000,828,826,806,799,0.5,0.4914182475158085,0.46411483253588515
70,0,27,100000,100000,795,794,792,804,0.5,0.5134099616858238,0.48856799037304455
70,0,28,100000,100000,773,760,783,792,0.5,0.5044955044955045,0.5194647201946472
70,0,29,100000,100000,775,799,809,797,0.5,0.49803536345776034,0.4885954381752701
70,0,30,100000,100000,780,791,805,809,0.5,0.4931506849315068,0.47619047619047616
70,0,31,100000,100000,804,814,807,802,0.5,0.510818438381938,0.5137067938021455
70,0,32,100000,100000,795,825,792,804,0.5,0.49439252336448597,0.46545454545454545
70,0,33,100000,100000,786,797,784,803,0.5,0.47297297297297297,0.47578692493946734
70,0,34,100000,100000,828,824,802,800,0.5,0.49637023593466423,0.5095923261390888
70,0,35,100000,100000,786,779,800,794,0.5,0.5014409221902018,0.47836538461538464
70,0,36,100000,100000,781,826,789,777,0.5,0.4971590909090909,0.4632352941176471
70,0,37,100000,100000,771,800,803,810,0.5,0.5255623721881391,0.5
70,0,38,100000,100000,783,808,804,794,0.5,0.4872761545711593,0.5024154589371981
70,0,39,100000,100000,787,792,813,815,0.5,0.5276967930029155,0.5071090047393365
70,0,40,100000,100000,755,791,786,798,0.5,0.5103244837758112,0.4993924665856622
70,0,41,100000,100000,778,776,807,793,0.5,0.5230618253189402,0.49759615384615385
70,0,42,100000,100000,817,796,805,805,0.5,0.48375116063138346,0.4911242603550296
70,0,43,100000,100000,802,814,797,806,0.5,0.4727608494921514,0.4874251497005988
70,0,44,100000,100000,805,808,788,782,0.5,0.4957825679475164,0.49014778325123154
70,0,45,100000,100000,820,821,801,796,0.5,0.4990842490842491,0.5042219541616405
70,0,46,100000,100000,824,802,795,797,0.5,0.4907578558225508,0.4854014598540146
70,0,47,100000,100000,770,784,792,791,0.5,0.5113524185587365,0.510353227771011
70,0,48,100000,100000,784,785,785,802,0.5,0.49204771371769385,0.5048309178743962
70,0,49,100000,100000,773,745,799,801,0.5,0.5056410256410256,0.5302663438256658
70,0,50,100000,100000,780,770,805,815,0.5,0.5,0.5150421179302046
70,0,51,100000,100000,800,792,784,794,0.5,0.5124626121635095,0.4963592233009709
70,0,52,100000,100000,760,761,812,806,0.5,0.5178389398572885,0.5197132616487455
70,0,53,100000,100000,850,821,803,785,0.5,0.4869015356820235,0.49033816425120774
70,0,54,100000,100000,781,799,781,774,0.5,0.5137055837563452,0.485
70,0,55,100000,100000,810,800,791,784,0.5,0.5061262959472196,0.46568627450980393
70,0,56,100000,100000,805,805,807,809,0.5,0.48141263940520446,0.5011904761904762
70,0,57,100000,100000,777,775,809,814,0.5,0.5158730158730159,0.5167464114832536
70,0,58,100000,100000,755,755,799,813,0.5,0.5110220440881763,0.5221027479091995
70,0,59,100000,100000,803,804,794,788,0.5,0.49952061361457334,0.48058252427184467
70,0,60,100000,100000,759,791,797,801,0.5,0.4793307086614173,0.49160671462829736
70,0,61,100000,100000,803,794,792,790,0.5,0.5,0.5207823960880196
70,0,62,100000,100000,793,808,791,810,0.5,0.5199222546161322,0.5048076923076923
70,0,63,100000,100000,806,775,793,804,0.5,0.4671115347950429,0.49820359281437127
70,0,64,100000,100000,794,809,801,812,0.5,0.5028248587570622,0.49463647199046484
70,0,65,100000,100000,779,807,798,794,0.5,0.5313432835820896,0.4963768115942029
70,0,66,100000,100000,753,759,805,800,0.5,0.49899598393574296,0.5247285886610374
70,0,67,100000,100000,802,810,797,805,0.5,0.5037593984962406,0.48862275449101794
70,0,68,100000,100000,799,782,809,815,0.5,0.4868173258003766,0.4815695600475624
70,0,69,100000,100000,746,762,813,796,0.5,0.5015416238437821,0.4735576923076923
70,0,70,100000,100000,741,804,792,785,0.5,0.5175983436853002,0.5036764705882353
70,0,71,100000,100000,781,800,790,786,0.5,0.4817658349328215,0.49079754601226994
70,0,72,100000,100000,777,785,777,801,0.5,0.5074037512339585,0.5006119951040392
70,0,73,100000,100000,792,777,782,792,0.5,0.5029585798816568,0.5
70,0,74,100000,100000,814,798,807,800,0.5,0.48378127896200185,0.4958183990442055
70,0,75,100000,100000,774,775,793,794,0.5,0.5024777006937562,0.5054811205846529
70,0,76,100000,100000,789,815,809,804,0.5,0.5023696682464455,0.5048076923076923
70,0,77,100000,100000,792,756,807,802,0.5,0.5444444444444444,0.5259975816203144
70,0,78,100000,100000,789,765,806,817,0.5,0.4975417895771878,0.5082547169811321
70,0,79,100000,100000,819,803,806,793,0.5,0.48215919487648673,0.5078031212484994
70,0,80,100000,100000,822,815,777,785,0.5,0.48990825688073397,0.4975186104218362
70,0,81,100000,100000,764,780,778,796,0.5,0.4921875,0.46511627906976744
70,0,82,100000,100000,788,796,810,807,0.5,0.4961612284069098,0.48687350835322196
70,0,83,100000,100000,754,742,799,810,0.5,0.5353430353430353,0.5420673076923077
70,0,84,100000,100000,833,830,803,804,0.5,0.5325884543761639,0.5176184690157959
70,0,85,100000,100000,775,770,787,796,0.5,0.4717898832684825,0.48048780487804876
70,0,86,100000,100000,798,784,783,788,0.5,0.47157502329916123,0.49086479902557856
70,0,87,100000,100000,790,819,788,794,0.5,0.5062200956937799,0.5128518971848225
70,0,88,100000,100000,805,799,813,798,0.5,0.48785046728971965,0.47387173396674587
70,0,89,100000,100000,786,823,797,803,0.5,0.49765698219306465,0.49459783913565425
70,0,90,100000,100000,758,740,804,800,0.5,0.4979633401221996,0.4993983152827918
70,0,91,100000,100000,788,767,795,795,0.5,0.5173095944609297,0.5109223300970874
70,0,92,100000,100000,775,798,802,806,0.5,0.5038684719535783,0.5017964071856288
70,0,93,100000,100000,786,803,791,785,0.5,0.5004916420845624,0.48484848484848486
70,0,94,100000,100000,797,805,796,797,0.5,0.4971698113207547,0.5024390243902439
70,0,95,100000,100000,748,745,815,811,0.5,0.5258264462809917,0.48398576512455516
70,0,96,100000,100000,812,791,789,791,0.5,0.49612403100775193,0.5036319612590799
70,0,97,100000,100000,808,815,813,802,0.5,0.4928909952606635,0.5077105575326216
70,0,98,100000,100000,797,841,827,812,0.5,0.49625468164794007,0.491186839012926
70,0,99,100000,100000,815,793,803,803,0.5,0.49765258215962443,0.47664670658682634
70,1,0,100000,100000,804,783,800,800,0.5,0.4971153846153846,0.5181159420289855
70,1,1,100000,100000,785,804,809,799,0.5,0.5014409221902018,0.5167865707434053
70,1,2,100000,100000,804,801,790,797,0.5,0.5066793893129771,0.4927536231884058
70,1,3,100000,100000,772,776,808,809,0.5,0.50199203187251,0.48931116389548696
70,1,4,100000,100000,800,798,787,794,0.5,0.480225988700565,0.48891625615763545
70,1,5,100000,100000,767,788,798,788,0.5,0.5171736997055937,0.5298416565164433
70,1,6,100000,100000,760,784,784,777,0.5,0.495618305744888,0.4938118811881188
70,1,7,100000,100000,760,754,803,806,0.5,0.4945273631840796,0.5112692763938316
70,1,8,100000,100000,771,774,821,806,0.5,0.49411764705882355,0.5066026410564226
70,1,9,100000,100000,818,851,810,815,0.5,0.49727767695099817,0.5070921985815603
70,1,10,100000,100000,792,773,793,792,0.5,0.4866666666666667,0.48112058465286234
70,1,11,100000,100000,774,796,800,798,0.5,0.49333333333333335,0.49148418491484186
70,1,12,100000,100000,774,769,817,820,0.5,0.5029644268774703,0.513126491646778
70,1,13,100000,100000,818,794,821,812,0.5,0.49245283018867925,0.5089179548156956
70,1,14,100000,100000,812,836,807,809,0.5,0.4705340699815838,0.45454545454545453
70,1,15,100000,100000,814,792,799,802,0.5,0.4951923076923077,0.48148148148148145
70,1,16,100000,100000,801,810,789,783,0.5,0.5024154589371981,0.5061425061425061
70,1,17,100000,100000,780,803,796,782,0.5,0.5044160942100098,0.5201465201465202
70,1,18,100000,100000,798,792,795,788,0.5,0.48861480075901326,0.4713763702801462
70,1,19,100000,100000,785,806,804,789,0.5,0.47664442326024786,0.5222623345367028
70,1,20,100000,100000,782,772,797,799,0.5,0.4975369458128079,0.5114045618247299
70,1,21,100000,100000,806,803,799,799,0.5,0.5207939508506616,0.532608695652174
70,1,22,100000,100000,812,820,790,793,0.5,0.5032987747408105,0.5060679611650486
70,1,23,100000,100000,736,750,809,813,0.5,0.5030549898167006,0.5137067938021455
70,1,24,100000,100000,796,803,803,809,0.5,0.5047984644913628,0.48510131108462456
70,1,25,100000,100000,781,804,799,822,0.5,0.48338081671415006,0.4862932061978546
70,1,26,100000,100000,790,805,787,791,0.5,0.4762348555452004,0.49573690621193667
70,1,27,100000,100000,794,815,804,803,0.5,0.5147759771210677,0.5143540669856459
70,1,28,100000,100000,776,771,792,785,0.5,0.49221789883268485,0.4908424908424908
70,1,29,100000,100000,778,762,790,802,0.5,0.5059523809523809,0.4975728155339806
70,1,30,100000,100000,767,784,799,788,0.5,0.502970297029703,0.47946859903381644
70,1,31,100000,100000,775,764,790,795,0.5,0.5258964143426295,0.5255474452554745
70,1,32,100000,100000,804,786,804,797,0.5,0.47842401500938087,0.47115384615384615
70,1,33,100000,100000,791,787,785,790,0.5,0.49178743961352656,0.4987745098039216
70,1,34,100000,100000,785,795,800,802,0.5,0.4899713467048711,0.5083732057416268
70,1,35,100000,100000,771,801,802,787,0.5,0.5069444444444444,0.4855072463768116
70,1,36,100000,100000,809,797,794,797,0.5,0.49764816556914393,0.49038461538461536
70,1,37,100000,100000,783,751,794,802,0.5,0.5235235235235235,0.4758454106280193
70,1,38,100000,100000,780,765,792,798,0.5,0.4789422135161606,0.510353227771011
70,1,39,100000,100000,737,766,792,803,0.5,0.5014985014985015,0.5036144578313253
70,1,40,100000,100000,770,784,796,795,0.5,0.5151219512195122,0.5097323600973236
70,1,41,100000,100000,753,787,805,790,0.5,0.5200803212851406,0.5145278450363197
70,1,42,100000,100000,777,751,790,795,0.5,0.49698795180722893,0.47451456310679613
70,1,43,100000,100000,786,778,803,797,0.5,0.5276679841897233,0.4993909866017052
70,1,44,100000,100000,788,798,798,809,0.5,0.49195837275307475,0.5203349282296651
70,1,45,100000,100000,809,780,802,792,0.5,0.49053030303030304,0.4940047961630695
70,1,46,100000,100000,808,788,809,803,0.5,0.5080875356803045,0.49403341288782815
70,1,47,100000,100000,790,769,790,777,0.5,0.47768281101614435,0.49814585908529047
70,1,48,100000,100000,800,798,807,807,0.5,0.49951783992285437,0.5089820359281437
70,1,49,100000,100000,752,744,781,783,0.5,0.4934804413239719,0.5067817509247842
70,1,50,100000,100000,833,799,807,822,0.5,0.5146198830409356,0.5070754716981132
70,1,51,100000,100000,790,782,805,806,0.5,0.4652908067542214,0.5088757396449705
70,1,52,100000,100000,777,787,796,803,0.5,0.5077972709551657,0.4969915764139591
70,1,53,100000,100000,815,793,787,789,0.5,0.5133079847908745,0.5153374233128835
70,1,54,100000,100000,779,773,810,815,0.5,0.5140845070422535,0.5100591715976331
70,1,55,100000,100000,767,769,796,791,0.5,0.5074331020812686,0.5109489051094891
70,1,56,100000,100000,780,803,800,804,0.5,0.5014778325123153,0.4964200477326969
70,1,57,100000,100000,820,826,777,769,0.5,0.4839302112029385,0.4825436408977556
70,1,58,100000,100000,757,772,808,805,0.5,0.4886475814412636,0.5083135391923991
70,1,59,100000,100000,798,821,813,804,0.5,0.499054820415879,0.524609843937575
70,1,60,100000,100000,781,738,792,792,0.5,0.5170278637770898,0.5312117503059975
70,1,61,100000,100000,776,785,801,798,0.5,0.5173783515392254,0.5216867469879518
70,1,62,100000,100000,785,779,796,787,0.5,0.5304518664047151,0.4715151515151515
70,1,63,100000,100000,805,818,794,799,0.5,0.4785388127853881,0.503001200480192
70,1,64,100000,100000,821,809,806,807,0.5,0.46685082872928174,0.47721822541966424
70,1,65,100000,100000,784,760,796,793,0.5,0.4936708860759494,0.4896969696969697
70,1,66,100000,100000,768,778,808,806,0.5,0.5059642147117296,0.5059952038369304
70,1,67,100000,100000,837,833,819,804,0.5,0.5045045045045045,0.5363528009535161
70,1,68,100000,100000,827,786,809,807,0.5,0.5138490926456543,0.48214285714285715
70,1,69,100000,100000,790,777,784,781,0.5,0.5004878048780488,0.4962962962962963
70,1,70,100000,100000,792,805,782,778,0.5,0.47427502338634236,0.4796547472256473
70,1,71,100000,100000,809,768,800,794,0.5,0.49421965317919075,0.49336550060313633
70,1,72,100000,100000,823,796,813,805,0.5,0.4870848708487085,0.5059523809523809
70,1,73,100000,100000,811,837,799,799,0.5,0.5,0.5298416565164433
70,1,74,100000,100000,808,844,807,795,0.5,0.5081652257444764,0.5
70,1,75,100000,100000,820,810,793,802,0.5,0.5174693106704438,0.529126213592233
70,1,76,100000,100000,807,833,812,807,0.5,0.49295774647887325,0.491725768321513
70,1,77,100000,100000,769,758,799,807,0.5,0.48180924287118976,0.5119331742243437
70,1,78,100000,100000,766,763,804,806,0.5,0.4855721393034826,0.504750593824228
70,1,79,100000,100000,796,820,798,814,0.5,0.5202639019792649,0.5059523809523809
70,1,80,100000,100000,776,784,793,800,0.5,0.5058823529411764,0.5018007202881153
70,1,81,100000,100000,827,826,789,791,0.5,0.5119266055045871,0.5104039167686658
70,1,82,100000,100000,769,778,793,793,0.5,0.49117647058823527,0.4926829268292683
70,1,83,100000,100000,802,788,810,801,0.5,0.48826291079812206,0.4994054696789536
70,1,84,100000,100000,781,772,789,790,0.5,0.4908741594620557,0.5284653465346535
70,1,85,100000,100000,778,778,788,786,0.5,0.46482889733840305,0.4791666666666667
70,1,86,100000,100000,806,772,796,792,0.5,0.4941972920696325,0.47503045066991473
70,1,87,100000,100000,827,807,784,791,0.5,0.5150093808630394,0.4993849938499385
70,1,88,100000,100000,818,796,799,797,0.5,0.5142857142857142,0.48197115384615385
70,1,89,100000,100000,780,787,821,811,0.5,0.506454816285998,0.4993983152827918
70,1,90,100000,100000,787,758,803,796,0.5,0.48209099709583736,0.46882494004796166
70,1,91,100000,100000,776,826,792,784,0.5,0.5033751205400193,0.4836759371221282
70,1,92,100000,100000,815,780,783,794,0.5,0.4985563041385948,0.47863247863247865
70,1,93,100000,100000,821,798,809,803,0.5,0.47650375939849626,0.49759615384615385
70,1,94,100000,100000,778,785,811,804,0.5,0.4956855225311601,0.4892601431980907
70,1,95,100000,100000,819,788,790,804,0.5,0.5014520813165537,0.5107913669064749
70,1,96,100000,100000,806,811,788,787,0.5,0.504708097928437,0.49325153374233127
70,1,97,100000,100000,784,785,795,808,0.5,0.5115830115830116,0.5223700120918985
70,1,98,100000,100000,770,790,801,782,0.5,0.5067829457364341,0.5072992700729927
70,1,99,100000,100000,857,843,791,790,0.5,0.4834377797672337,0.474390243902439
70,2,0,100000,100000,720,767,795,797,0.5,0.5158227848101266,0.5103280680437424
70,2,1,100000,100000,788,802,801,793,0.5,0.49902152641878667,0.508495145631068
70,2,2,100000,100000,795,804,802,793,0.5,0.4739776951672863,0.49760765550239233
70,2,3,100000,100000,818,784,806,804,0.5,0.5293551491819056,0.5125148986889154
70,2,4,100000,100000,791,788,802,797,0.5,0.4937679769894535,0.49097472924187724
70,2,5,100000,100000,774,817,787,794,0.5,0.49285033365109626,0.4635036496350365
70,2,6,100000,100000,766,767,805,807,0.5,0.5236180904522613,0.53437876960193
70,2,7,100000,100000,779,775,804,798,0.5,0.4650943396226415,0.4898688915375447
70,2,8,100000,100000,805,795,796,790,0.5,0.5042897998093422,0.49515738498789347
70,2,9,100000,100000,779,814,805,794,0.5,0.4768211920529801,0.5006045949214026
70,2,10,100000,100000,799,779,793,798,0.5,0.48229665071770333,0.463855421686747
70,2,11,100000,100000,793,813,787,794,0.5,0.5047619047619047,0.5304878048780488
70,2,12,100000,100000,801,751,798,792,0.5,0.50935960591133,0.5054678007290401
70,2,13,100000,100000,802,846,798,807,0.5,0.49725274725274726,0.5168269230769231
70,2,14,100000,100000,773,782,817,803,0.5,0.48977604673807207,0.48095238095238096
70,2,15,100000,100000,810,814,785,794,0.5,0.4958371877890842,0.5024570024570024
70,2,16,100000,100000,812,797,790,794,0.5,0.5095419847328244,0.5263157894736842
70,2,17,100000,100000,799,798,785,791,0.5,0.5134357005758158,0.5116564417177915
70,2,18,100000,100000,825,837,803,805,0.5,0.49232158988256547,0.4858156028368794
70,2,19,100000,100000,814,819,794,793,0.5,0.4871086556169429,0.5133495145631068
70,2,20,100000,100000,754,792,806,803,0.5,0.5045045045045045,0.5198079231692677
70,2,21,100000,100000,775,766,815,809,0.5,0.5166163141993958,0.5125448028673835
70,2,22,100000,100000,767,737,788,800,0.5,0.5139607032057911,0.5085158150851582
70,2,23,100000,100000,797,804,785,799,0.5,0.47981220657276996,0.4726609963547995
70,2,24,100000,100000,791,811,796,791,0.5,0.49560975609756097,0.5109489051094891
70,2,25,100000,100000,808,815,782,800,0.5,0.47204399633363886,0.5122249388753056
70,2,26,100000,100000,749,745,800,792,0.5,0.4929718875502008,0.5024213075060533
70,2,27,100000,100000,799,766,779,795,0.5,0.4896551724137931,0.4932349323493235
70,2,28,100000,100000,732,749,796,801,0.5,0.5124740124740125,0.5042219541616405
70,2,29,100000,100000,751,757,812,800,0.5,0.50920245398773,0.5107913669064749
70,2,30,100000,100000,793,794,795,793,0.5,0.4981060606060606,0.4558645707376058
70,2,31,100000,100000,806,811,782,794,0.5,0.4944029850746269,0.5091799265605875
70,2,32,100000,100000,786,796,807,811,0.5,0.4804202483285578,0.4929411764705882
70,2,33,100000,100000,855,796,791,781,0.5,0.4966949952785647,0.4785801713586291
70,2,34,100000,100000,805,804,799,804,0.5,0.4846511627906977,0.5089605734767025
70,2,35,100000,100000,774,790,790,785,0.5,0.5168316831683168,0.5073891625615764
70,2,36,100000,100000,785,783,785,783,0.5,0.5107421875,0.5147420147420148
70,2,37,100000,100000,785,814,784,794,0.5,0.48402255639097747,0.4873341375150784
70,2,38,100000,100000,781,795,788,787,0.5,0.527643064985451,0.5018359853121175
70,2,39,100000,100000,788,787,788,802,0.5,0.502895752895753,0.49031476997578693
70,2,40,100000,100000,767,804,792,791,0.5,0.48443579766536965,0.49144254278728605
70,2,41,100000,100000,784,788,788,781,0.5,0.4899904671115348,0.4963144963144963
70,2,42,100000,100000,807,789,803,802,0.5,0.50853889943074,0.5137724550898204
70,2,43,100000,100000,795,805,794,789,0.5,0.5315227934044617,0.4933008526187576
70,2,44,100000,100000,761,783,797,814,0.5,0.4886025768087215,0.4988066825775656
70,2,45,100000,100000,751,787,808,802,0.5,0.5213849287169042,0.49640287769784175
70,2,46,100000,100000,833,840,798,788,0.5,0.5068618481244281,0.5330073349633252
70,2,47,100000,100000,812,807,783,785,0.5,0.5110258868648131,0.4766009852216749
70,2,48,100000,100000,808,810,786,780,0.5,0.5226843100189036,0.519753086419753
70,2,49,100000,100000,783,778,804,801,0.5,0.49613899613899615,0.5138387484957883
70,2,50,100000,100000,813,834,802,794,0.5,0.4985835694050991,0.4771084337349398
70,2,51,100000,100000,809,773,786,797,0.5,0.5274177467597209,0.5073349633251834
70,2,52,100000,100000,799,789,801,800,0.5,0.47797563261480785,0.4880382775119617
70,2,53,100000,100000,772,797,807,807,0.5,0.4980506822612086,0.5142857142857142
70,2,54,100000,100000,784,770,779,776,0.5,0.532,0.5124069478908189
70,2,55,100000,100000,777,750,804,803,0.5,0.5024630541871922,0.49523809523809526
70,2,56,100000,100000,803,818,786,791,0.5,0.48447789275634995,0.49019607843137253
70,2,57,100000,100000,791,776,788,784,0.5,0.49856459330143543,0.47317073170731705
70,2,58,100000,100000,770,781,810,802,0.5,0.5040322580645161,0.507177033492823
70,2,59,100000,100000,749,797,780,794,0.5,0.5151821862348178,0.4932349323493235
70,2,60,100000,100000,796,803,781,772,0.5,0.47641073080481033,0.4962686567164179
70,2,61,100000,100000,815,825,777,770,0.5,0.47079964061096136,0.487468671679198
70,2,62,100000,100000,769,792,792,795,0.5,0.492725509214355,0.5334143377885784
70,2,63,100000,100000,796,791,801,801,0.5,0.48759541984732824,0.4963855421686747
70,2,64,100000,100000,823,849,796,792,0.5,0.4762757385854969,0.4867149758454106
70,2,65,100000,100000,811,802,786,792,0.5,0.5056925996204934,0.5067155067155067
70,2,66,100000,100000,788,778,793,798,0.5,0.5165369649805448,0.5152625152625152
70,2,67,100000,100000,773,795,810,796,0.5,0.48615090735434574,0.49820359281437127
70,2,68,100000,100000,787,790,792,798,0.5,0.5238558909444986,0.5006060606060606
70,2,69,100000,100000,818,805,816,811,0.5,0.4958371877890842,0.5338078291814946
70,2,70,100000,100000,790,823,798,788,0.5,0.5118934348239772,0.532043530834341
70,2,71,100000,100000,820,816,794,793,0.5,0.5300285986653956,0.5213154689403167
70,2,72,100000,100000,772,751,805,796,0.5,0.5014895729890765,0.5174488567990373
70,2,73,100000,100000,785,818,801,798,0.5,0.5004784688995215,0.49819927971188477
70,2,74,100000,100000,812,794,814,819,0.5,0.49056603773584906,0.5047058823529412
70,2,75,100000,100000,817,780,795,794,0.5,0.5122669283611384,0.5060386473429952
70,2,76,100000,100000,827,824,815,803,0.5,0.5060352831940576,0.49644549763033174
70,2,77,100000,100000,804,813,797,781,0.5,0.46898496240601506,0.5304878048780488
70,2,78,100000,100000,802,787,802,805,0.5,0.5235350624399616,0.5348557692307693
70,2,79,100000,100000,827,804,796,807,0.5,0.49763481551561023,0.5180722891566265
70,2,80,100000,100000,768,796,787,793,0.5,0.48828125,0.508557457212714
70,2,81,100000,100000,808,785,794,783,0.5,0.49038461538461536,0.4933008526187576
70,2,82,100000,100000,805,788,807,812,0.5,0.5160975609756098,0.5035885167464115
70,2,83,100000,100000,767,761,817,801,0.5,0.486646884272997,0.4946236559139785
70,2,84,100000,100000,797,818,802,781,0.5,0.5176358436606292,0.5115995115995116
70,2,85,100000,100000,790,778,796,792,0.5,0.5104063429137761,0.4878640776699029
70,2,86,100000,100000,825,835,782,780,0.5,0.5209692451071761,0.5160891089108911
70,2,87,100000,100000,781,791,791,779,0.5,0.4975124378109453,0.4833538840937115
70,2,88,100000,100000,813,802,780,787,0.5,0.5009541984732825,0.4777777777777778
70,2,89,100000,100000,815,845,815,808,0.5,0.4891304347826087,0.4431137724550898
70,2,90,100000,100000,800,783,821,812,0.5,0.49560975609756097,0.48928571428571427
70,2,91,100000,100000,786,791,791,799,0.5,0.5009633911368016,0.5091130012150669
70,2,92,100000,100000,792,793,799,788,0.5,0.5038610038610039,0.508495145631068
70,2,93,100000,100000,768,781,818,807,0.5,0.5342741935483871,0.5290628706998813
70,2,94,100000,100000,769,812,787,794,0.5,0.5094527363184079,0.47980416156670747
70,2,95,100000,100000,803,803,807,798,0.5,0.5081184336198663,0.511377245508982
70,2,96,100000,100000,809,791,784,790,0.5,0.49619771863117873,0.48292682926829267
70,2,97,100000,100000,753,786,790,794,0.5,0.5104895104895105,0.528554070473876
70,2,98,100000,100000,782,771,785,794,0.5,0.5044334975369458,0.5207823960880196
70,2,99,100000,100000,831,772,792,804,0.5,0.4825242718446602,0.4987951807228916
70,3,0,100000,100000,804,801,804,791,0.5,0.5142857142857142,0.5364963503649635
70,3,1,100000,100000,824,814,785,811,0.5,0.48680618744313015,0.5072115384615384
70,3,2,100000,100000,797,795,804,808,0.5,0.49521988527724664,0.5148986889153755
70,3,3,100000,100000,773,817,806,807,0.5,0.5024975024975025,0.5065710872162486
70,3,4,100000,100000,772,775,788,781,0.5,0.49513618677042803,0.47555012224938875
70,3,5,100000,100000,793,793,793,795,0.5,0.4877126654064272,0.4720873786407767
70,3,6,100000,100000,822,835,808,788,0.5,0.5159176029962547,0.5096852300242131
70,3,7,100000,100000,763,784,804,793,0.5,0.49065880039331367,0.47539015606242496
70,3,8,100000,100000,800,807,800,797,0.5,0.4820415879017013,0.5042016806722689
70,3,9,100000,100000,791,752,804,795,0.5,0.49127906976744184,0.5169902912621359
70,3,10,100000,100000,809,777,791,798,0.5,0.49320388349514566,0.49271844660194175
70,3,11,100000,100000,775,765,789,791,0.5,0.5105105105105106,0.5
70,3,12,100000,100000,801,802,786,777,0.5,0.48214285714285715,0.4722564734895191
70,3,13,100000,100000,785,783,795,796,0.5,0.5102439024390244,0.5054545454545455
70,3,14,100000,100000,821,804,814,811,0.5,0.49530956848030017,0.5011904761904762
70,3,15,100000,100000,739,751,791,787,0.5,0.48623853211009177,0.4927007299270073
70,3,16,100000,100000,782,800,785,788,0.5,0.5185185185185185,0.49693251533742333
70,3,17,100000,100000,793,778,782,796,0.5,0.49363369245837413,0.4902200488997555
70,3,18,100000,100000,819,809,798,790,0.5,0.5046296296296297,0.5120772946859904
70,3,19,100000,100000,808,781,802,799,0.5,0.5261121856866537,0.5
70,3,20,100000,100000,768,798,804,790,0.5,0.48405797101449277,0.4843373493975904
70,3,21,100000,100000,812,831,785,785,0.5,0.49953051643192486,0.48402948402948404
70,3,22,100000,100000,802,758,773,770,0.5,0.4748768472906404,0.48435544430538174
70,3,23,100000,100000,748,790,806,801,0.5,0.5091277890466531,0.5138055222088835
70,3,24,100000,100000,806,794,793,790,0.5,0.500945179584121,0.4957472660996355
70,3,25,100000,100000,789,794,808,787,0.5,0.5019267822736031,0.486810551558753
70,3,26,100000,100000,803,778,802,802,0.5,0.5234375,0.5065554231227652
70,3,27,100000,100000,771,758,827,800,0.5,0.5044598612487612,0.5113230035756854
70,3,28,100000,100000,762,794,785,785,0.5,0.5141414141414141,0.4883148831488315
70,3,29,100000,100000,803,807,788,793,0.5,0.504708097928437,0.4810744810744811
70,3,30,100000,100000,766,733,788,788,0.5,0.48244734202607825,0.4908200734394125
70,3,31,100000,100000,815,834,796,797,0.5,0.5004566210045662,0.47705314009661837
70,3,32,100000,100000,795,811,785,797,0.5,0.5334608030592735,0.5218978102189781
70,3,33,100000,100000,773,758,791,792,0.5,0.49651741293532337,0.46973365617433416
70,3,34,100000,100000,828,832,792,797,0.5,0.4990892531876138,0.5127272727272727
70,3,35,100000,100000,829,829,794,788,0.5,0.5004549590536852,0.5012165450121655
70,3,36,100000,100000,788,816,789,785,0.5,0.5223300970873787,0.49635036496350365
70,3,37,100000,100000,770,752,785,792,0.5,0.4762845849802372,0.4829683698296837
70,3,38,100000,100000,811,804,793,789,0.5,0.5169811320754717,0.47642079806529625
70,3,39,100000,100000,793,769,791,782,0.5,0.48249027237354086,0.45354523227383864
70,3,40,100000,100000,769,757,799,794,0.5,0.5310274669379451,0.5408038976857491
70,3,41,100000,100000,771,770,802,791,0.5,0.4764705882352941,0.5060386473429952
70,3,42,100000,100000,789,773,800,797,0.5,0.4966183574879227,0.4854368932038835
70,3,43,100000,100000,790,816,796,806,0.5,0.4767225325884544,0.45858343337334934
70,3,44,100000,100000,797,807,794,799,0.5,0.4868913857677903,0.4897466827503016
70,3,45,100000,100000,743,762,790,794,0.5,0.4573110893032385,0.48184019370460046
70,3,46,100000,100000,806,787,795,796,0.5,0.5066539923954373,0.4920828258221681
70,3,47,100000,100000,799,803,800,801,0.5,0.4981167608286252,0.4862604540023895
70,3,48,100000,100000,804,823,812,815,0.5,0.5215723873441994,0.5290628706998813
70,3,49,100000,100000,776,785,783,777,0.5,0.5236656596173213,0.506815365551425
70,3,50,100000,100000,787,768,813,818,0.5,0.47041984732824427,0.4958382877526754
70,3,51,100000,100000,778,794,808,805,0.5,0.5131707317073171,0.4816132858837485
70,3,52,100000,100000,806,815,791,796,0.5,0.5296367112810707,0.4927360774818402
70,3,53,100000,100000,792,798,804,809,0.5,0.5131707317073171,0.5017835909631391
70,3,54,100000,100000,756,744,800,793,0.5,0.5085945399393327,0.5072463768115942
70,3,55,100000,100000,777,770,801,793,0.5,0.5254237288135594,0.4951807228915663
70,3,56,100000,100000,811,807,788,793,0.5,0.5103969754253308,0.5006134969325153
70,3,57,100000,100000,784,777,807,819,0.5,0.4837476099426386,0.5268176400476758
70,3,58,100000,100000,802,773,775,790,0.5,0.49849548645937813,0.4839108910891089
70,3,59,100000,100000,793,794,792,793,0.5,0.48193916349809884,0.4963680387409201
70,3,60,100000,100000,795,809,798,786,0.5,0.5137701804368471,0.4878640776699029
70,3,61,100000,100000,802,753,791,783,0.5,0.49803536345776034,0.48711656441717793
70,3,62,100000,100000,780,800,792,798,0.5,0.48940269749518306,0.4733009708737864
70,3,63,100000,100000,741,726,801,799,0.5,0.4841351074718526,0.5
70,3,64,100000,100000,813,803,786,796,0.5,0.4914448669201521,0.503037667071689
70,3,65,100000,100000,825,787,790,794,0.5,0.4975798644724105,0.48125755743651755
70,3,66,100000,100000,792,787,798,808,0.5,0.5043816942551119,0.5294117647058824
70,3,67,100000,100000,796,837,786,786,0.5,0.49584487534626037,0.5122549019607843
70,3,68,100000,100000,780,782,804,805,0.5,0.49261083743842365,0.4857142857142857
70,3,69,100000,100000,750,768,791,792,0.5,0.5161943319838057,0.5206310679611651
70,3,70,100000,100000,773,782,791,786,0.5,0.5222551928783383,0.48292682926829267
70,3,71,100000,100000,788,793,778,789,0.5,0.49952335557673977,0.50920245398773
70,3,72,100000,100000,799,811,797,802,0.5,0.49487418452935694,0.5036319612590799
70,3,73,100000,100000,781,757,822,814,0.5,0.486905916585839,0.5023866348448688
70,3,74,100000,100000,784,793,805,806,0.5,0.5151219512195122,0.5108958837772397
70,3,75,100000,100000,781,788,802,795,0.5,0.49709302325581395,0.5114320096269555
70,3,76,100000,100000,797,764,789,793,0.5,0.5,0.49755501222493886
70,3,77,100000,100000,769,785,792,798,0.5,0.5093046033300686,0.4981729598051157
70,3,78,100000,100000,773,751,808,789,0.5,0.5148110316649642,0.52
70,3,79,100000,100000,810,805,782,799,0.5,0.5109628217349858,0.4981640146878825
70,3,80,100000,100000,744,772,789,788,0.5,0.473,0.504914004914005
70,3,81,100000,100000,761,772,804,802,0.5,0.48957298907646474,0.5
70,3,82,100000,100000,781,785,801,792,0.5,0.5118110236220472,0.5060679611650486
70,3,83,100000,100000,792,763,792,800,0.5,0.5074478649453823,0.5284848484848484
70,3,84,100000,100000,784,756,794,819,0.5,0.497,0.5
70,3,85,100000,100000,786,801,780,793,0.5,0.5210577864838394,0.5036585365853659
70,3,86,100000,100000,837,837,810,810,0.5,0.5067996373526745,0.48693586698337293
70,3,87,100000,100000,775,794,779,793,0.5,0.5221674876847291,0.49326805385556916
70,3,88,100000,100000,795,793,791,784,0.5,0.5140640155189137,0.5036585365853659
70,3,89,100000,100000,813,775,799,791,0.5,0.5042654028436019,0.5048426150121066
70,3,90,100000,100000,771,781,805,807,0.5,0.5305917753259779,0.5083732057416268
70,3,91,100000,100000,710,741,811,808,0.5,0.4704081632653061,0.4964622641509434
70,3,92,100000,100000,787,760,781,789,0.5,0.489815712900097,0.4857496902106567
70,3,93,100000,100000,821,808,814,811,0.5,0.4981238273921201,0.49881516587677727
70,3,94,100000,100000,777,809,808,805,0.5,0.5093411996066863,0.4981949458483754
70,3,95,100000,100000,794,805,798,808,0.5,0.4850187265917603,0.5090252707581228
70,3,96,100000,100000,794,775,788,806,0.5,0.49259624876604147,0.49514563106796117
70,3,97,100000,100000,811,796,796,794,0.5,0.5152671755725191,0.48668280871670705
70,3,98,100000,100000,777,778,806,792,0.5,0.49069539666993145,0.4825090470446321
70,3,99,100000,100000,778,784,799,799,0.5,0.5087548638132295,0.49158653846153844
70,4,0,100000,100000,776,817,791,797,0.5,0.5042816365366318,0.4896719319562576
70,4,1,100000,100000,817,823,799,800,0.5,0.47224749772520475,0.4952038369304556
70,4,2,100000,100000,794,796,791,806,0.5,0.5100478468899522,0.4619105199516324
70,4,3,100000,100000,751,805,786,774,0.5,0.501996007984032,0.4827586206896552
70,4,4,100000,100000,806,774,773,783,0.5,0.49049429657794674,0.5142503097893433
70,4,5,100000,100000,800,813,782,779,0.5,0.491588785046729,0.4828009828009828
70,4,6,100000,100000,757,803,789,791,0.5,0.4876847290640394,0.4902439024390244
70,4,7,100000,100000,818,808,813,797,0.5,0.5135640785781104,0.5179425837320574
70,4,8,100000,100000,761,794,804,792,0.5,0.5126646403242148,0.5048543689320388
70,4,9,100000,100000,783,783,801,803,0.5,0.4952107279693487,0.46722288438617404
70,4,10,100000,100000,785,772,801,802,0.5,0.5118343195266272,0.484375
70,4,11,100000,100000,819,826,792,787,0.5,0.5013774104683195,0.5256723716381418
70,4,12,100000,100000,804,790,784,786,0.5,0.5028571428571429,0.5141451414514145
70,4,13,100000,100000,774,750,778,780,0.5,0.5265848670756647,0.5181023720349563
70,4,14,100000,100000,755,783,795,798,0.5,0.500503524672709,0.49334945586457074
70,4,15,100000,100000,788,806,812,815,0.5,0.5164728682170543,0.5195729537366548
70,4,16,100000,100000,789,768,800,797,0.5,0.48540856031128404,0.4987980769230769
70,4,17,100000,100000,804,812,809,815,0.5,0.5169491525423728,0.5238095238095238
70,4,18,100000,100000,817,804,797,788,0.5,0.48552754435107376,0.5024390243902439
70,4,19,100000,100000,774,786,790,806,0.5,0.4795821462488129,0.47165259348612787
70,4,20,100000,100000,811,795,787,785,0.5,0.4976303317535545,0.4822085889570552
70,4,21,100000,100000,785,786,803,786,0.5,0.5043816942551119,0.4867149758454106
70,4,22,100000,100000,766,782,822,808,0.5,0.5243407707910751,0.5164319248826291
70,4,23,100000,100000,779,792,806,797,0.5,0.522432701894317,0.5126658624849216
70,4,24,100000,100000,792,822,799,793,0.5,0.504297994269341,0.49334945586457074
70,4,25,100000,100000,785,788,794,796,0.5,0.5190380761523046,0.5207317073170732
70,4,26,100000,100000,772,791,799,807,0.5,0.502410800385728,0.5090036014405762
70,4,27,100000,100000,806,828,798,808,0.5,0.4971857410881801,0.5024038461538461
70,4,28,100000,100000,784,829,808,814,0.5,0.500945179584121,0.49761336515513127
70,4,29,100000,100000,780,790,802,799,0.5,0.47303689687795647,0.4854721549636804
70,4,30,100000,100000,809,813,789,794,0.5,0.4958061509785648,0.5098280098280098
70,4,31,100000,100000,802,787,789,788,0.5,0.4638095238095238,0.5042630937880633
70,4,32,100000,100000,807,828,818,817,0.5,0.5162790697674419,0.48413631022326675
70,4,33,100000,100000,798,803,797,804,0.5,0.4891815616180621,0.4777911164465786
70,4,34,100000,100000,765,795,799,786,0.5,0.498046875,0.4909310761789601
70,4,35,100000,100000,782,805,794,802,0.5,0.5028735632183908,0.5035885167464115
70,4,36,100000,100000,787,791,802,799,0.5,0.5101058710298364,0.48263473053892214
70,4,37,100000,100000,799,820,805,799,0.5,0.48362956033676335,0.5023980815347722
70,4,38,100000,100000,766,755,798,800,0.5,0.501002004008016,0.5358444714459295
70,4,39,100000,100000,737,751,801,794,0.5,0.4863773965691221,0.47904191616766467
70,4,40,100000,100000,774,769,806,792,0.5,0.4911937377690802,0.5169491525423728
70,4,41,100000,100000,770,758,796,796,0.5,0.5369059656218402,0.5157766990291263
70,4,42,100000,100000,754,768,794,791,0.5,0.4885799404170804,0.48197115384615385
70,4,43,100000,100000,757,750,780,786,0.5,0.5219164118246687,0.4877149877149877
70,4,44,100000,100000,768,787,780,788,0.5,0.492725509214355,0.5024509803921569
70,4,45,100000,100000,805,785,794,800,0.5,0.5213930348258706,0.4975728155339806
70,4,46,100000,100000,832,826,790,796,0.5,0.4736371760500447,0.508495145631068
70,4,47,100000,100000,800,783,798,793,0.5,0.5004793863854267,0.4963325183374083
70,4,48,100000,100000,789,773,808,800,0.5,0.4933078393881453,0.4892601431980907
70,4,49,100000,100000,806,781,803,800,0.5,0.50682261208577,0.48492159227985526
70,4,50,100000,100000,846,835,798,808,0.5,0.48680618744313015,0.5083932853717026
70,4,51,100000,100000,817,811,781,788,0.5,0.5027881040892194,0.49137931034482757
70,4,52,100000,100000,761,787,785,779,0.5,0.507537688442211,0.5006195786864932
70,4,53,100000,100000,789,761,795,791,0.5,0.5024485798237023,0.5207317073170732
70,4,54,100000,100000,787,752,806,798,0.5,0.5274177467597209,0.5102781136638452
70,4,55,100000,100000,805,827,789,787,0.5,0.5198067632850242,0.504914004914005
70,4,56,100000,100000,818,805,801,798,0.5,0.5154349859681946,0.4952038369304556
70,4,57,100000,100000,771,758,798,806,0.5,0.517948717948718,0.4813477737665463
70,4,58,100000,100000,784,774,798,785,0.5,0.49306930693069306,0.524330900243309
70,4,59,100000,100000,775,784,806,800,0.5,0.4918190567853705,0.5059808612440191
70,4,60,100000,100000,743,772,785,786,0.5,0.5247933884297521,0.5067484662576687
70,4,61,100000,100000,815,775,786,788,0.5,0.5398230088495575,0.5188794153471377
70,4,62,100000,100000,798,803,798,796,0.5,0.5150339476236664,0.5084745762711864
70,4,63,100000,100000,802,772,819,809,0.5,0.5029585798816568,0.5137067938021455
70,4,64,100000,100000,812,830,795,800,0.5,0.46995515695067264,0.5170316301703163
70,4,65,100000,100000,809,809,799,804,0.5,0.5074766355140187,0.4874251497005988
70,4,66,100000,100000,763,805,808,808,0.5,0.5110220440881763,0.5219976218787158
70,4,67,100000,100000,802,806,804,805,0.5,0.49186602870813395,0.5235223160434258
70,4,68,100000,100000,768,795,796,796,0.5,0.4865125240847784,0.5060386473429952
70,4,69,100000,100000,820,817,805,804,0.5,0.5088372093023256,0.49521531100478466
70,4,70,100000,100000,789,795,802,787,0.5,0.49131274131274133,0.49334945586457074
70,4,71,100000,100000,829,811,799,795,0.5,0.4904109589041096,0.4903614457831325
70,4,72,100000,100000,775,775,792,793,0.5,0.5,0.503037667071689
70,4,73,100000,100000,761,765,793,810,0.5,0.506454816285998,0.4994011976047904
70,4,74,100000,100000,752,744,797,792,0.5,0.5045317220543807,0.520048602673147
70,4,75,100000,100000,800,784,809,797,0.5,0.4908741594620557,0.4785714285714286
70,4,76,100000,100000,753,754,805,789,0.5,0.5171370967741935,0.5078787878787879
70,4,77,100000,100000,795,797,778,788,0.5,0.4753787878787879,0.47095179233621753
70,4,78,100000,100000,783,775,807,817,0.5,0.505859375,0.48520710059171596
70,4,79,100000,100000,771,792,798,779,0.5,0.5182625863770978,0.5079559363525091
70,4,80,100000,100000,780,804,798,801,0.5,0.5139289145052833,0.5090252707581228
70,4,81,100000,100000,821,806,821,819,0.5,0.5236294896030246,0.4994110718492344
70,4,82,100000,100000,798,831,812,804,0.5,0.4865642994241843,0.503001200480192
70,4,83,100000,100000,775,801,808,795,0.5,0.5323383084577115,0.4825511432009627
70,4,84,100000,100000,787,811,805,806,0.5,0.4830590513068732,0.5114873035066505
70,4,85,100000,100000,810,809,807,793,0.5,0.5161290322580645,0.5266343825665859
70,4,86,100000,100000,817,797,802,805,0.5,0.4995215311004785,0.48086124401913877
70,4,87,100000,100000,838,787,803,810,0.5,0.5073313782991202,0.49106078665077474
70,4,88,100000,100000,805,802,809,805,0.5,0.5033112582781457,0.5177725118483413
70,4,89,100000,100000,812,782,790,781,0.5,0.5052132701421801,0.4950980392156863
70,4,90,100000,100000,814,806,794,796,0.5,0.49814471243042674,0.47699757869249393
70,4,91,100000,100000,740,765,804,809,0.5,0.5170630816959669,0.5084745762711864
70,4,92,100000,100000,764,757,794,784,0.5,0.48963474827245806,0.47566909975669097
70,4,93,100000,100000,765,781,800,796,0.5,0.5060240963855421,0.5078597339782346
70,4,94,100000,100000,810,810,795,794,0.5,0.5138226882745471,0.5251533742331288
70,4,95,100000,100000,733,744,768,780,0.5,0.4847870182555781,0.4919053549190536
70,4,96,100000,100000,764,772,792,788,0.5,0.5019646365422397,0.4945188794153471
70,4,97,100000,100000,789,778,789,787,0.5,0.5145348837209303,0.4793187347931874
70,4,98,100000,100000,756,809,784,784,0.5,0.515748031496063,0.49079754601226994
70,4,99,100000,100000,782,744,812,799,0.5,0.5,0.49761336515513127
70,5,0,100000,100000,809,796,791,804,0.5,0.505324298160697,0.47699757869249393
70,5,1,100000,100000,770,767,799,793,0.5,0.48180924287118976,0.47868453105968334
70,5,2,100000,100000,816,797,810,795,0.5,0.4879852125693161,0.5108433734939759
70,5,3,100000,100000,799,791,814,802,0.5,0.5274831243972999,0.5041518386714117
70,5,4,100000,100000,776,770,790,788,0.5,0.4692898272552783,0.49573690621193667
70,5,5,100000,100000,802,804,793,787,0.5,0.5082125603864734,0.4981729598051157
70,5,6,100000,100000,804,809,797,796,0.5,0.506578947368421,0.501207729468599
70,5,7,100000,100000,812,802,790,798,0.5,0.4756657483930211,0.5102781136638452
70,5,8,100000,100000,765,759,800,808,0.5,0.5170340681362725,0.5274056029232643
70,5,9,100000,100000,819,816,805,812,0.5,0.5281220209723546,0.5374554102259215
70,5,10,100000,100000,785,822,792,800,0.5,0.47474747474747475,0.4993983152827918
70,5,11,100000,100000,793,813,791,798,0.5,0.4962686567164179,0.5048309178743962
70,5,12,100000,100000,805,815,791,781,0.5,0.46754468485418627,0.4932349323493235
70,5,13,100000,100000,768,769,808,800,0.5,0.5177865612648221,0.5071942446043165
70,5,14,100000,100000,780,784,809,815,0.5,0.5145914396887159,0.4988038277511962
70,5,15,100000,100000,769,784,798,784,0.5,0.49256689791873143,0.4860606060606061
70,5,16,100000,100000,806,808,788,800,0.5,0.49306197964847365,0.49878934624697335
70,5,17,100000,100000,770,748,784,782,0.5,0.4846077457795432,0.4975429975429975
70,5,18,100000,100000,797,790,806,797,0.5,0.5073170731707317,0.49158653846153844
70,5,19,100000,100000,811,809,787,787,0.5,0.5298651252408478,0.5086206896551724
70,5,20,100000,100000,805,818,776,769,0.5,0.49389671361502346,0.5043586550435866
70,5,21,100000,100000,807,790,802,801,0.5,0.5019493177387915,0.5422705314009661
70,5,22,100000,100000,835,811,809,806,0.5,0.5211665098777046,0.5053635280095352
70,5,23,100000,100000,780,789,794,785,0.5,0.5108481262327417,0.5079365079365079
70,5,24,100000,100000,786,768,782,792,0.5,0.4893203883495146,0.4889705882352941
70,5,25,100000,100000,766,813,797,794,0.5,0.5136986301369864,0.5042424242424243
70,5,26,100000,100000,812,798,800,798,0.5,0.5089877010406811,0.5
70,5,27,100000,100000,822,819,815,804,0.5,0.5084269662921348,0.4916267942583732
70,5,28,100000,100000,798,806,782,788,0.5,0.4962335216572505,0.4785276073619632
70,5,29,100000,100000,791,782,796,798,0.5,0.47488151658767774,0.48383233532934133
70,5,30,100000,100000,813,824,798,786,0.5,0.5066162570888468,0.4920245398773006
70,5,31,100000,100000,770,777,789,803,0.5,0.4945705824284304,0.4813477737665463
70,5,32,100000,100000,776,793,801,794,0.5,0.5029527559055118,0.5186972255729795
70,5,33,100000,100000,788,783,775,786,0.5,0.47746883988494726,0.47724477244772445
70,5,34,100000,100000,811,794,796,793,0.5,0.5033050047214354,0.5133495145631068
70,5,35,100000,100000,758,755,802,799,0.5,0.5035532994923858,0.5216346153846154
70,5,36,100000,100000,781,770,799,789,0.5,0.4783861671469741,0.4927536231884058
70,5,37,100000,100000,854,835,803,812,0.5,0.5095715587967183,0.4887839433293979
70,5,38,100000,100000,789,791,791,803,0.5,0.5169082125603864,0.5066828675577156
70,5,39,100000,100000,785,742,796,803,0.5,0.509783728115345,0.47946859903381644
70,5,40,100000,100000,804,796,795,801,0.5,0.49577464788732395,0.4945321992709599
70,5,41,100000,100000,785,774,786,802,0.5,0.4904030710172745,0.4963592233009709
70,5,42,100000,100000,808,789,798,805,0.5,0.5325977933801405,0.5279126213592233
70,5,43,100000,100000,765,768,794,802,0.5,0.48428290766208254,0.46642685851318944
70,5,44,100000,100000,833,799,790,787,0.5,0.48285449490268767,0.503037667071689
70,5,45,100000,100000,800,792,805,812,0.5,0.48722800378429515,0.48197115384615385
70,5,46,100000,100000,767,805,799,805,0.5,0.4821600771456123,0.49280575539568344
70,5,47,100000,100000,786,802,794,795,0.5,0.5033492822966508,0.5103030303030303
70,5,48,100000,100000,812,788,805,803,0.5,0.49713740458015265,0.497624703087886
70,5,49,100000,100000,771,777,798,797,0.5,0.5107632093933464,0.5054282267792521
70,5,50,100000,100000,756,802,809,804,0.5,0.48151750972762647,0.47909199522102747
70,5,51,100000,100000,788,774,791,789,0.5,0.4801548886737657,0.45652173913043476
70,5,52,100000,100000,769,766,811,805,0.5,0.48602794411177647,0.5011961722488039
70,5,53,100000,100000,803,811,806,801,0.5,0.4952919020715631,0.5072289156626506
70,5,54,100000,100000,765,744,800,785,0.5,0.4817374136229023,0.48789346246973364
70,5,55,100000,100000,808,791,792,795,0.5,0.5226179018286814,0.5268948655256723
70,5,56,100000,100000,833,805,796,792,0.5,0.5223596574690771,0.5128205128205128
70,5,57,100000,100000,778,774,796,802,0.5,0.4936708860759494,0.4763636363636364
70,5,58,100000,100000,789,783,795,795,0.5,0.4853358561967833,0.48789346246973364
70,5,59,100000,100000,766,783,782,793,0.5,0.481086323957323,0.5
70,5,60,100000,100000,723,722,815,799,0.5,0.5047518479408659,0.5149342891278376
70,5,61,100000,100000,808,758,776,794,0.5,0.4887365328109696,0.48959608323133413
70,5,62,100000,100000,794,846,787,786,0.5,0.5009398496240601,0.5055079559363526
70,5,63,100000,100000,803,794,781,777,0.5,0.4850467289719626,0.4701492537313433
70,5,64,100000,100000,789,792,800,812,0.5,0.5039292730844793,0.4988038277511962
70,5,65,100000,100000,783,780,789,803,0.5,0.48446601941747575,0.5060827250608273
70,5,66,100000,100000,812,827,799,795,0.5,0.5018621973929237,0.5078597339782346
70,5,67,100000,100000,755,729,794,807,0.5,0.5077881619937694,0.46236559139784944
70,5,68,100000,100000,782,757,814,806,0.5,0.49853085210577863,0.5130641330166271
70,5,69,100000,100000,811,789,812,802,0.5,0.5285024154589372,0.5251196172248804
70,5,70,100000,100000,814,809,812,800,0.5,0.4934823091247672,0.5203349282296651
70,5,71,100000,100000,824,833,784,784,0.5,0.5348837209302325,0.5087064676616916
70,5,72,100000,100000,736,761,787,801,0.5,0.4762845849802372,0.4727272727272727
70,5,73,100000,100000,790,749,809,803,0.5,0.5159680638722555,0.5047732696897375
70,5,74,100000,100000,791,819,796,797,0.5,0.4929444967074318,0.4909090909090909
70,5,75,100000,100000,823,823,790,801,0.5,0.4912923923006416,0.5115151515151515
70,5,76,100000,100000,774,756,791,785,0.5,0.49803149606299213,0.4834355828220859
70,5,77,100000,100000,808,775,823,810,0.5,0.5024630541871922,0.49940828402366866
70,5,78,100000,100000,751,780,823,812,0.5,0.5246913580246914,0.5166666666666667
70,5,79,100000,100000,780,789,782,790,0.5,0.497131931166348,0.5122850122850123
70,5,80,100000,100000,827,787,810,800,0.5,0.4767225325884544,0.4988038277511962
70,5,81,100000,100000,818,794,799,794,0.5,0.4774859287054409,0.4763636363636364
70,5,82,100000,100000,811,815,783,793,0.5,0.4792243767313019,0.48957055214723927
70,5,83,100000,100000,799,790,794,801,0.5,0.5057142857142857,0.5048426150121066
70,5,84,100000,100000,811,806,789,787,0.5,0.5164938737040528,0.4876847290640394
70,5,85,100000,100000,786,781,774,777,0.5,0.45797922568460814,0.4427860696517413
70,5,86,100000,100000,795,825,783,798,0.5,0.4939309056956116,0.5006075334143378
70,5,87,100000,100000,729,747,800,797,0.5,0.5041237113402062,0.4975786924939467
70,5,88,100000,100000,813,817,796,809,0.5,0.48811700182815354,0.507177033492823
70,5,89,100000,100000,791,815,779,779,0.5,0.4905482041587902,0.5117719950433705
70,5,90,100000,100000,801,764,791,799,0.5,0.5083743842364532,0.49217809867629364
70,5,91,100000,100000,741,760,802,793,0.5,0.5210526315789473,0.5036407766990292
70,5,92,100000,100000,754,747,803,807,0.5,0.5165631469979296,0.5173652694610779
70,5,93,100000,100000,765,743,789,790,0.5,0.4842639593908629,0.48651960784313725
70,5,94,100000,100000,807,808,811,799,0.5,0.5074766355140187,0.4892344497607656
70,5,95,100000,100000,808,824,803,803,0.5,0.5127478753541076,0.4898688915375447
70,5,96,100000,100000,791,780,788,787,0.5,0.5,0.5012165450121655
70,5,97,100000,100000,729,750,798,798,0.5,0.48094747682801237,0.4963592233009709
70,5,98,100000,100000,737,780,787,781,0.5,0.460446247464503,0.49014778325123154
70,5,99,100000,100000,794,787,819,806,0.5,0.49333333333333335,0.5023529411764706
70,6,0,100000,100000,781,820,790,791,0.5,0.5063168124392614,0.48492159227985526
70,6,1,100000,100000,811,840,803,801,0.5,0.5374407582938389,0.53125
70,6,2,100000,100000,822,806,813,802,0.5,0.5079069767441861,0.5214797136038186
70,6,3,100000,100000,783,812,793,790,0.5,0.5057142857142857,0.4927007299270073
70,6,4,100000,100000,767,806,786,792,0.5,0.4961612284069098,0.49634146341463414
70,6,5,100000,100000,800,825,797,800,0.5,0.4805914972273567,0.4945717732207479
70,6,6,100000,100000,777,776,811,809,0.5,0.4898941289701636,0.5290628706998813
70,6,7,100000,100000,746,787,806,805,0.5,0.4827245804540967,0.4934601664684899
70,6,8,100000,100000,762,788,809,817,0.5,0.47873392680514343,0.47613365155131265
70,6,9,100000,100000,784,803,801,810,0.5,0.47338403041825095,0.4946492271105826
70,6,10,100000,100000,820,812,797,783,0.5,0.5013799448022079,0.520048602673147
70,6,11,100000,100000,798,774,805,798,0.5,0.5053037608486017,0.5011990407673861
70,6,12,100000,100000,806,784,793,790,0.5,0.4966887417218543,0.5108173076923077
70,6,13,100000,100000,787,807,790,789,0.5,0.5116504854368932,0.5012315270935961
70,6,14,100000,100000,773,792,798,795,0.5,0.5116751269035533,0.501207729468599
70,6,15,100000,100000,790,770,787,777,0.5,0.4952015355086372,0.532258064516129
70,6,16,100000,100000,787,809,792,781,0.5,0.4861773117254528,0.5049261083743842
70,6,17,100000,100000,758,782,789,809,0.5,0.47425742574257423,0.4926829268292683
70,6,18,100000,100000,789,826,784,796,0.5,0.5028790786948176,0.47317073170731705
70,6,19,100000,100000,759,774,805,807,0.5,0.4740384615384615,0.5285714285714286
70,6,20,100000,100000,801,800,800,802,0.5,0.5142045454545454,0.48502994011976047
70,6,21,100000,100000,809,818,796,803,0.5,0.5102420856610801,0.5224787363304981
70,6,22,100000,100000,779,751,801,800,0.5,0.4970472440944882,0.4701670644391408
70,6,23,100000,100000,813,814,780,781,0.5,0.508411214953271,0.49814126394052044
70,6,24,100000,100000,785,794,798,797,0.5,0.5076923076923077,0.49455864570737607
70,6,25,100000,100000,806,819,786,785,0.5,0.4864864864864865,0.4833948339483395
70,6,26,100000,100000,759,783,781,782,0.5,0.4785992217898833,0.4963054187192118
70,6,27,100000,100000,800,780,798,801,0.5,0.4942528735632184,0.5272727272727272
70,6,28,100000,100000,821,803,793,795,0.5,0.4898336414048059,0.47496947496947495
70,6,29,100000,100000,799,805,790,797,0.5,0.4957825679475164,0.511002444987775
70,6,30,100000,100000,761,777,794,794,0.5,0.4844054580896686,0.5048543689320388
70,6,31,100000,100000,789,795,795,800,0.5,0.47191011235955055,0.4945717732207479
70,6,32,100000,100000,858,816,817,803,0.5,0.489945155393053,0.47387173396674587
70,6,33,100000,100000,774,825,807,806,0.5,0.49069539666993145,0.4820574162679426
70,6,34,100000,100000,768,797,787,789,0.5,0.5395395395395396,0.5228113440197287
70,6,35,100000,100000,769,748,808,813,0.5,0.49503968253968256,0.513095238095238
70,6,36,100000,100000,758,747,813,819,0.5,0.4848790322580645,0.4909963985594238
70,6,37,100000,100000,799,768,797,801,0.5,0.5078277886497065,0.5232419547079857
70,6,38,100000,100000,816,803,784,793,0.5,0.48956356736242884,0.49938800489596086
70,6,39,100000,100000,748,756,791,792,0.5,0.4723320158102767,0.4681107099879663
70,6,40,100000,100000,782,785,796,785,0.5,0.47914645974781767,0.5102781136638452
70,6,41,100000,100000,777,781,803,805,0.5,0.5088062622309197,0.4767025089605735
70,6,42,100000,100000,764,764,807,803,0.5,0.5148809523809523,0.5112960760998811
70,6,43,100000,100000,812,797,788,790,0.5,0.5184108527131783,0.505521472392638
70,6,44,100000,100000,768,773,793,779,0.5,0.492639842983317,0.508578431372549
70,6,45,100000,100000,774,773,815,827,0.5,0.5024390243902439,0.5076741440377804
70,6,46,100000,100000,768,778,799,792,0.5,0.49514563106796117,0.5279126213592233
70,6,47,100000,100000,802,812,807,811,0.5,0.5047348484848485,0.4994054696789536
70,6,48,100000,100000,768,772,791,797,0.5,0.5014778325123153,0.5443499392466585
70,6,49,100000,100000,807,781,808,811,0.5,0.5172413793103449,0.49282296650717705
70,6,50,100000,100000,783,799,778,771,0.5,0.49760306807286675,0.47073474470734744
70,6,51,100000,100000,782,800,799,803,0.5,0.49714285714285716,0.49759615384615385
70,6,52,100000,100000,788,787,790,796,0.5,0.5128458498023716,0.5097323600973236
70,6,53,100000,100000,780,780,804,789,0.5,0.5019646365422397,0.5024154589371981
70,6,54,100000,100000,790,796,794,784,0.5,0.4641192917054986,0.47572815533980584
70,6,55,100000,100000,779,804,799,789,0.5,0.5128205128205128,0.5151515151515151
70,6,56,100000,100000,797,769,811,799,0.5,0.485053037608486,0.5053892215568863
70,6,57,100000,100000,790,776,794,788,0.5,0.5096899224806202,0.5036319612590799
70,6,58,100000,100000,762,777,784,792,0.5,0.47984267453294,0.5350553505535055
70,6,59,100000,100000,803,785,810,817,0.5,0.5047528517110266,0.5231866825208086
70,6,60,100000,100000,784,765,793,802,0.5,0.4950592885375494,0.5029940119760479
70,6,61,100000,100000,794,778,808,800,0.5,0.4820415879017013,0.5012019230769231
70,6,62,100000,100000,745,758,798,784,0.5,0.4917525773195876,0.49454545454545457
70,6,63,100000,100000,778,818,817,814,0.5,0.5518262586377097,0.5364396654719236
70,6,64,100000,100000,858,841,817,801,0.5,0.48789237668161434,0.4976470588235294
70,6,65,100000,100000,836,811,771,791,0.5,0.4850187265917603,0.5
70,6,66,100000,100000,789,803,792,792,0.5,0.502360717658168,0.47515151515151516
70,6,67,100000,100000,822,829,793,791,0.5,0.5106186518928901,0.5018226002430134
70,6,68,100000,100000,769,770,790,792,0.5,0.5152709359605911,0.5048899755501223
70,6,69,100000,100000,825,803,807,807,0.5,0.5075757575757576,0.5203836930455635
70,6,70,100000,100000,795,788,791,791,0.5,0.5247813411078717,0.5206812652068127
70,6,71,100000,100000,787,802,796,794,0.5,0.5457227138643068,0.5273390036452005
70,6,72,100000,100000,785,786,798,795,0.5,0.4894837476099426,0.49393203883495146
70,6,73,100000,100000,776,799,805,821,0.5,0.4980806142034549,0.5065243179122183
70,6,74,100000,100000,796,810,786,782,0.5,0.4890788224121557,0.4554334554334554
70,6,75,100000,100000,836,797,790,796,0.5,0.50853889943074,0.4975609756097561
70,6,76,100000,100000,749,758,800,793,0.5,0.49745676500508645,0.5187424425634825
70,6,77,100000,100000,790,793,787,800,0.5,0.48424068767908307,0.503030303030303
70,6,78,100000,100000,808,780,795,795,0.5,0.5134061569016882,0.5237515225334958
70,6,79,100000,100000,822,838,801,796,0.5,0.48581884720951507,0.4896969696969697
70,6,80,100000,100000,809,803,794,794,0.5,0.48148148148148145,0.501207729468599
70,6,81,100000,100000,778,792,790,796,0.5,0.49853658536585366,0.5091352009744214
70,6,82,100000,100000,829,807,802,785,0.5,0.5071090047393365,0.49210206561360875
70,6,83,100000,100000,801,766,784,777,0.5,0.4848780487804878,0.5166872682323856
70,6,84,100000,100000,778,802,818,816,0.5,0.5058939096267191,0.5296208530805687
70,6,85,100000,100000,780,791,801,796,0.5,0.5121477162293488,0.5108433734939759
70,6,86,100000,100000,763,794,801,785,0.5,0.5220883534136547,0.4853658536585366
70,6,87,100000,100000,765,764,804,799,0.5,0.4945812807881773,0.5299760191846523
70,6,88,100000,100000,812,825,800,796,0.5,0.4834862385321101,0.4945717732207479
70,6,89,100000,100000,797,798,798,804,0.5,0.5223300970873787,0.49271844660194175
70,6,90,100000,100000,773,793,809,800,0.5,0.49410609037328096,0.47601918465227816
70,6,91,100000,100000,774,804,794,801,0.5,0.49073170731707316,0.5102533172496985
70,6,92,100000,100000,808,777,796,796,0.5,0.4881740775780511,0.5078597339782346
70,6,93,100000,100000,776,771,796,787,0.5,0.49177153920619554,0.4781021897810219
70,6,94,100000,100000,787,832,801,809,0.5,0.49759846301633043,0.5030229746070133
70,6,95,100000,100000,768,782,797,797,0.5,0.5,0.48125755743651755
70,6,96,100000,100000,810,820,805,806,0.5,0.49169741697416974,0.5186972255729795
70,6,97,100000,100000,797,810,796,792,0.5,0.515850144092219,0.5152625152625152
70,6,98,100000,100000,812,828,798,804,0.5,0.5115633672525439,0.5012019230769231
70,6,99,100000,100000,793,778,803,810,0.5,0.4904030710172745,0.4911452184179457
70,7,0,100000,100000,805,811,810,812,0.5,0.5154738878143134,0.5131578947368421
70,7,1,100000,100000,813,776,805,803,0.5,0.481086323957323,0.4868421052631579
70,7,2,100000,100000,797,821,811,803,0.5,0.5156993339676499,0.5131578947368421
70,7,3,100000,100000,803,823,800,802,0.5,0.4986072423398329,0.5047846889952153
70,7,4,100000,100000,777,767,785,784,0.5,0.5019762845849802,0.48954489544895446
70,7,5,100000,100000,822,820,781,794,0.5,0.5051546391752577,0.5153751537515375
70,7,6,100000,100000,806,761,802,799,0.5,0.5070281124497992,0.49516908212560384
70,7,7,100000,100000,801,793,793,790,0.5,0.4915572232645403,0.503052503052503
70,7,8,100000,100000,764,763,794,803,0.5,0.5206445115810675,0.4908869987849332
70,7,9,100000,100000,805,821,808,824,0.5,0.5065913370998116,0.523696682464455
70,7,10,100000,100000,779,776,781,781,0.5,0.5161606268364348,0.4969097651421508
70,7,11,100000,100000,799,799,801,801,0.5,0.4727608494921514,0.5006016847172082
70,7,12,100000,100000,814,763,780,780,0.5,0.4961165048543689,0.47885572139303484
70,7,13,100000,100000,788,769,787,792,0.5,0.4940239043824701,0.5049019607843137
70,7,14,100000,100000,791,796,790,800,0.5,0.49245283018867925,0.48792270531400966
70,7,15,100000,100000,798,761,784,794,0.5,0.4921104536489152,0.5079559363525091
70,7,16,100000,100000,810,769,798,810,0.5,0.5014895729890765,0.5210589651022864
70,7,17,100000,100000,810,789,791,803,0.5,0.519730510105871,0.5
70,7,18,100000,100000,795,838,812,821,0.5,0.5183788878416589,0.49410377358490565
70,7,19,100000,100000,751,757,783,786,0.5,0.4812992125984252,0.49326805385556916
70,7,20,100000,100000,788,798,788,789,0.5,0.5,0.5214723926380368
70,7,21,100000,100000,762,745,788,791,0.5,0.4894894894894895,0.47555012224938875
70,7,22,100000,100000,792,782,801,799,0.5,0.5205078125,0.5047846889952153
70,7,23,100000,100000,819,818,812,811,0.5,0.5079365079365079,0.5076560659599529
70,7,24,100000,100000,766,757,778,781,0.5,0.5309017223910841,0.4993804213135068
70,7,25,100000,100000,802,809,807,802,0.5,0.5037593984962406,0.5232974910394266
70,7,26,100000,100000,783,787,800,797,0.5,0.503883495145631,0.49818181818181817
70,7,27,100000,100000,797,822,786,793,0.5,0.49353049907578556,0.5018270401948843
70,7,28,100000,100000,813,845,797,810,0.5,0.4976830398517145,0.4796650717703349
70,7,29,100000,100000,796,779,796,798,0.5,0.5097465886939572,0.5157384987893463
70,7,30,100000,100000,745,778,779,786,0.5,0.4847870182555781,0.49447852760736194
70,7,31,100000,100000,810,812,805,809,0.5,0.524170616113744,0.5325301204819277
70,7,32,100000,100000,795,821,776,783,0.5,0.5023518344308561,0.5178791615289766
70,7,33,100000,100000,786,813,810,809,0.5,0.49710982658959535,0.48677884615384615
70,7,34,100000,100000,771,753,804,796,0.5,0.49067713444553485,0.4939759036144578
70,7,35,100000,100000,805,798,792,785,0.5,0.5037664783427496,0.49017199017199015
70,7,36,100000,100000,755,766,799,794,0.5,0.5070422535211268,0.4782608695652174
70,7,37,100000,100000,856,834,803,810,0.5,0.5190217391304348,0.4958283671036949
70,7,38,100000,100000,781,806,800,804,0.5,0.49339622641509434,0.5059665871121718
70,7,39,100000,100000,787,772,791,798,0.5,0.4844054580896686,0.49217809867629364
70,7,40,100000,100000,831,838,799,797,0.5,0.5242537313432836,0.5078219013237064
70,7,41,100000,100000,774,816,797,802,0.5,0.5133333333333333,0.5211097708082026
70,7,42,100000,100000,824,826,811,816,0.5,0.5022999080036799,0.49292452830188677
70,7,43,100000,100000,804,808,792,791,0.5,0.5056603773584906,0.49635036496350365
70,7,44,100000,100000,786,793,810,790,0.5,0.5081495685522531,0.5206812652068127
70,7,45,100000,100000,755,757,799,805,0.5,0.48597194388777554,0.5047846889952153
70,7,46,100000,100000,783,794,804,810,0.5,0.5106177606177607,0.4694610778443114
70,7,47,100000,100000,747,757,794,797,0.5,0.4940119760479042,0.5108695652173914
70,7,48,100000,100000,806,800,800,800,0.5,0.48438978240302744,0.4957780458383595
70,7,49,100000,100000,796,824,775,786,0.5,0.5140712945590994,0.5006195786864932
70,7,50,100000,100000,795,819,814,815,0.5,0.5370548604427334,0.5095465393794749
70,7,51,100000,100000,825,816,828,818,0.5,0.5314553990610329,0.5095238095238095
70,7,52,100000,100000,754,711,796,808,0.5,0.49842602308499473,0.5
70,7,53,100000,100000,742,737,791,794,0.5,0.5203336809176226,0.5372405372405372
70,7,54,100000,100000,773,780,797,807,0.5,0.48455598455598453,0.5047961630695443
70,7,55,100000,100000,782,771,803,803,0.5,0.49217221135029354,0.48081534772182255
70,7,56,100000,100000,772,783,799,811,0.5,0.5079207920792079,0.4923439340400471
70,7,57,100000,100000,791,765,794,786,0.5,0.4980506822612086,0.511002444987775
70,7,58,100000,100000,789,801,796,795,0.5,0.4858490566037736,0.48014440433212996
70,7,59,100000,100000,829,809,803,805,0.5,0.5009242144177449,0.5054282267792521
70,7,60,100000,100000,762,768,811,810,0.5,0.4883268482490272,0.4887573964497041
70,7,61,100000,100000,780,780,806,805,0.5,0.5097087378640777,0.4952038369304556
70,7,62,100000,100000,820,813,783,805,0.5,0.4944954128440367,0.4945717732207479
70,7,63,100000,100000,806,829,796,800,0.5,0.48854262144821264,0.5023980815347722
70,7,64,100000,100000,794,791,808,795,0.5,0.4739829706717124,0.48677884615384615
70,7,65,100000,100000,830,811,794,798,0.5,0.5164319248826291,0.4975609756097561
70,7,66,100000,100000,781,756,793,805,0.5,0.5054617676266137,0.5210589651022864
70,7,67,100000,100000,837,813,796,800,0.5,0.5469924812030075,0.5072639225181598
70,7,68,100000,100000,773,779,780,784,0.5,0.4872549019607843,0.46740467404674046
70,7,69,100000,100000,756,778,783,786,0.5,0.5130522088353414,0.5185643564356436
70,7,70,100000,100000,780,765,798,797,0.5,0.5019455252918288,0.5241545893719807
70,7,71,100000,100000,801,792,790,801,0.5,0.47157502329916123,0.4673913043478261
70,7,72,100000,100000,767,779,815,809,0.5,0.5,0.5174488567990373
70,7,73,100000,100000,769,772,813,802,0.5,0.4826254826254826,0.5041420118343195
70,7,74,100000,100000,785,785,819,810,0.5,0.5196078431372549,0.4855769230769231
70,7,75,100000,100000,824,777,778,793,0.5,0.49899598393574296,0.5386503067484663
70,7,76,100000,100000,822,816,796,795,0.5,0.4976915974145891,0.49878934624697335
70,7,77,100000,100000,795,808,802,809,0.5,0.5108593012275732,0.4909090909090909
70,7,78,100000,100000,775,795,801,806,0.5,0.4880838894184938,0.484375
70,7,79,100000,100000,824,839,791,790,0.5,0.5059037238873751,0.4852941176470588
70,7,80,100000,100000,757,760,790,784,0.5,0.49653808110781406,0.4864864864864865
70,7,81,100000,100000,790,783,794,787,0.5,0.5196463654223968,0.48048780487804876
70,7,82,100000,100000,779,789,794,792,0.5,0.49808429118773945,0.5006090133982948
70,7,83,100000,100000,780,787,797,795,0.5,0.5048076923076923,0.5096618357487923
70,7,84,100000,100000,807,806,802,794,0.5,0.5251450676982592,0.529126213592233
70,7,85,100000,100000,797,803,803,813,0.5,0.47914735866543096,0.46800947867298576
70,7,86,100000,100000,802,782,785,804,0.5,0.47297297297297297,0.49455864570737607
70,7,87,100000,100000,775,784,805,804,0.5,0.5295857988165681,0.5287769784172662
70,7,88,100000,100000,819,816,804,807,0.5,0.5170777988614801,0.516245487364621
70,7,89,100000,100000,769,773,794,787,0.5,0.49064039408866994,0.49696233292831105
70,7,90,100000,100000,759,767,807,785,0.5,0.499001996007984,0.48188405797101447
70,7,91,100000,100000,817,820,781,791,0.5,0.4762348555452004,0.5098039215686274
70,7,92,100000,100000,823,819,806,804,0.5,0.4786557674841054,0.48984468339307047
70,7,93,100000,100000,801,793,788,790,0.5,0.5133843212237094,0.5295566502463054
70,7,94,100000,100000,852,822,799,794,0.5,0.5050136736554239,0.4752116082224909
70,7,95,100000,100000,789,807,807,811,0.5,0.501432664756447,0.5153301886792453
70,7,96,100000,100000,780,773,795,790,0.5,0.5108910891089109,0.4957472660996355
70,7,97,100000,100000,816,842,810,797,0.5,0.49577464788732395,0.5078031212484994
70,7,98,100000,100000,756,755,800,803,0.5,0.4886251236399604,0.5101553166069295
70,7,99,100000,100000,783,801,791,796,0.5,0.4985754985754986,0.4703030303030303
70,8,0,100000,100000,772,782,796,805,0.5,0.4882583170254403,0.4734939759036145
70,8,1,100000,100000,816,795,796,788,0.5,0.5185891325071497,0.5066991473812423
70,8,2,100000,100000,817,830,805,800,0.5,0.48007246376811596,0.536144578313253
70,8,3,100000,100000,740,747,780,779,0.5,0.5071868583162218,0.4944237918215613
70,8,4,100000,100000,778,771,794,797,0.5,0.4945273631840796,0.47285886610373945
70,8,5,100000,100000,744,749,785,800,0.5,0.5010162601626016,0.5188335358444714
70,8,6,100000,100000,832,811,794,793,0.5,0.5185185185185185,0.5061124694376528
70,8,7,100000,100000,801,792,776,788,0.5,0.4820754716981132,0.4642857142857143
70,8,8,100000,100000,796,839,795,789,0.5,0.48653667595171773,0.5309842041312273
70,8,9,100000,100000,752,768,796,786,0.5,0.460446247464503,0.4896969696969697
70,8,10,100000,100000,782,799,806,811,0.5,0.5062439961575408,0.5102040816326531
70,8,11,100000,100000,783,756,799,803,0.5,0.4797230464886251,0.4921968787515006
70,8,12,100000,100000,830,835,777,780,0.5,0.5267605633802817,0.5211970074812967
70,8,13,100000,100000,784,806,809,811,0.5,0.4906015037593985,0.4922526817640048
70,8,14,100000,100000,811,824,801,794,0.5,0.5080416272469253,0.4734939759036145
70,8,15,100000,100000,820,836,807,812,0.5,0.5064102564102564,0.49347568208778175
70,8,16,100000,100000,805,815,796,797,0.5,0.480410447761194,0.5012106537530266
70,8,17,100000,100000,763,766,791,796,0.5,0.4847890088321884,0.4725943970767357
70,8,18,100000,100000,821,814,792,794,0.5,0.4967860422405877,0.4908869987849332
70,8,19,100000,100000,803,822,788,803,0.5,0.5145539906103287,0.5157004830917874
70,8,20,100000,100000,785,761,782,789,0.5,0.5040322580645161,0.5159313725490197
70,8,21,100000,100000,764,753,808,816,0.5,0.5,0.5166270783847982
70,8,22,100000,100000,782,778,796,791,0.5,0.5151219512195122,0.5267639902676399
70,8,23,100000,100000,850,810,805,807,0.5,0.5134383688600556,0.48152562574493446
70,8,24,100000,100000,820,792,807,800,0.5,0.5110683349374399,0.49642857142857144
70,8,25,100000,100000,765,768,798,804,0.5,0.506572295247725,0.5186074429771909
70,8,26,100000,100000,800,777,794,796,0.5,0.5113300492610837,0.5012135922330098
70,8,27,100000,100000,781,792,811,803,0.5,0.4928774928774929,0.5017921146953405
70,8,28,100000,100000,786,775,785,804,0.5,0.5,0.5139393939393939
70,8,29,100000,100000,789,791,796,802,0.5,0.5139557266602502,0.5384615384615384
70,8,30,100000,100000,818,773,788,780,0.5,0.4888673765730881,0.4766009852216749
70,8,31,100000,100000,814,779,794,799,0.5,0.4763779527559055,0.44819277108433736
70,8,32,100000,100000,820,799,801,811,0.5,0.4990566037735849,0.4964114832535885
70,8,33,100000,100000,819,834,801,802,0.5,0.5098039215686274,0.5066505441354293
70,8,34,100000,100000,820,825,798,806,0.5,0.49635036496350365,0.473621103117506
70,8,35,100000,100000,822,807,796,790,0.5,0.505097312326228,0.4933008526187576
70,8,36,100000,100000,805,812,796,804,0.5,0.504708097928437,0.4880095923261391
70,8,37,100000,100000,784,784,805,802,0.5,0.5058365758754864,0.5065710872162486
70,8,38,100000,100000,816,840,799,795,0.5,0.5282296650717704,0.5145278450363197
70,8,39,100000,100000,771,792,803,795,0.5,0.5106589147286822,0.4940047961630695
70,8,40,100000,100000,759,744,800,814,0.5,0.5062111801242236,0.4880382775119617
70,8,41,100000,100000,802,761,800,796,0.5,0.5075225677031093,0.4777911164465786
70,8,42,100000,100000,828,838,800,812,0.5,0.49592760180995477,0.5029585798816568
70,8,43,100000,100000,783,793,788,793,0.5,0.470311027332705,0.5024330900243309
70,8,44,100000,100000,761,812,812,797,0.5,0.49455984174085066,0.5095465393794749
70,8,45,100000,100000,807,801,785,782,0.5,0.5019157088122606,0.5253399258343634
70,8,46,100000,100000,762,744,801,790,0.5,0.49799599198396793,0.5042735042735043
70,8,47,100000,100000,808,813,784,794,0.5,0.47985347985347987,0.49146341463414633
70,8,48,100000,100000,809,820,812,825,0.5,0.4934210526315789,0.511137162954279
70,8,49,100000,100000,782,791,795,778,0.5,0.47775628626692457,0.4841463414634146
70,8,50,100000,100000,826,851,809,808,0.5,0.5101476014760148,0.505938242280285
70,8,51,100000,100000,793,808,792,796,0.5,0.5152380952380953,0.503037667071689
70,8,52,100000,100000,770,771,777,787,0.5,0.5140562248995983,0.5209876543209877
70,8,53,100000,100000,813,784,792,785,0.5,0.5076335877862596,0.5036496350364964
70,8,54,100000,100000,785,767,803,804,0.5,0.5097847358121331,0.518562874251497
70,8,55,100000,100000,822,801,793,790,0.5,0.5124760076775432,0.49877750611246946
70,8,56,100000,100000,786,787,806,813,0.5,0.5081495685522531,0.5244338498212158
70,8,57,100000,100000,822,817,801,794,0.5,0.5064456721915286,0.5
70,8,58,100000,100000,790,768,804,807,0.5,0.49416342412451364,0.5011848341232228
70,8,59,100000,100000,789,793,799,801,0.5,0.4952107279693487,0.5084337349397591
70,8,60,100000,100000,755,735,802,795,0.5,0.5142276422764228,0.4994011976047904
70,8,61,100000,100000,808,834,787,783,0.5,0.4686924493554328,0.48905109489051096
70,8,62,100000,100000,801,805,791,779,0.5,0.47866419294990725,0.47665847665847666
70,8,63,100000,100000,754,761,802,794,0.5,0.49405940594059405,0.49038461538461536
70,8,64,100000,100000,794,756,794,797,0.5,0.4857142857142857,0.5024213075060533
70,8,65,100000,100000,795,779,794,792,0.5,0.48123195380173245,0.4830508474576271
70,8,66,100000,100000,780,803,800,798,0.5,0.48091603053435117,0.4981949458483754
70,8,67,100000,100000,726,745,788,783,0.5,0.49432404540763675,0.4779951100244499
70,8,68,100000,100000,744,755,786,794,0.5,0.5050607287449392,0.48721071863581
70,8,69,100000,100000,760,785,805,796,0.5,0.4980430528375734,0.5137724550898204
70,8,70,100000,100000,808,824,800,793,0.5,0.5051935788479698,0.49578820697954273
70,8,71,100000,100000,771,768,802,794,0.5,0.5049212598425197,0.4927710843373494
70,8,72,100000,100000,780,769,824,798,0.5,0.5162882527147088,0.4874551971326165
70,8,73,100000,100000,827,793,791,800,0.5,0.5023969319271333,0.48851269649334944
70,8,74,100000,100000,768,768,785,787,0.5,0.48023715415019763,0.5030599755201959
70,8,75,100000,100000,807,782,801,798,0.5,0.5210166177908113,0.5241545893719807
70,8,76,100000,100000,754,765,774,792,0.5,0.4891732283464567,0.5098280098280098
70,8,77,100000,100000,737,708,802,798,0.5,0.4925847457627119,0.5005959475566151
70,8,78,100000,100000,810,825,792,802,0.5,0.48623853211009177,0.501207729468599
70,8,79,100000,100000,796,823,766,765,0.5,0.48633364750235625,0.46851385390428213
70,8,80,100000,100000,793,808,795,795,0.5,0.4990476190476191,0.503037667071689
70,8,81,100000,100000,807,794,799,807,0.5,0.4981238273921201,0.5234093637454982
70,8,82,100000,100000,828,844,807,808,0.5,0.4870188003581021,0.4946492271105826
70,8,83,100000,100000,761,750,788,778,0.5,0.45542635658914726,0.47601476014760147
70,8,84,100000,100000,774,812,812,800,0.5,0.4912451361867704,0.5042016806722689
70,8,85,100000,100000,787,794,815,815,0.5,0.489120151371807,0.5076741440377804
70,8,86,100000,100000,834,866,800,791,0.5,0.5086128739800544,0.49033816425120774
70,8,87,100000,100000,747,754,788,790,0.5,0.4852791878172589,0.4841075794621027
70,8,88,100000,100000,768,762,805,799,0.5,0.49064039408866994,0.490521327014218
70,8,89,100000,100000,772,804,788,794,0.5,0.4909090909090909,0.46424242424242423
70,8,90,100000,100000,797,772,805,801,0.5,0.4541984732824427,0.48139255702280914
70,8,91,100000,100000,765,773,785,799,0.5,0.504424778761062,0.5224787363304981
70,8,92,100000,100000,807,792,789,799,0.5,0.5014299332697807,0.5072463768115942
70,8,93,100000,100000,803,828,795,791,0.5,0.4622980251346499,0.47694174757281554
70,8,94,100000,100000,769,814,781,781,0.5,0.48427073403241183,0.5006165228113441
70,8,95,100000,100000,804,798,794,793,0.5,0.49952874646559847,0.4951338199513382
70,8,96,100000,100000,784,776,796,796,0.5,0.507274490785645,0.5236938031591738
70,8,97,100000,100000,786,807,784,796,0.5,0.501890359168242,0.5060679611650486
70,8,98,100000,100000,769,757,798,786,0.5,0.5109126984126984,0.49573690621193667
70,8,99,100000,100000,783,767,793,802,0.5,0.5153010858835143,0.48854041013269
70,9,0,100000,100000,777,776,784,789,0.5,0.5083088954056696,0.4981640146878825
70,9,1,100000,100000,806,791,794,794,0.5,0.48266166822867856,0.48058252427184467
70,9,2,100000,100000,785,782,788,787,0.5,0.4797687861271676,0.46200980392156865
70,9,3,100000,100000,774,815,783,790,0.5,0.5034146341463415,0.4870530209617756
70,9,4,100000,100000,785,794,796,807,0.5,0.5230166503428012,0.4934131736526946
70,9,5,100000,100000,725,752,794,798,0.5,0.47373737373737373,0.47762998790810157
70,9,6,100000,100000,797,806,800,798,0.5,0.48789571694599626,0.5143884892086331
70,9,7,100000,100000,812,801,789,782,0.5,0.4742647058823529,0.48477466504263095
70,9,8,100000,100000,775,792,798,804,0.5,0.5219084712755598,0.5108958837772397
70,9,9,100000,100000,823,815,796,803,0.5,0.5,0.5042424242424243
70,9,10,100000,100000,787,828,779,783,0.5,0.4928909952606635,0.4963144963144963
70,9,11,100000,100000,805,765,787,779,0.5,0.49855907780979825,0.4944649446494465
70,9,12,100000,100000,823,784,791,796,0.5,0.4951267056530214,0.5097087378640777
70,9,13,100000,100000,739,746,796,791,0.5,0.5205761316872428,0.4758454106280193
70,9,14,100000,100000,785,788,787,794,0.5,0.51252408477842,0.5042944785276073
70,9,15,100000,100000,767,787,815,798,0.5,0.48893166506256014,0.49515738498789347
70,9,16,100000,100000,775,750,794,802,0.5,0.5020080321285141,0.48259303721488594
70,9,17,100000,100000,836,842,791,794,0.5,0.5173992673992674,0.4993909866017052
70,9,18,100000,100000,805,785,816,817,0.5,0.5234375,0.5249406175771971
70,9,19,100000,100000,810,812,801,802,0.5,0.5108388312912346,0.5193704600484261
70,9,20,100000,100000,791,791,784,797,0.5,0.48854961832061067,0.4993939393939394
70,9,21,100000,100000,799,826,810,801,0.5,0.48737137511693174,0.5262529832935561
70,9,22,100000,100000,761,778,805,804,0.5,0.48349514563106794,0.4988038277511962
70,9,23,100000,100000,785,794,798,800,0.5,0.49620493358633777,0.5149700598802395
70,9,24,100000,100000,822,785,790,794,0.5,0.5227053140096618,0.4981684981684982
70,9,25,100000,100000,827,813,786,786,0.5,0.47354014598540145,0.4920049200492005
70,9,26,100000,100000,804,789,795,803,0.5,0.5316205533596838,0.5126964933494559
70,9,27,100000,100000,784,761,777,800,0.5,0.4800796812749004,0.49634146341463414
70,9,28,100000,100000,809,794,794,796,0.5,0.5084745762711864,0.4824242424242424
70,9,29,100000,100000,798,796,802,791,0.5,0.49858623939679547,0.5091130012150669
70,9,30,100000,100000,746,751,798,800,0.5,0.5005025125628141,0.5133495145631068
70,9,31,100000,100000,766,744,777,789,0.5,0.5015136226034309,0.49261083743842365
70,9,32,100000,100000,771,754,804,809,0.5,0.4728155339805825,0.4863582443653618
70,9,33,100000,100000,836,806,807,813,0.5,0.502868068833652,0.5251798561151079
70,9,34,100000,100000,796,762,784,779,0.5,0.5263681592039801,0.5086848635235732
70,9,35,100000,100000,774,797,790,788,0.5,0.5279441117764471,0.5183823529411765
70,9,36,100000,100000,850,828,812,807,0.5,0.4864376130198915,0.490521327014218
70,9,37,100000,100000,804,783,807,811,0.5,0.48954372623574144,0.49106078665077474
70,9,38,100000,100000,811,820,806,804,0.5,0.5130841121495328,0.4897959183673469
70,9,39,100000,100000,755,752,801,818,0.5,0.5172764227642277,0.5194805194805194
70,9,40,100000,100000,785,798,802,792,0.5,0.5004868549172347,0.5151148730350665
70,9,41,100000,100000,769,743,795,804,0.5,0.501996007984032,0.546875
70,9,42,100000,100000,759,794,806,798,0.5,0.5348837209302325,0.5239808153477218
70,9,43,100000,100000,810,804,798,795,0.5,0.4864359214218896,0.5240963855421686
70,9,44,100000,100000,834,798,806,804,0.5,0.5127478753541076,0.511377245508982
70,9,45,100000,100000,825,786,827,818,0.5,0.5165692007797271,0.5346650998824912
70,9,46,100000,100000,817,804,805,777,0.5,0.507029053420806,0.49695493300852617
70,9,47,100000,100000,791,789,791,791,0.5,0.489058039961941,0.5030450669914738
70,9,48,100000,100000,800,785,804,817,0.5,0.5053763440860215,0.5431952662721894
70,9,49,100000,100000,795,822,784,803,0.5,0.5150375939849624,0.5036496350364964
70,9,50,100000,100000,819,811,816,804,0.5,0.520112254443405,0.5
70,9,51,100000,100000,778,824,818,805,0.5,0.47338403041825095,0.48642266824085006
70,9,52,100000,100000,819,793,791,788,0.5,0.49121184088806663,0.4835164835164835
70,9,53,100000,100000,828,796,800,805,0.5,0.5103969754253308,0.5048076923076923
70,9,54,100000,100000,776,805,801,804,0.5,0.4881740775780511,0.47368421052631576
70,9,55,100000,100000,782,795,790,803,0.5,0.4701492537313433,0.5279805352798054
70,9,56,100000,100000,789,800,816,824,0.5,0.50682261208577,0.49702734839476814
70,9,57,100000,100000,796,795,800,797,0.5,0.508133971291866,0.4879807692307692
70,9,58,100000,100000,768,815,813,802,0.5,0.47804878048780486,0.48812351543942994
70,9,59,100000,100000,785,802,804,795,0.5,0.5167464114832536,0.4957983193277311
70,9,60,100000,100000,797,796,800,804,0.5,0.48899521531100476,0.5210589651022864
70,9,61,100000,100000,805,820,796,806,0.5,0.4856879039704525,0.508495145631068
70,9,62,100000,100000,830,813,805,808,0.5,0.5256290773532153,0.5120772946859904
70,9,63,100000,100000,807,781,797,791,0.5,0.48095238095238096,0.4927710843373494
70,9,64,100000,100000,792,806,784,776,0.5,0.49569377990430624,0.5254027261462205
70,9,65,100000,100000,795,802,798,798,0.5,0.5082604470359572,0.5096385542168674
70,9,66,100000,100000,824,820,788,799,0.5,0.4958371877890842,0.4854014598540146
70,9,67,100000,100000,778,792,805,792,0.5,0.5163853028798411,0.48492159227985526
70,9,68,100000,100000,759,795,792,800,0.5,0.5170682730923695,0.49939975990396157
70,9,69,100000,100000,798,777,799,797,0.5,0.5074331020812686,0.5188335358444714
70,9,70,100000,100000,786,844,809,799,0.5,0.5212355212355212,0.5005973715651135
70,9,71,100000,100000,766,786,806,787,0.5,0.5089820359281437,0.4855769230769231
70,9,72,100000,100000,777,808,799,796,0.5,0.5009523809523809,0.5132211538461539
70,9,73,100000,100000,812,805,799,799,0.5,0.5296367112810707,0.491566265060241
70,9,74,100000,100000,728,741,797,789,0.5,0.510482180293501,0.4896719319562576
70,9,75,100000,100000,783,833,792,787,0.5,0.5053868756121449,0.49017199017199015
70,9,76,100000,100000,807,803,796,800,0.5,0.5009345794392523,0.47936893203883496
70,9,77,100000,100000,742,759,795,802,0.5,0.4882051282051282,0.4879518072289157
70,9,78,100000,100000,786,788,795,792,0.5,0.4837164750957854,0.5036496350364964
70,9,79,100000,100000,801,807,788,789,0.5,0.5085551330798479,0.5
70,9,80,100000,100000,773,761,797,799,0.5,0.47439613526570046,0.5047961630695443
70,9,81,100000,100000,759,762,788,797,0.5,0.5105105105105106,0.5164835164835165
70,9,82,100000,100000,801,809,794,803,0.5,0.5336538461538461,0.49336550060313633
70,9,83,100000,100000,758,780,809,804,0.5,0.49455984174085066,0.5192307692307693
70,9,84,100000,100000,767,757,794,792,0.5,0.49167482859941236,0.5012135922330098
70,9,85,100000,100000,755,791,818,798,0.5,0.49604743083003955,0.48502994011976047
70,9,86,100000,100000,769,779,787,782,0.5,0.4918032786885246,0.5135467980295566
70,9,87,100000,100000,782,773,771,774,0.5,0.47950428979980936,0.458955223880597
70,9,88,100000,100000,770,763,822,813,0.5,0.49362119725220804,0.526564344746163
70,9,89,100000,100000,770,796,805,804,0.5,0.48519579751671443,0.4921968787515006
70,9,90,100000,100000,780,812,792,789,0.5,0.5119284294234593,0.5134146341463415
70,9,91,100000,100000,814,794,799,807,0.5,0.4905482041587902,0.5005988023952096
70,9,92,100000,100000,777,775,801,804,0.5,0.49853372434017595,0.5036144578313253
70,9,93,100000,100000,771,763,798,792,0.5,0.4792270531400966,0.4957780458383595
70,9,94,100000,100000,799,762,797,781,0.5,0.4975845410628019,0.4884004884004884
70,9,95,100000,100000,820,774,798,804,0.5,0.5224948875255624,0.5314769975786925
70,9,96,100000,100000,829,806,803,795,0.5,0.4926062846580407,0.4897466827503016
70,9,97,100000,100000,807,784,805,800,0.5,0.5148895292987512,0.49760765550239233
70,9,98,100000,100000,811,822,796,792,0.5,0.4870848708487085,0.49333333333333335
70,9,99,100000,100000,795,766,801,798,0.5,0.5058708414872799,0.5163636363636364
70,10,0,100000,100000,803,790,788,780,0.5,0.5009596928982726,0.499383477188656
70,10,1,100000,100000,774,774,782,790,0.5,0.4990138067061144,0.5190651906519065
70,10,2,100000,100000,800,823,794,795,0.5,0.5300285986653956,0.5066828675577156
70,10,3,100000,100000,765,751,799,793,0.5,0.5101419878296146,0.5304878048780488
70,10,4,100000,100000,765,770,799,819,0.5,0.48299319727891155,0.5179425837320574
70,10,5,100000,100000,780,743,802,792,0.5,0.4880952380952381,0.5030084235860409
70,10,6,100000,100000,803,824,818,818,0.5,0.5162835249042146,0.5242030696576151
70,10,7,100000,100000,743,737,786,796,0.5,0.472,0.4828850855745721
70,10,8,100000,100000,784,793,810,814,0.5,0.5062320230105465,0.5161290322580645
70,10,9,100000,100000,764,739,794,794,0.5,0.496875,0.4873341375150784
70,10,10,100000,100000,742,753,784,785,0.5,0.5025227043390514,0.4883435582822086
70,10,11,100000,100000,766,783,783,791,0.5,0.49223300970873785,0.47073170731707314
70,10,12,100000,100000,791,787,798,794,0.5,0.49903474903474904,0.5030450669914738
70,10,13,100000,100000,821,775,797,805,0.5,0.49454905847373637,0.49640287769784175
70,10,14,100000,100000,746,746,789,785,0.5,0.5142276422764228,0.49754901960784315
70,10,15,100000,100000,775,765,810,802,0.5,0.4961089494163424,0.4880382775119617
70,10,16,100000,100000,777,810,795,798,0.5,0.5302279484638256,0.5175757575757576
70,10,17,100000,100000,819,814,798,781,0.5,0.514526710402999,0.49694749694749696
70,10,18,100000,100000,758,756,805,803,0.5,0.4910891089108911,0.5275779376498801
70,10,19,100000,100000,778,788,791,804,0.5,0.4861244019138756,0.50661853188929
70,10,20,100000,100000,752,756,807,803,0.5,0.512396694214876,0.4970131421744325
70,10,21,100000,100000,768,751,794,792,0.5,0.498019801980198,0.47336561743341404
70,10,22,100000,100000,816,790,796,800,0.5,0.49719101123595505,0.5151148730350665
70,10,23,100000,100000,772,754,792,785,0.5,0.5054617676266137,0.5030674846625767
70,10,24,100000,100000,825,800,813,805,0.5,0.5216165413533834,0.5252403846153846
70,10,25,100000,100000,774,740,786,784,0.5,0.4744232698094283,0.480440097799511
70,10,26,100000,100000,780,813,790,780,0.5,0.5133333333333333,0.5227552275522755
70,10,27,100000,100000,772,782,795,792,0.5,0.503883495145631,0.5126964933494559
70,10,28,100000,100000,823,855,773,794,0.5,0.4897229669347632,0.48588957055214727
70,10,29,100000,100000,804,776,803,801,0.5,0.49656526005888124,0.5227817745803357
70,10,30,100000,100000,747,706,796,804,0.5,0.5265486725663717,0.4940047961630695
70,10,31,100000,100000,795,742,806,801,0.5,0.5171370967741935,0.5059952038369304
70,10,32,100000,100000,768,780,820,808,0.5,0.5197628458498024,0.49352179034157834
70,10,33,100000,100000,804,790,816,802,0.5,0.498109640831758,0.5148632580261593
70,10,34,100000,100000,788,813,789,794,0.5,0.46982358402971214,0.5
70,10,35,100000,100000,756,763,786,786,0.5,0.4916256157635468,0.46219512195121953
70,10,36,100000,100000,795,781,804,791,0.5,0.4952290076335878,0.5084541062801933
70,10,37,100000,100000,775,774,798,799,0.5,0.4887585532746823,0.5169491525423728
70,10,38,100000,100000,805,806,812,802,0.5,0.5137440758293839,0.5362318840579711
70,10,39,100000,100000,792,768,782,783,0.5,0.49950445986124875,0.5111386138613861
70,10,40,100000,100000,778,819,804,792,0.5,0.48671726755218214,0.4892086330935252
70,10,41,100000,100000,726,745,804,794,0.5,0.5,0.491566265060241
70,10,42,100000,100000,807,816,790,792,0.5,0.5182755388940956,0.4950980392156863
70,10,43,100000,100000,816,814,785,791,0.5,0.49433962264150944,0.47985347985347987
70,10,44,100000,100000,791,830,809,805,0.5,0.5125725338491296,0.5303210463733651
70,10,45,100000,100000,754,769,796,800,0.5,0.492639842983317,0.5067155067155067
70,10,46,100000,100000,795,786,796,789,0.5,0.4835371589840075,0.4812121212121212
70,10,47,100000,100000,751,772,796,792,0.5,0.46995073891625616,0.5155875299760192
70,10,48,100000,100000,773,782,797,787,0.5,0.49658536585365853,0.5060827250608273
70,10,49,100000,100000,817,802,810,812,0.5,0.5165250236071766,0.5166666666666667
70,10,50,100000,100000,798,791,821,808,0.5,0.5067567567567568,0.5059523809523809
70,10,51,100000,100000,782,803,774,776,0.5,0.5184466019417475,0.51625
70,10,52,100000,100000,767,750,812,812,0.5,0.4979757085020243,0.5119331742243437
70,10,53,100000,100000,789,809,793,791,0.5,0.5004766444232602,0.49514563106796117
70,10,54,100000,100000,778,810,787,789,0.5,0.489815712900097,0.4908200734394125
70,10,55,100000,100000,812,834,803,794,0.5,0.5157992565055762,0.5394896719319563
70,10,56,100000,100000,813,804,795,795,0.5,0.487962962962963,0.4873341375150784
70,10,57,100000,100000,817,805,808,808,0.5,0.5199240986717267,0.49761336515513127
70,10,58,100000,100000,802,797,809,810,0.5,0.4967197750702905,0.4958382877526754
70,10,59,100000,100000,802,809,808,800,0.5,0.5221774193548387,0.47601918465227816
70,10,60,100000,100000,825,800,799,799,0.5,0.5356803044719315,0.5157766990291263
70,10,61,100000,100000,861,852,782,802,0.5,0.4721739130434783,0.5175757575757576
70,10,62,100000,100000,794,796,790,779,0.5,0.47924528301886793,0.4725274725274725
70,10,63,100000,100000,751,746,794,785,0.5,0.5056179775280899,0.46642246642246643
70,10,64,100000,100000,791,811,785,801,0.5,0.4888268156424581,0.48724179829890646
70,10,65,100000,100000,796,803,793,784,0.5,0.4854732895970009,0.4993909866017052
70,10,66,100000,100000,763,748,779,780,0.5,0.4888888888888889,0.5098765432098765
70,10,67,100000,100000,789,818,798,802,0.5,0.5182341650671785,0.533816425120773
70,10,68,100000,100000,790,787,809,807,0.5,0.5212765957446809,0.526378896882494
70,10,69,100000,100000,774,758,794,792,0.5,0.49404761904761907,0.4794188861985472
70,10,70,100000,100000,806,806,796,800,0.5,0.5344827586206896,0.5430303030303031
70,10,71,100000,100000,828,797,789,797,0.5,0.517274472168906,0.5218978102189781
70,10,72,100000,100000,788,776,793,802,0.5,0.4861773117254528,0.49516908212560384
70,10,73,100000,100000,831,847,806,815,0.5,0.49499545040946313,0.5101070154577884
70,10,74,100000,100000,734,771,800,801,0.5,0.5015259409969481,0.5120192307692307
70,10,75,100000,100000,803,809,807,797,0.5,0.533462657613967,0.5379975874547648
70,10,76,100000,100000,769,797,787,789,0.5,0.4811957569913211,0.5191122071516646
70,10,77,100000,100000,789,780,802,792,0.5,0.5120540019286403,0.5103280680437424
70,10,78,100000,100000,778,782,804,795,0.5,0.484149855907781,0.5078219013237064
70,10,79,100000,100000,787,778,809,810,0.5,0.5224609375,0.4905437352245863
70,10,80,100000,100000,821,826,801,806,0.5,0.5045955882352942,0.5059808612440191
70,10,81,100000,100000,752,770,800,803,0.5,0.5004995004995005,0.5445783132530121
70,10,82,100000,100000,785,804,784,792,0.5,0.5038095238095238,0.5006119951040392
70,10,83,100000,100000,771,784,786,795,0.5,0.4923224568138196,0.4975369458128079
70,10,84,100000,100000,750,775,788,783,0.5,0.5015136226034309,0.5177045177045178
70,10,85,100000,100000,815,802,804,793,0.5,0.5236294896030246,0.5139056831922612
70,10,86,100000,100000,801,820,797,795,0.5,0.4895833333333333,0.4987951807228916
70,10,87,100000,100000,773,795,812,802,0.5,0.5214785214785215,0.5232419547079857
70,10,88,100000,100000,803,776,805,801,0.5,0.49809160305343514,0.5011990407673861
70,10,89,100000,100000,797,757,790,789,0.5,0.5100603621730382,0.4987745098039216
70,10,90,100000,100000,816,837,804,812,0.5,0.5128913443830571,0.5154028436018957
70,10,91,100000,100000,773,802,785,788,0.5,0.5019417475728155,0.48711656441717793
70,10,92,100000,100000,841,823,805,813,0.5,0.5114573785517873,0.5101553166069295
70,10,93,100000,100000,798,770,787,793,0.5,0.4931506849315068,0.48426150121065376
70,10,94,100000,100000,777,797,802,805,0.5,0.5019230769230769,0.4921968787515006
70,10,95,100000,100000,800,793,792,797,0.5,0.5190615835777126,0.5151148730350665
70,10,96,100000,100000,786,799,809,803,0.5,0.49056603773584906,0.5125448028673835
70,10,97,100000,100000,778,810,809,795,0.5,0.49236641221374045,0.5101553166069295
70,10,98,100000,100000,805,829,801,803,0.5,0.493862134088763,0.5042117930204573
70,10,99,100000,100000,769,749,794,801,0.5,0.49547738693467336,0.5169082125603864
70,11,0,100000,100000,836,807,790,790,0.5,0.5182341650671785,0.5195121951219512
70,11,1,100000,100000,813,795,793,796,0.5,0.463302752293578,0.46682750301568154
70,11,2,100000,100000,783,818,788,788,0.5,0.45523091423185674,0.4558645707376058
70,11,3,100000,100000,778,796,797,804,0.5,0.47632850241545893,0.49033816425120774
70,11,4,100000,100000,761,768,785,779,0.5,0.487279843444227,0.4828009828009828
70,11,5,100000,100000,816,802,780,785,0.5,0.5061032863849765,0.47783251231527096
70,11,6,100000,100000,815,782,795,791,0.5,0.501890359168242,0.47572815533980584
70,11,7,100000,100000,789,763,802,798,0.5,0.5004868549172347,0.49700598802395207
70,11,8,100000,100000,779,784,796,797,0.5,0.5224609375,0.5144578313253012
70,11,9,100000,100000,810,806,802,808,0.5,0.48739495798319327,0.4892344497607656
70,11,10,100000,100000,832,795,811,789,0.5,0.47937671860678277,0.48095238095238096
70,11,11,100000,100000,762,812,779,782,0.5,0.5059288537549407,0.4987684729064039
70,11,12,100000,100000,800,791,814,802,0.5,0.5120540019286403,0.501187648456057
70,11,13,100000,100000,791,755,795,795,0.5,0.5176589303733602,0.5115151515151515
70,11,14,100000,100000,797,779,817,805,0.5,0.5239024390243903,0.5011990407673861
70,11,15,100000,100000,799,836,786,789,0.5,0.483690587138863,0.49266503667481665
70,11,16,100000,100000,778,800,811,813,0.5,0.48604427333974976,0.5147579693034239
70,11,17,100000,100000,792,789,805,798,0.5,0.5296404275996113,0.5247285886610374
70,11,18,100000,100000,796,781,774,772,0.5,0.5048169556840078,0.4981179422835634
70,11,19,100000,100000,781,775,788,787,0.5,0.4859359844810863,0.5141104294478528
70,11,20,100000,100000,791,788,805,801,0.5,0.5048076923076923,0.5180722891566265
70,11,21,100000,100000,805,794,807,814,0.5,0.5028901734104047,0.5065243179122183
70,11,22,100000,100000,806,779,780,784,0.5,0.49712643678160917,0.49814585908529047
70,11,23,100000,100000,801,787,797,804,0.5,0.5291790306627102,0.5180722891566265
70,11,24,100000,100000,739,756,803,808,0.5,0.5190525231719877,0.47784431137724553
70,11,25,100000,100000,816,765,796,798,0.5,0.49306930693069306,0.47699757869249393
70,11,26,100000,100000,803,802,816,805,0.5,0.4888475836431227,0.48696682464454977
70,11,27,100000,100000,773,788,807,807,0.5,0.4990272373540856,0.4988066825775656
70,11,28,100000,100000,764,784,781,787,0.5,0.5009803921568627,0.5073710073710074
70,11,29,100000,100000,818,798,781,786,0.5,0.5100478468899522,0.5179677819083024
70,11,30,100000,100000,790,805,796,799,0.5,0.5315227934044617,0.5102781136638452
70,11,31,100000,100000,774,793,795,799,0.5,0.5122669283611384,0.5336538461538461
70,11,32,100000,100000,793,797,789,788,0.5,0.48078725398313027,0.4797047970479705
70,11,33,100000,100000,806,769,783,791,0.5,0.5159045725646123,0.5116279069767442
70,11,34,100000,100000,793,786,821,815,0.5,0.49235181644359466,0.48226950354609927
70,11,35,100000,100000,756,791,793,794,0.5,0.5227043390514632,0.5006090133982948
70,11,36,100000,100000,792,771,781,792,0.5,0.4778761061946903,0.46228710462287104
70,11,37,100000,100000,808,786,795,806,0.5,0.5004775549188156,0.5186074429771909
70,11,38,100000,100000,772,773,797,802,0.5,0.5172413793103449,0.5018181818181818
70,11,39,100000,100000,805,770,808,804,0.5,0.519364448857994,0.4880382775119617
70,11,40,100000,100000,812,821,797,799,0.5,0.5018484288354899,0.49391727493917276
70,11,41,100000,100000,814,789,808,801,0.5,0.49065420560747663,0.4352517985611511
70,11,42,100000,100000,794,784,803,799,0.5,0.47284644194756553,0.4874251497005988
70,11,43,100000,100000,797,840,806,802,0.5,0.4976303317535545,0.5060386473429952
70,11,44,100000,100000,759,777,795,787,0.5,0.4960707269155206,0.4963680387409201
70,11,45,100000,100000,764,785,798,797,0.5,0.5083251714005876,0.5097323600973236
70,11,46,100000,100000,815,776,793,795,0.5,0.5004849660523764,0.48902439024390243
70,11,47,100000,100000,770,772,797,799,0.5,0.49223300970873785,0.49033816425120774
70,11,48,100000,100000,829,797,797,799,0.5,0.49671361502347416,0.4765906362545018
70,11,49,100000,100000,815,814,809,787,0.5,0.5032987747408105,0.4951807228915663
70,11,50,100000,100000,819,802,793,799,0.5,0.508133971291866,0.5018181818181818
70,11,51,100000,100000,815,809,797,797,0.5,0.5075614366729678,0.5170316301703163
70,11,52,100000,100000,801,795,794,800,0.5,0.5057142857142857,0.4920440636474908
70,11,53,100000,100000,836,832,791,794,0.5,0.5424528301886793,0.5274725274725275
70,11,54,100000,100000,773,746,780,794,0.5,0.49701195219123506,0.46511627906976744
70,11,55,100000,100000,794,802,805,798,0.5,0.4709193245778612,0.47601918465227816
70,11,56,100000,100000,809,814,804,798,0.5,0.4588235294117647,0.5047846889952153
70,11,57,100000,100000,810,822,810,798,0.5,0.5067567567567568,0.5024213075060533
70,11,58,100000,100000,779,783,798,796,0.5,0.5073313782991202,0.5090470446320868
70,11,59,100000,100000,788,775,803,802,0.5,0.5210577864838394,0.5101311084624554
70,11,60,100000,100000,773,790,790,786,0.5,0.5014634146341463,0.4884004884004884
70,11,61,100000,100000,780,789,799,804,0.5,0.4980732177263969,0.5144230769230769
70,11,62,100000,100000,823,819,805,808,0.5,0.484903934126258,0.4713603818615752
70,11,63,100000,100000,770,781,800,801,0.5,0.5172074729596854,0.49399038461538464
70,11,64,100000,100000,808,772,800,802,0.5,0.49364613880742914,0.4785202863961814
70,11,65,100000,100000,748,756,801,796,0.5,0.5149638802889577,0.5169082125603864
70,11,66,100000,100000,798,821,804,788,0.5,0.4816955684007707,0.4525810324129652
70,11,67,100000,100000,799,778,812,804,0.5,0.5207729468599034,0.5095238095238095
70,11,68,100000,100000,800,792,782,786,0.5,0.5277507302823758,0.5245700245700246
70,11,69,100000,100000,814,817,793,803,0.5,0.5172413793103449,0.5193704600484261
70,11,70,100000,100000,808,806,805,804,0.5,0.49019607843137253,0.5178997613365155
70,11,71,100000,100000,785,799,796,794,0.5,0.4869816779170685,0.4860943168077388
70,11,72,100000,100000,771,805,783,779,0.5,0.5072886297376094,0.5148514851485149
70,11,73,100000,100000,783,800,798,788,0.5,0.5299806576402321,0.4746987951807229
70,11,74,100000,100000,770,761,811,808,0.5,0.5014807502467917,0.5023866348448688
70,11,75,100000,100000,789,804,801,803,0.5,0.5,0.4927710843373494
70,11,76,100000,100000,792,780,786,805,0.5,0.5248015873015873,0.5
70,11,77,100000,100000,737,764,801,806,0.5,0.4694694694694695,0.5120192307692307
70,11,78,100000,100000,806,799,804,795,0.5,0.5316698656429942,0.5
70,11,79,100000,100000,768,774,792,802,0.5,0.4835589941972921,0.5078031212484994
70,11,80,100000,100000,770,797,801,798,0.5,0.5488798370672098,0.5314769975786925
70,11,81,100000,100000,802,791,789,805,0.5,0.5201177625122669,0.5140073081607796
70,11,82,100000,100000,802,789,803,807,0.5,0.5111111111111111,0.5048192771084338
70,11,83,100000,100000,786,786,793,806,0.5,0.48950381679389315,0.5059952038369304
70,11,84,100000,100000,825,817,787,804,0.5,0.5018621973929237,0.53836784409257
70,11,85,100000,100000,776,771,810,818,0.5,0.49707602339181284,0.47065868263473054
70,11,86,100000,100000,767,776,783,777,0.5,0.49559255631733595,0.5043370508054523
70,11,87,100000,100000,778,789,798,799,0.5,0.52,0.4680337756332931
70,11,88,100000,100000,796,795,806,800,0.5,0.5048169556840078,0.5017964071856288
70,11,89,100000,100000,807,812,793,789,0.5,0.5056818181818182,0.49755501222493886
70,11,90,100000,100000,784,765,799,803,0.5,0.5178571428571429,0.49399038461538464
70,11,91,100000,100000,761,757,808,796,0.5,0.5287588294651867,0.49578820697954273
70,11,92,100000,100000,791,779,804,799,0.5,0.4913461538461538,0.5346062052505967
70,11,93,100000,100000,801,793,790,807,0.5,0.5201535508637236,0.5023923444976076
70,11,94,100000,100000,788,800,800,797,0.5,0.5044160942100098,0.472289156626506
70,11,95,100000,100000,794,773,804,798,0.5,0.5141187925998053,0.5334928229665071
70,11,96,100000,100000,765,769,790,802,0.5,0.47791952894995093,0.49819059107358266
70,11,97,100000,100000,799,784,803,789,0.5,0.4749034749034749,0.48564593301435405
70,11,98,100000,100000,768,789,811,804,0.5,0.4741463414634146,0.4809976247030879
70,11,99,100000,100000,811,790,802,793,0.5,0.47659176029962547,0.48622754491017967
70,12,0,100000,100000,751,772,794,799,0.5,0.4786069651741294,0.4783132530120482
70,12,1,100000,100000,755,788,816,809,0.5,0.4980237154150198,0.5070921985815603
70,12,2,100000,100000,791,782,804,800,0.5,0.4723004694835681,0.5277777777777778
70,12,3,100000,100000,808,825,805,803,0.5,0.4797794117647059,0.49645390070921985
70,12,4,100000,100000,795,827,795,792,0.5,0.5023518344308561,0.4787363304981774
70,12,5,100000,100000,804,817,797,795,0.5,0.5083798882681564,0.4975845410628019
70,12,6,100000,100000,766,783,804,795,0.5,0.4893822393822394,0.49459783913565425
70,12,7,100000,100000,811,823,789,794,0.5,0.488909426987061,0.4902676399026764
70,12,8,100000,100000,754,765,789,787,0.5,0.49537512846865367,0.5097799511002445
70,12,9,100000,100000,801,776,802,802,0.5,0.5223300970873787,0.48568019093078757
70,12,10,100000,100000,788,803,789,804,0.5,0.4995215311004785,0.49338146811071
70,12,11,100000,100000,802,822,798,795,0.5,0.5208333333333334,0.5042424242424243
70,12,12,100000,100000,762,753,791,784,0.5,0.4960238568588469,0.5227552275522755
70,12,13,100000,100000,785,746,801,793,0.5,0.5025380710659898,0.5072639225181598
70,12,14,100000,100000,791,757,788,797,0.5,0.5044334975369458,0.49454545454545457
70,12,15,100000,100000,815,814,779,778,0.5,0.5023430178069354,0.48194271481942713
70,12,16,100000,100000,796,785,801,813,0.5,0.5215264187866928,0.5579450418160096
70,12,17,100000,100000,801,777,813,805,0.5,0.4952561669829222,0.5178571428571429
70,12,18,100000,100000,781,773,789,793,0.5,0.475,0.4963592233009709
70,12,19,100000,100000,806,791,797,796,0.5,0.4803370786516854,0.5
70,12,20,100000,100000,794,828,798,795,0.5,0.5123106060606061,0.5108958837772397
70,12,21,100000,100000,759,761,798,803,0.5,0.4974974974974975,0.5162064825930373
70,12,22,100000,100000,784,783,797,791,0.5,0.5004803073967339,0.5
70,12,23,100000,100000,788,771,799,791,0.5,0.4932692307692308,0.5030229746070133
70,12,24,100000,100000,782,798,794,795,0.5,0.49613899613899615,0.48184019370460046
70,12,25,100000,100000,806,874,799,806,0.5,0.5295774647887324,0.47946859903381644
70,12,26,100000,100000,776,786,806,801,0.5,0.5092322643343051,0.4964114832535885
70,12,27,100000,100000,790,815,809,801,0.5,0.5184824902723736,0.48448687350835323
70,12,28,100000,100000,762,766,794,794,0.5,0.506036217303823,0.5212121212121212
70,12,29,100000,100000,810,818,788,795,0.5,0.5041782729805014,0.511543134872418
70,12,30,100000,100000,798,781,801,800,0.5,0.5024437927663734,0.5047961630695443
70,12,31,100000,100000,808,829,793,790,0.5,0.5128205128205128,0.5054811205846529
70,12,32,100000,100000,793,803,807,815,0.5,0.4995278564683664,0.5130023640661938
70,12,33,100000,100000,819,808,789,786,0.5,0.5098591549295775,0.4888888888888889
70,12,34,100000,100000,790,794,797,790,0.5,0.4904580152671756,0.5121065375302664
70,12,35,100000,100000,760,778,784,789,0.5,0.5138613861386139,0.5325953259532595
70,12,36,100000,100000,760,735,811,806,0.5,0.4733668341708543,0.4816132858837485
70,12,37,100000,100000,820,802,798,799,0.5,0.49065420560747663,0.4726609963547995
70,12,38,100000,100000,753,750,801,801,0.5,0.49292929292929294,0.5144927536231884
70,12,39,100000,100000,774,766,794,795,0.5,0.5085085085085085,0.5018270401948843
70,12,40,100000,100000,779,823,797,787,0.5,0.5209756097560976,0.5115995115995116
70,12,41,100000,100000,798,816,800,807,0.5,0.500945179584121,0.5130331753554502
70,12,42,100000,100000,797,794,811,806,0.5,0.5038240917782026,0.48867699642431467
70,12,43,100000,100000,769,757,802,797,0.5,0.4880952380952381,0.4734939759036145
70,12,44,100000,100000,773,803,789,794,0.5,0.48282442748091603,0.46780072904009723
70,12,45,100000,100000,775,781,802,802,0.5,0.489815712900097,0.49939686369119424
70,12,46,100000,100000,789,772,803,799,0.5,0.49951876804619827,0.5280764635603346
70,12,47,100000,100000,796,770,809,813,0.5,0.4884393063583815,0.5183867141162515
70,12,48,100000,100000,811,794,813,823,0.5,0.5208131655372701,0.5166666666666667
70,12,49,100000,100000,775,753,799,792,0.5,0.5070993914807302,0.49515738498789347
70,12,50,100000,100000,794,825,789,795,0.5,0.5028301886792453,0.4981729598051157
70,12,51,100000,100000,736,763,798,806,0.5,0.4823766364551863,0.46714456391875747
70,12,52,100000,100000,770,785,799,787,0.5,0.5192878338278932,0.5085365853658537
70,12,53,100000,100000,808,804,779,797,0.5,0.4958061509785648,0.49634146341463414
70,12,54,100000,100000,789,763,795,798,0.5,0.5004897159647405,0.48125755743651755
70,12,55,100000,100000,764,776,782,786,0.5,0.48532289628180036,0.4938423645320197
70,12,56,100000,100000,778,780,786,780,0.5,0.49757516973811833,0.4900990099009901
70,12,57,100000,100000,763,755,809,797,0.5,0.5124875124875125,0.49338146811071
70,12,58,100000,100000,756,794,794,788,0.5,0.5187817258883248,0.49150485436893204
70,12,59,100000,100000,786,809,794,800,0.5,0.5081809432146295,0.48375451263537905
70,12,60,100000,100000,780,805,785,784,0.5,0.47509578544061304,0.5043370508054523
70,12,61,100000,100000,798,754,790,799,0.5,0.5014807502467917,0.5121359223300971
70,12,62,100000,100000,780,782,797,795,0.5,0.47195357833655704,0.4897959183673469
70,12,63,100000,100000,746,739,792,804,0.5,0.5315508021390374,0.5236363636363637
70,12,64,100000,100000,775,744,802,796,0.5,0.4731182795698925,0.49215922798552475
70,12,65,100000,100000,781,794,794,799,0.5,0.5111111111111111,0.4860943168077388
70,12,66,100000,100000,811,803,794,804,0.5,0.5137440758293839,0.5054545454545455
70,12,67,100000,100000,761,762,796,783,0.5,0.48627450980392156,0.4835965978128797
70,12,68,100000,100000,808,792,807,805,0.5,0.4981238273921201,0.5132850241545893
70,12,69,100000,100000,759,787,802,795,0.5,0.503006012024048,0.4789410348977136
70,12,70,100000,100000,798,798,808,791,0.5,0.478584729981378,0.47455621301775147
70,12,71,100000,100000,802,798,805,791,0.5,0.5149181905678537,0.509090909090909
70,12,72,100000,100000,812,829,816,813,0.5,0.5036968576709797,0.4658682634730539
70,12,73,100000,100000,777,776,796,804,0.5,0.5271084337349398,0.5101796407185629
70,12,74,100000,100000,804,766,801,808,0.5,0.5291709314227226,0.5379061371841155
70,12,75,100000,100000,812,843,797,783,0.5,0.5032987747408105,0.4824242424242424
70,12,76,100000,100000,785,784,808,812,0.5,0.5243781094527363,0.5166270783847982
70,12,77,100000,100000,737,741,793,802,0.5,0.500515995872033,0.4855769230769231
70,12,78,100000,100000,791,775,802,804,0.5,0.48193916349809884,0.499404052443385
70,12,79,100000,100000,783,796,784,787,0.5,0.4862298195631529,0.5239852398523985
70,12,80,100000,100000,792,790,780,788,0.5,0.4904580152671756,0.48655256723716384
70,12,81,100000,100000,808,838,792,783,0.5,0.480365296803653,0.49387254901960786
70,12,82,100000,100000,799,792,802,795,0.5,0.5120076849183477,0.47613365155131265
70,12,83,100000,100000,818,801,789,790,0.5,0.4852670349907919,0.5169902912621359
70,12,84,100000,100000,815,834,793,787,0.5,0.5079962370649106,0.48668280871670705
70,12,85,100000,100000,757,755,786,788,0.5,0.5100200400801603,0.5160098522167488
70,12,86,100000,100000,750,746,806,803,0.5,0.5154004106776181,0.5119617224880383
70,12,87,100000,100000,786,750,797,800,0.5,0.4950980392156863,0.49514563106796117
70,12,88,100000,100000,768,787,795,798,0.5,0.5198807157057654,0.5169082125603864
70,12,89,100000,100000,783,787,782,776,0.5,0.47248576850094876,0.4851116625310174
70,12,90,100000,100000,777,760,797,790,0.5,0.530938123752495,0.49390243902439024
70,12,91,100000,100000,785,774,796,795,0.5,0.49069539666993145,0.48495788206979545
70,12,92,100000,100000,782,751,801,808,0.5,0.4887144259077527,0.5090252707581228
70,12,93,100000,100000,786,816,776,798,0.5,0.5019120458891013,0.49079754601226994
70,12,94,100000,100000,741,764,809,802,0.5,0.49085365853658536,0.5142517814726841
70,12,95,100000,100000,731,742,794,798,0.5,0.49437052200614123,0.49455864570737607
70,12,96,100000,100000,776,783,805,797,0.5,0.5082284607938045,0.5071942446043165
70,12,97,100000,100000,802,804,788,786,0.5,0.5085877862595419,0.4854721549636804
70,12,98,100000,100000,786,810,796,786,0.5,0.4624765478424015,0.49878345498783455
70,12,99,100000,100000,783,776,802,789,0.5,0.5034550839091807,0.4878640776699029
70,13,0,100000,100000,785,779,793,804,0.5,0.501937984496124,0.516867469879518
70,13,1,100000,100000,788,782,800,802,0.5,0.507274490785645,0.5047846889952153
70,13,2,100000,100000,781,802,801,802,0.5,0.5079365079365079,0.49939975990396157
70,13,3,100000,100000,808,804,785,790,0.5,0.5108388312912346,0.4907749077490775
70,13,4,100000,100000,773,776,794,778,0.5,0.5058939096267191,0.48402948402948404
70,13,5,100000,100000,790,772,792,797,0.5,0.52297165200391,0.49634146341463414
70,13,6,100000,100000,817,803,794,775,0.5,0.46866485013623976,0.5006119951040392
70,13,7,100000,100000,793,791,793,805,0.5,0.4919431279620853,0.4775757575757576
70,13,8,100000,100000,781,805,804,810,0.5,0.49952335557673977,0.532043530834341
70,13,9,100000,100000,824,816,783,788,0.5,0.4841628959276018,0.4784747847478475
70,13,10,100000,100000,746,744,797,796,0.5,0.48144433299899697,0.5048426150121066
70,13,11,100000,100000,753,779,811,813,0.5,0.5004906771344455,0.4988179669030733
70,13,12,100000,100000,804,779,783,787,0.5,0.4923954372623574,0.4876847290640394
70,13,13,100000,100000,814,813,802,788,0.5,0.4944547134935305,0.5030450669914738
70,13,14,100000,100000,792,796,795,805,0.5,0.5120076849183477,0.5102286401925391
70,13,15,100000,100000,767,790,795,783,0.5,0.4781746031746032,0.45652173913043476
70,13,16,100000,100000,780,787,793,798,0.5,0.4951550387596899,0.49817739975698666
70,13,17,100000,100000,821,802,791,792,0.5,0.5145813734713076,0.5171149144254279
70,13,18,100000,100000,767,774,785,787,0.5,0.5177865612648221,0.5097560975609756
70,13,19,100000,100000,787,782,796,796,0.5,0.5058479532163743,0.49336550060313633
70,13,20,100000,100000,771,795,807,804,0.5,0.5063168124392614,0.5096618357487923
70,13,21,100000,100000,757,770,806,804,0.5,0.5126646403242148,0.5389221556886228
70,13,22,100000,100000,782,785,805,813,0.5,0.5212660731948566,0.5154761904761904
70,13,23,100000,100000,780,782,782,790,0.5,0.5155339805825243,0.49445129469790383
70,13,24,100000,100000,804,806,795,788,0.5,0.4990530303030303,0.4713763702801462
70,13,25,100000,100000,815,853,784,791,0.5,0.5027522935779817,0.5160891089108911
70,13,26,100000,100000,795,793,799,818,0.5,0.4804202483285578,0.46897374701670647
70,13,27,100000,100000,786,767,784,795,0.5,0.5076608784473953,0.4896214896214896
70,13,28,100000,100000,777,785,794,799,0.5,0.48,0.5205811138014528
70,13,29,100000,100000,783,789,787,787,0.5,0.505859375,0.4969173859432799
70,13,30,100000,100000,769,812,785,784,0.5,0.4818355640535373,0.49390243902439024
70,13,31,100000,100000,742,749,786,795,0.5,0.49337410805300713,0.4975728155339806
70,13,32,100000,100000,762,781,787,781,0.5,0.5084409136047666,0.5030674846625767
70,13,33,100000,100000,801,779,802,795,0.5,0.5078277886497065,0.5253012048192771
70,13,34,100000,100000,784,811,784,784,0.5,0.4943289224952741,0.48954489544895446
70,13,35,100000,100000,771,779,793,788,0.5,0.47888675623800386,0.49696969696969695
70,13,36,100000,100000,813,797,776,779,0.5,0.47690857681432614,0.5006211180124224
70,13,37,100000,100000,820,795,803,805,0.5,0.49443413729128016,0.49521531100478466
70,13,38,100000,100000,791,783,800,788,0.5,0.49951969260326606,0.4848851269649335
70,13,39,100000,100000,774,777,798,799,0.5,0.4821256038647343,0.5101796407185629
70,13,40,100000,100000,794,809,797,796,0.5,0.4985808893093661,0.48792270531400966
70,13,41,100000,100000,810,801,791,800,0.5,0.478584729981378,0.4622754491017964
70,13,42,100000,100000,749,742,804,794,0.5,0.500507614213198,0.5060386473429952
70,13,43,100000,100000,800,814,801,786,0.5,0.4828571428571429,0.4812121212121212
70,13,44,100000,100000,813,822,807,807,0.5,0.47605893186003684,0.5077288941736029
70,13,45,100000,100000,777,785,817,816,0.5,0.5074037512339585,0.5194805194805194
70,13,46,100000,100000,805,791,806,794,0.5,0.519730510105871,0.5096618357487923
70,13,47,100000,100000,762,758,805,794,0.5,0.4877571008814887,0.49939975990396157
70,13,48,100000,100000,808,829,797,809,0.5,0.5219831618334893,0.5083932853717026
70,13,49,100000,100000,795,774,782,786,0.5,0.5,0.5104808877928483
70,13,50,100000,100000,801,811,814,807,0.5,0.49165120593692024,0.5077288941736029
70,13,51,100000,100000,747,774,795,795,0.5,0.5081799591002045,0.534629404617254
70,13,52,100000,100000,832,827,803,814,0.5,0.5133149678604224,0.501207729468599
70,13,53,100000,100000,822,829,785,792,0.5,0.5166358595194085,0.4963325183374083
70,13,54,100000,100000,742,734,780,788,0.5,0.5,0.5043050430504306
70,13,55,100000,100000,789,776,786,784,0.5,0.5009746588693957,0.5117139334155364
70,13,56,100000,100000,811,777,790,792,0.5,0.5140640155189137,0.5219512195121951
70,13,57,100000,100000,796,807,800,800,0.5,0.4942084942084942,0.49878934624697335
70,13,58,100000,100000,803,814,812,811,0.5,0.5185891325071497,0.5077844311377245
70,13,59,100000,100000,787,786,814,802,0.5,0.5203883495145631,0.48619447779111646
70,13,60,100000,100000,797,802,801,805,0.5,0.508637236084453,0.5083732057416268
70,13,61,100000,100000,747,744,794,800,0.5,0.5070993914807302,0.5036319612590799
70,13,62,100000,100000,822,802,803,806,0.5,0.48737137511693174,0.5114320096269555
70,13,63,100000,100000,775,812,793,817,0.5,0.5226179018286814,0.5250596658711217
70,13,64,100000,100000,806,812,802,799,0.5,0.4930102516309413,0.5215311004784688
70,13,65,100000,100000,835,822,800,803,0.5,0.5143651529193698,0.5344619105199516
70,13,66,100000,100000,762,786,789,785,0.5,0.5090361445783133,0.48894348894348894
70,13,67,100000,100000,820,795,791,803,0.5,0.49474689589302767,0.4704463208685163
70,13,68,100000,100000,757,752,800,788,0.5,0.4797979797979798,0.4601449275362319
70,13,69,100000,100000,761,816,781,782,0.5,0.4806201550387597,0.4667487684729064
70,13,70,100000,100000,781,798,800,799,0.5,0.5,0.4784172661870504
70,13,71,100000,100000,777,805,792,794,0.5,0.48995215311004786,0.5121359223300971
70,13,72,100000,100000,782,750,803,801,0.5,0.4940944881889764,0.48739495798319327
70,13,73,100000,100000,785,793,797,802,0.5,0.4866412213740458,0.48502994011976047
70,13,74,100000,100000,774,790,797,794,0.5,0.48166023166023164,0.5
70,13,75,100000,100000,794,824,786,798,0.5,0.49571020019065776,0.46237864077669905
70,13,76,100000,100000,825,818,788,789,0.5,0.5159474671669794,0.49326805385556916
70,13,77,100000,100000,786,782,801,800,0.5,0.49423076923076925,0.5012019230769231
70,13,78,100000,100000,778,752,795,795,0.5,0.4886922320550639,0.4975903614457831
70,13,79,100000,100000,777,796,787,800,0.5,0.505324298160697,0.4824242424242424
70,13,80,100000,100000,783,767,800,804,0.5,0.5089285714285714,0.49038461538461536
70,13,81,100000,100000,796,825,812,803,0.5,0.49223300970873785,0.4970202622169249
70,13,82,100000,100000,808,835,796,806,0.5,0.5282296650717704,0.5441354292623942
70,13,83,100000,100000,774,772,814,821,0.5,0.5073746312684366,0.500587544065805
70,13,84,100000,100000,804,757,800,798,0.5,0.527693856998993,0.48263473053892214
70,13,85,100000,100000,793,808,811,806,0.5,0.517274472168906,0.5143198090692124
70,13,86,100000,100000,793,817,791,792,0.5,0.4680038204393505,0.5006075334143378
70,13,87,100000,100000,781,824,799,796,0.5,0.4667300380228137,0.4738760631834751
70,13,88,100000,100000,817,805,803,800,0.5,0.492619926199262,0.49106078665077474
70,13,89,100000,100000,832,824,787,794,0.5,0.4936131386861314,0.4823386114494519
70,13,90,100000,100000,844,812,803,800,0.5,0.47893772893772896,0.4910394265232975
70,13,91,100000,100000,785,820,793,791,0.5,0.5167464114832536,0.5312883435582823
70,13,92,100000,100000,797,788,790,791,0.5,0.5206929740134745,0.5152998776009792
70,13,93,100000,100000,789,778,797,796,0.5,0.512621359223301,0.5236938031591738
70,13,94,100000,100000,813,802,797,799,0.5,0.5070688030160226,0.5024271844660194
70,13,95,100000,100000,803,818,786,794,0.5,0.4779342723004695,0.45696969696969697
70,13,96,100000,100000,810,809,791,797,0.5,0.49299719887955185,0.5127582017010935
70,13,97,100000,100000,750,735,797,806,0.5,0.5092402464065708,0.5
70,13,98,100000,100000,785,769,790,793,0.5,0.5132482826300294,0.49938800489596086
70,13,99,100000,100000,791,780,799,800,0.5,0.4744318181818182,0.4975845410628019
70,14,0,100000,100000,752,768,798,798,0.5,0.49064039408866994,0.4620024125452352
70,14,1,100000,100000,824,818,793,792,0.5,0.5342723004694836,0.518925518925519
70,14,2,100000,100000,825,802,799,803,0.5,0.5066666666666667,0.5322195704057279
70,14,3,100000,100000,782,783,806,806,0.5,0.4918970448045758,0.5
70,14,4,100000,100000,733,798,793,797,0.5,0.49133537206931704,0.5204819277108433
70,14,5,100000,100000,766,790,793,789,0.5,0.5283582089552239,0.4915458937198068
70,14,6,100000,100000,791,780,793,783,0.5,0.5174418604651163,0.49877750611246946
70,14,7,100000,100000,760,757,784,786,0.5,0.4945705824284304,0.5024509803921569
70,14,8,100000,100000,807,788,800,808,0.5,0.5227053140096618,0.5251798561151079
70,14,9,100000,100000,788,791,798,801,0.5,0.506416584402764,0.4952038369304556
70,14,10,100000,100000,783,749,781,794,0.5,0.4626576139670223,0.49507389162561577
70,14,11,100000,100000,805,804,792,780,0.5,0.49575070821529743,0.5215782983970407
70,14,12,100000,100000,790,788,808,804,0.5,0.4904214559386973,0.48448687350835323
70,14,13,100000,100000,755,760,796,802,0.5,0.5096642929806714,0.5018094089264173
70,14,14,100000,100000,820,785,807,808,0.5,0.5009398496240601,0.48495788206979545
70,14,15,100000,100000,780,778,784,795,0.5,0.4980392156862745,0.48284313725490197
70,14,16,100000,100000,804,782,811,806,0.5,0.5043562439496612,0.5095693779904307
70,14,17,100000,100000,816,812,787,785,0.5,0.48333333333333334,0.5
70,14,18,100000,100000,834,791,798,821,0.5,0.5130434782608696,0.5338078291814946
70,14,19,100000,100000,807,813,807,814,0.5,0.4780621572212066,0.4915458937198068
70,14,20,100000,100000,752,773,807,810,0.5,0.4955134596211366,0.5
70,14,21,100000,100000,799,800,790,788,0.5,0.46875,0.4823815309842041
70,14,22,100000,100000,785,786,799,792,0.5,0.5283757338551859,0.5024213075060533
70,14,23,100000,100000,777,788,801,800,0.5,0.5121477162293488,0.5060532687651331
70,14,24,100000,100000,789,793,789,789,0.5,0.4900473933649289,0.49695493300852617
70,14,25,100000,100000,791,798,784,789,0.5,0.5230769230769231,0.49135802469135803
70,14,26,100000,100000,792,830,791,787,0.5,0.5466143277723258,0.5214723926380368
70,14,27,100000,100000,768,750,806,802,0.5,0.5137055837563452,0.49522673031026254
70,14,28,100000,100000,770,788,803,798,0.5,0.49466537342386036,0.5072115384615384
70,14,29,100000,100000,825,809,786,788,0.5,0.5135895032802249,0.530209617755857
70,14,30,100000,100000,833,806,793,779,0.5,0.4922232387923147,0.504950495049505
70,14,31,100000,100000,750,754,787,797,0.5,0.48997995991983967,0.48902439024390243
70,14,32,100000,100000,776,776,803,819,0.5,0.50730282375852,0.48510131108462456
70,14,33,100000,100000,801,804,799,794,0.5,0.5104562737642585,0.4854721549636804
70,14,34,100000,100000,788,796,799,794,0.5,0.49616858237547895,0.5060532687651331
70,14,35,100000,100000,788,778,815,808,0.5,0.5113974231912785,0.5047619047619047
70,14,36,100000,100000,790,802,794,789,0.5,0.5077519379844961,0.5279126213592233
70,14,37,100000,100000,818,788,792,787,0.5,0.5146641438032167,0.5073170731707317
70,14,38,100000,100000,747,787,793,799,0.5,0.5075987841945289,0.513317191283293
70,14,39,100000,100000,776,770,814,814,0.5,0.505940594059406,0.491725768321513
70,14,40,100000,100000,833,819,803,792,0.5,0.48942042318307266,0.5042527339003645
70,14,41,100000,100000,766,778,791,810,0.5,0.4755980861244019,0.49516908212560384
70,14,42,100000,100000,802,811,801,795,0.5,0.49068901303538176,0.4659498207885305
70,14,43,100000,100000,789,769,792,794,0.5,0.4956268221574344,0.5085158150851582
70,14,44,100000,100000,783,811,795,798,0.5,0.4780952380952381,0.503037667071689
70,14,45,100000,100000,773,772,804,789,0.5,0.5084915084915085,0.4873341375150784
70,14,46,100000,100000,765,792,805,793,0.5,0.5242018537590113,0.5351089588377724
70,14,47,100000,100000,778,766,789,782,0.5,0.5191146881287726,0.5037037037037037
70,14,48,100000,100000,804,816,802,798,0.5,0.493862134088763,0.48668280871670705
70,14,49,100000,100000,850,820,808,800,0.5,0.4941069809610154,0.4767580452920143
70,14,50,100000,100000,813,841,788,796,0.5,0.518796992481203,0.539119804400978
70,14,51,100000,100000,807,798,817,806,0.5,0.48867924528301887,0.5011820330969267
70,14,52,100000,100000,791,785,809,808,0.5,0.4952015355086372,0.4898688915375447
70,14,53,100000,100000,803,808,796,791,0.5,0.4958217270194986,0.49390243902439024
70,14,54,100000,100000,811,785,807,799,0.5,0.508133971291866,0.49282296650717705
70,14,55,100000,100000,772,760,778,804,0.5,0.4933196300102775,0.5066991473812423
70,14,56,100000,100000,800,783,795,799,0.5,0.5301085883514314,0.5289855072463768
70,14,57,100000,100000,787,780,786,787,0.5,0.4841802492809204,0.46371463714637146
70,14,58,100000,100000,804,794,796,791,0.5,0.5133843212237094,0.4896969696969697
70,14,59,100000,100000,799,778,814,814,0.5,0.5024015369836695,0.5119047619047619
70,14,60,100000,100000,805,773,787,783,0.5,0.5033492822966508,0.4883148831488315
70,14,61,100000,100000,815,774,780,780,0.5,0.5033816425120773,0.5049627791563276
70,14,62,100000,100000,792,797,812,815,0.5,0.4835371589840075,0.46539379474940334
70,14,63,100000,100000,735,767,789,780,0.5,0.4857142857142857,0.49382716049382713
70,14,64,100000,100000,820,802,807,805,0.5,0.5037735849056604,0.49097472924187724
70,14,65,100000,100000,759,759,796,802,0.5,0.5084915084915085,0.5174488567990373
70,14,66,100000,100000,803,811,782,785,0.5,0.5160680529300568,0.5198019801980198
70,14,67,100000,100000,793,765,797,799,0.5,0.5119760479041916,0.5066505441354293
70,14,68,100000,100000,763,739,787,781,0.5,0.5163265306122449,0.4902200488997555
70,14,69,100000,100000,823,816,816,815,0.5,0.5158878504672897,0.4794841735052755
70,14,70,100000,100000,806,809,805,807,0.5,0.48874296435272047,0.49106078665077474
70,14,71,100000,100000,803,778,800,789,0.5,0.4789674952198853,0.48902439024390243
70,14,72,100000,100000,810,809,801,802,0.5,0.5221579961464354,0.5120192307692307
70,14,73,100000,100000,825,782,813,818,0.5,0.5113300492610837,0.534037558685446
70,14,74,100000,100000,733,728,802,814,0.5,0.5125523012552301,0.4845605700712589
70,14,75,100000,100000,792,782,794,796,0.5,0.49333333333333335,0.49515738498789347
70,14,76,100000,100000,768,774,794,798,0.5,0.5060483870967742,0.5006031363088058
70,14,77,100000,100000,819,781,812,802,0.5,0.480410447761194,0.5018050541516246
70,14,78,100000,100000,807,777,790,799,0.5,0.5048076923076923,0.48495788206979545
70,14,79,100000,100000,807,797,809,815,0.5,0.4888268156424581,0.4693396226415094
70,14,80,100000,100000,775,769,777,779,0.5,0.486,0.47191011235955055
70,14,81,100000,100000,782,773,802,797,0.5,0.4813039309683605,0.5018007202881153
70,14,82,100000,100000,829,797,787,790,0.5,0.4966634890371783,0.5349693251533743
70,14,83,100000,100000,817,805,784,795,0.5,0.5069897483690587,0.4883435582822086
70,14,84,100000,100000,793,824,805,804,0.5,0.4649042844120328,0.5249406175771971
70,14,85,100000,100000,786,784,800,786,0.5,0.49019607843137253,0.532043530834341
70,14,86,100000,100000,806,798,788,799,0.5,0.5077071290944123,0.5091799265605875
70,14,87,100000,100000,817,803,795,800,0.5,0.48600746268656714,0.49390243902439024
70,14,88,100000,100000,831,816,798,792,0.5,0.5118035882908404,0.5134146341463415
70,14,89,100000,100000,785,772,805,789,0.5,0.48661567877629064,0.46938775510204084
70,14,90,100000,100000,807,813,797,783,0.5,0.48987108655616945,0.4823386114494519
70,14,91,100000,100000,783,788,804,808,0.5,0.5067567567567568,0.4909963985594238
70,14,92,100000,100000,820,819,796,786,0.5,0.4692378328741965,0.4921212121212121
70,14,93,100000,100000,807,792,804,797,0.5,0.49670122525918947,0.5005988023952096
70,14,94,100000,100000,769,771,776,769,0.5,0.49252243270189433,0.5093632958801498
70,14,95,100000,100000,791,808,802,797,0.5,0.4971698113207547,0.49339735894357745
70,14,96,100000,100000,800,784,777,787,0.5,0.48897411313518696,0.4765432098765432
70,14,97,100000,100000,778,814,801,787,0.5,0.49032882011605416,0.5042424242424243
70,14,98,100000,100000,809,799,787,784,0.5,0.5220729366602687,0.4956949569495695
70,14,99,100000,100000,788,789,806,812,0.5,0.49857278782112274,0.48520710059171596
70,15,0,100000,100000,778,770,796,808,0.5,0.5,0.5065868263473053
70,15,1,100000,100000,793,802,815,799,0.5,0.47942583732057414,0.5041816009557945
70,15,2,100000,100000,840,829,797,790,0.5,0.5122615803814714,0.4897466827503016
70,15,3,100000,100000,786,780,819,808,0.5,0.5043562439496612,0.4788732394366197
70,15,4,100000,100000,816,826,793,790,0.5,0.48120989917506873,0.518925518925519
70,15,5,100000,100000,775,758,806,808,0.5,0.5368314833501514,0.5018007202881153
70,15,6,100000,100000,801,828,805,808,0.5,0.5046296296296297,0.4789915966386555
70,15,7,100000,100000,786,794,808,799,0.5,0.5263157894736842,0.5
70,15,8,100000,100000,819,772,793,797,0.5,0.49354518371400197,0.5145278450363197
70,15,9,100000,100000,800,802,789,794,0.5,0.5,0.5329268292682927
70,15,10,100000,100000,765,766,791,786,0.5,0.5292929292929293,0.5153374233128835
70,15,11,100000,100000,781,810,790,793,0.5,0.5053037608486017,0.5151883353584447
70,15,12,100000,100000,761,743,787,787,0.5,0.513874614594039,0.501840490797546
70,15,13,100000,100000,791,791,800,798,0.5,0.5004757373929591,0.5090036014405762
70,15,14,100000,100000,787,789,804,802,0.5,0.5442043222003929,0.5342136854741897
70,15,15,100000,100000,780,775,804,791,0.5,0.5225490196078432,0.5060532687651331
70,15,16,100000,100000,781,797,802,786,0.5,0.5354330708661418,0.4909090909090909
70,15,17,100000,100000,733,763,796,802,0.5,0.4944834503510532,0.4581818181818182
70,15,18,100000,100000,752,759,792,797,0.5,0.5020242914979757,0.4920828258221681
70,15,19,100000,100000,777,806,800,807,0.5,0.5175097276264592,0.49759615384615385
70,15,20,100000,100000,786,790,805,805,0.5,0.5240904621435595,0.5306122448979592
70,15,21,100000,100000,803,798,793,784,0.5,0.5166508087535681,0.5042630937880633
70,15,22,100000,100000,795,794,802,799,0.5,0.537864077669903,0.49759615384615385
70,15,23,100000,100000,791,800,796,802,0.5,0.49763481551561023,0.5006016847172082
70,15,24,100000,100000,840,811,793,794,0.5,0.5230479774223895,0.49454545454545457
70,15,25,100000,100000,741,764,802,804,0.5,0.4994974874371859,0.5
70,15,26,100000,100000,821,823,815,811,0.5,0.5037383177570094,0.49527186761229314
70,15,27,100000,100000,776,786,797,799,0.5,0.5092322643343051,0.5194174757281553
70,15,28,100000,100000,793,757,809,797,0.5,0.5019569471624267,0.5053763440860215
70,15,29,100000,100000,806,803,786,785,0.5,0.5014164305949008,0.49877750611246946
70,15,30,100000,100000,825,770,807,798,0.5,0.5184079601990049,0.532043530834341
70,15,31,100000,100000,785,766,803,805,0.5,0.5,0.5282791817087846
70,15,32,100000,100000,802,781,791,797,0.5,0.5140096618357488,0.4896969696969697
70,15,33,100000,100000,795,786,810,804,0.5,0.5093411996066863,0.49760191846522783
70,15,34,100000,100000,814,786,806,809,0.5,0.5319767441860465,0.5171597633136095
70,15,35,100000,100000,796,817,800,804,0.5,0.4952741020793951,0.4969987995198079
70,15,36,100000,100000,768,789,783,776,0.5,0.5049701789264414,0.5254027261462205
70,15,37,100000,100000,785,798,798,789,0.5,0.49427480916030536,0.520048602673147
70,15,38,100000,100000,753,769,803,810,0.5,0.49899396378269617,0.5017751479289941
70,15,39,100000,100000,775,767,790,779,0.5,0.5192497532082923,0.5278121137206427
70,15,40,100000,100000,790,815,801,794,0.5,0.49619771863117873,0.5230582524271845
70,15,41,100000,100000,794,806,803,796,0.5,0.47412199630314233,0.5144927536231884
70,15,42,100000,100000,786,793,783,789,0.5,0.501432664756447,0.4920049200492005
70,15,43,100000,100000,797,801,806,805,0.5,0.5164410058027079,0.4765906362545018
70,15,44,100000,100000,811,828,776,780,0.5,0.5111111111111111,0.5119196988707654
70,15,45,100000,100000,746,743,798,805,0.5,0.521025641025641,0.5191846522781774
70,15,46,100000,100000,816,785,804,803,0.5,0.510184287099903,0.5144927536231884
70,15,47,100000,100000,776,802,785,787,0.5,0.49904580152671757,0.4908200734394125
70,15,48,100000,100000,791,791,794,792,0.5,0.4933837429111531,0.5090689238210399
70,15,49,100000,100000,793,816,808,806,0.5,0.5056497175141242,0.5005945303210464
70,15,50,100000,100000,796,803,808,801,0.5,0.5274509803921569,0.49580838323353293
70,15,51,100000,100000,806,809,788,789,0.5,0.5066793893129771,0.48473748473748474
70,15,52,100000,100000,781,806,809,805,0.5,0.5024154589371981,0.4922526817640048
70,15,53,100000,100000,817,824,799,799,0.5,0.5069124423963134,0.48375451263537905
70,15,54,100000,100000,751,744,788,790,0.5,0.507172131147541,0.4852941176470588
70,15,55,100000,100000,798,787,803,805,0.5,0.48438978240302744,0.47023809523809523
70,15,56,100000,100000,797,809,808,802,0.5,0.5128449096098954,0.5202863961813843
70,15,57,100000,100000,823,830,784,779,0.5,0.47477477477477475,0.49815043156596794
70,15,58,100000,100000,783,760,778,789,0.5,0.4994994994994995,0.48951911220715166
70,15,59,100000,100000,758,775,816,813,0.5,0.5019762845849802,0.4780023781212842
70,15,60,100000,100000,809,799,805,815,0.5,0.5066162570888468,0.5
70,15,61,100000,100000,814,818,782,791,0.5,0.5200746965452848,0.5341463414634147
70,15,62,100000,100000,752,754,802,797,0.5,0.5229357798165137,0.5204326923076923
70,15,63,100000,100000,754,765,818,811,0.5,0.4765166340508806,0.49881516587677727
70,15,64,100000,100000,769,811,796,794,0.5,0.5098425196850394,0.4927536231884058
70,15,65,100000,100000,794,777,802,793,0.5,0.5299901671583087,0.5430303030303031
70,15,66,100000,100000,833,813,782,800,0.5,0.5048076923076923,0.5133495145631068
70,15,67,100000,100000,782,783,780,789,0.5,0.4909264565425024,0.4625766871165644
70,15,68,100000,100000,742,758,783,796,0.5,0.48088531187122735,0.4878345498783455
70,15,69,100000,100000,790,796,785,791,0.5,0.48536355051935787,0.4835164835164835
70,15,70,100000,100000,761,747,795,799,0.5,0.4944944944944945,0.4782608695652174
70,15,71,100000,100000,797,804,797,808,0.5,0.5080416272469253,0.475
70,15,72,100000,100000,779,801,804,798,0.5,0.5156555772994129,0.4988009592326139
70,15,73,100000,100000,787,761,813,828,0.5,0.5106598984771573,0.47995283018867924
70,15,74,100000,100000,779,774,799,807,0.5,0.4903660886319846,0.49406175771971494
70,15,75,100000,100000,754,772,787,796,0.5,0.4945919370698132,0.5232843137254902
70,15,76,100000,100000,750,746,794,793,0.5,0.5116751269035533,0.5078787878787879
70,15,77,100000,100000,772,797,791,795,0.5,0.47438330170777987,0.5042321644498187
70,15,78,100000,100000,766,796,810,808,0.5,0.500968992248062,0.4880382775119617
70,15,79,100000,100000,821,813,794,793,0.5,0.4967381174277726,0.5182038834951457
70,15,80,100000,100000,789,813,798,791,0.5,0.5145631067961165,0.524330900243309
70,15,81,100000,100000,840,801,807,805,0.5,0.5450191570881227,0.5526315789473685
70,15,82,100000,100000,800,795,800,795,0.5,0.4942857142857143,0.5306122448979592
70,15,83,100000,100000,793,788,805,805,0.5,0.5186274509803922,0.5131578947368421
70,15,84,100000,100000,779,798,791,791,0.5,0.5110896817743491,0.5189718482252142
70,15,85,100000,100000,750,778,819,811,0.5,0.49204771371769385,0.5179425837320574
70,15,86,100000,100000,757,775,797,793,0.5,0.5044422507403751,0.48848484848484847
70,15,87,100000,100000,822,783,808,811,0.5,0.49903846153846154,0.4940758293838863
70,15,88,100000,100000,819,796,819,802,0.5,0.5042816365366318,0.49523809523809526
70,15,89,100000,100000,774,780,796,790,0.5,0.5112414467253177,0.4824242424242424
70,15,90,100000,100000,770,751,808,810,0.5,0.5076923076923077,0.5077473182359953
70,15,91,100000,100000,804,808,805,792,0.5,0.5246376811594203,0.5012165450121655
70,15,92,100000,100000,788,808,784,793,0.5,0.48179271708683474,0.5042944785276073
70,15,93,100000,100000,802,802,794,786,0.5,0.5124282982791587,0.4828009828009828
70,15,94,100000,100000,784,812,798,787,0.5,0.5230618253189402,0.5024096385542168
70,15,95,100000,100000,768,775,798,796,0.5,0.5124626121635095,0.5298416565164433
70,15,96,100000,100000,795,818,788,800,0.5,0.48928238583411,0.5054678007290401
70,15,97,100000,100000,800,796,801,803,0.5,0.49952061361457334,0.5095693779904307
70,15,98,100000,100000,813,834,807,820,0.5,0.5150659133709982,0.5041224970553593
70,15,99,100000,100000,817,794,788,799,0.5,0.49952696310312206,0.5146699266503667
70,16,0,100000,100000,767,768,780,777,0.5,0.5040160642570282,0.48816936488169366
70,16,1,100000,100000,822,837,795,785,0.5,0.5036563071297989,0.5
70,16,2,100000,100000,786,805,814,816,0.5,0.5052430886558628,0.5242603550295858
70,16,3,100000,100000,778,770,811,784,0.5,0.490547263681592,0.5048076923076923
70,16,4,100000,100000,824,842,790,792,0.5,0.4727435210008937,0.4975609756097561
70,16,5,100000,100000,772,764,777,787,0.5,0.4749518304431599,0.4938423645320197
70,16,6,100000,100000,814,821,793,802,0.5,0.5093984962406015,0.5048309178743962
70,16,7,100000,100000,786,776,804,803,0.5,0.5004868549172347,0.4988066825775656
70,16,8,100000,100000,767,778,782,789,0.5,0.4652049571020019,0.48473748473748474
70,16,9,100000,100000,774,778,790,793,0.5,0.511219512195122,0.5115995115995116
70,16,10,100000,100000,822,810,807,796,0.5,0.5092764378478665,0.5095693779904307
70,16,11,100000,100000,792,786,795,792,0.5,0.5096153846153846,0.47784431137724553
70,16,12,100000,100000,818,834,793,798,0.5,0.4986276303751144,0.5150784077201448
70,16,13,100000,100000,775,782,806,794,0.5,0.48604427333974976,0.48502994011976047
70,16,14,100000,100000,785,803,791,785,0.5,0.4966442953020134,0.4627594627594628
70,16,15,100000,100000,783,773,788,791,0.5,0.5111111111111111,0.5269607843137255
70,16,16,100000,100000,828,847,785,811,0.5,0.5279560036663611,0.5078219013237064
70,16,17,100000,100000,829,815,782,782,0.5,0.5032139577594124,0.5012345679012346
70,16,18,100000,100000,797,751,778,798,0.5,0.49949031600407745,0.5097323600973236
70,16,19,100000,100000,808,819,802,798,0.5,0.5349514563106796,0.5054021608643458
70,16,20,100000,100000,814,793,803,796,0.5,0.49347014925373134,0.4892086330935252
70,16,21,100000,100000,820,795,776,780,0.5,0.4641544117647059,0.4628712871287129
70,16,22,100000,100000,823,777,812,798,0.5,0.5100095328884652,0.5203349282296651
70,16,23,100000,100000,813,829,793,796,0.5,0.5055452865064695,0.5078979343863913
70,16,24,100000,100000,777,771,784,784,0.5,0.4990118577075099,0.5136138613861386
70,16,25,100000,100000,818,789,782,788,0.5,0.48265895953757226,0.47116564417177914
70,16,26,100000,100000,780,792,798,801,0.5,0.4843601895734597,0.4862604540023895
70,16,27,100000,100000,814,820,790,787,0.5,0.48003714020427113,0.5024509803921569
70,16,28,100000,100000,795,808,794,787,0.5,0.4890788224121557,0.47762998790810157
70,16,29,100000,100000,818,849,777,775,0.5,0.4900900900900901,0.5031055900621118
70,16,30,100000,100000,778,791,808,796,0.5,0.49706457925636005,0.5150421179302046
70,16,31,100000,100000,813,772,793,799,0.5,0.5043394406943105,0.48668280871670705
70,16,32,100000,100000,803,755,806,796,0.5,0.4867517173699706,0.528415961305925
70,16,33,100000,100000,783,781,794,796,0.5,0.48946360153256707,0.491566265060241
70,16,34,100000,100000,778,765,806,809,0.5,0.48635477582846004,0.5195729537366548
70,16,35,100000,100000,775,776,811,798,0.5,0.5034414945919371,0.49522673031026254
70,16,36,100000,100000,750,768,790,796,0.5,0.49700598802395207,0.48668280871670705
70,16,37,100000,100000,768,805,789,793,0.5,0.483349191246432,0.5018359853121175
70,16,38,100000,100000,788,796,793,786,0.5,0.49053030303030304,0.4884287454323995
70,16,39,100000,100000,769,776,797,799,0.5,0.48446601941747575,0.4891826923076923
70,16,40,100000,100000,783,792,795,790,0.5,0.4937679769894535,0.4835164835164835
70,16,41,100000,100000,787,785,797,796,0.5,0.5014492753623189,0.4842233009708738
70,16,42,100000,100000,805,841,802,804,0.5,0.5160377358490567,0.5330132052821128
70,16,43,100000,100000,801,790,795,800,0.5,0.49107981220657276,0.46987951807228917
70,16,44,100000,100000,772,795,780,779,0.5,0.4773156899810964,0.5031210986267166
70,16,45,100000,100000,783,748,808,803,0.5,0.48685491723466406,0.48867699642431467
70,16,46,100000,100000,807,806,790,795,0.5,0.5014299332697807,0.5200974421437271
70,16,47,100000,100000,794,808,791,790,0.5,0.49719101123595505,0.4969400244798042
70,16,48,100000,100000,777,807,793,786,0.5,0.4947569113441373,0.5158924205378973
70,16,49,100000,100000,795,798,795,804,0.5,0.5043144774688398,0.5204819277108433
70,16,50,100000,100000,781,793,800,803,0.5,0.49230769230769234,0.5107398568019093
70,16,51,100000,100000,808,775,800,805,0.5,0.5042897998093422,0.511377245508982
70,16,52,100000,100000,792,746,806,797,0.5,0.5015136226034309,0.4946236559139785
70,16,53,100000,100000,788,787,798,792,0.5,0.4884393063583815,0.4800483675937122
70,16,54,100000,100000,827,796,795,794,0.5,0.4774193548387097,0.5036496350364964
70,16,55,100000,100000,769,771,791,791,0.5,0.48977604673807207,0.5230024213075061
70,16,56,100000,100000,784,783,800,806,0.5,0.5261083743842364,0.5120481927710844
70,16,57,100000,100000,794,771,801,807,0.5,0.5009784735812133,0.5228365384615384
70,16,58,100000,100000,759,753,792,794,0.5,0.5353121801432958,0.49693251533742333
70,16,59,100000,100000,762,767,798,798,0.5,0.5024582104228122,0.5054678007290401
70,16,60,100000,100000,749,747,799,789,0.5,0.5035246727089627,0.44323671497584544
70,16,61,100000,100000,777,794,788,801,0.5,0.5343811394891945,0.5085365853658537
70,16,62,100000,100000,822,813,800,807,0.5,0.4926062846580407,0.5408653846153846
70,16,63,100000,100000,810,831,795,785,0.5,0.49175824175824173,0.5
70,16,64,100000,100000,784,811,801,793,0.5,0.4980879541108987,0.4807692307692308
70,16,65,100000,100000,809,788,791,787,0.5,0.4927536231884058,0.5406403940886699
70,16,66,100000,100000,741,772,805,796,0.5,0.48940464177598386,0.4879807692307692
70,16,67,100000,100000,794,804,810,814,0.5,0.48801534036433364,0.4911452184179457
70,16,68,100000,100000,761,774,798,808,0.5,0.49157581764122893,0.4975903614457831
70,16,69,100000,100000,766,771,784,790,0.5,0.4946445959104187,0.5104551045510455
70,16,70,100000,100000,804,808,803,808,0.5,0.502803738317757,0.5112960760998811
70,16,71,100000,100000,768,797,796,800,0.5,0.5063913470993117,0.53437876960193
70,16,72,100000,100000,805,773,788,772,0.5,0.5004775549188156,0.4932182490752158
70,16,73,100000,100000,798,800,798,800,0.5,0.5004730368968779,0.46411483253588515
70,16,74,100000,100000,804,809,789,793,0.5,0.5070422535211268,0.5194647201946472
70,16,75,100000,100000,831,800,810,803,0.5,0.5171428571428571,0.4862932061978546
70,16,76,100000,100000,752,761,793,787,0.5,0.5004995004995005,0.5024330900243309
70,16,77,100000,100000,780,764,783,790,0.5,0.49154228855721394,0.4907749077490775
70,16,78,100000,100000,804,796,795,792,0.5,0.4797742238946378,0.4854014598540146
70,16,79,100000,100000,786,808,785,785,0.5,0.49530075187969924,0.5277435265104808
70,16,80,100000,100000,802,804,804,825,0.5,0.5208940719144801,0.47759433962264153
70,16,81,100000,100000,819,813,802,811,0.5,0.47536496350364965,0.4887039239001189
70,16,82,100000,100000,777,774,796,785,0.5,0.46962391513982643,0.5036407766990292
70,16,83,100000,100000,768,774,812,810,0.5,0.5043988269794721,0.48642266824085006
70,16,84,100000,100000,779,786,797,794,0.5,0.4960238568588469,0.5242718446601942
70,16,85,100000,100000,805,815,789,789,0.5,0.47878228782287824,0.4865853658536585
70,16,86,100000,100000,768,767,813,802,0.5,0.5004975124378109,0.49760765550239233
70,16,87,100000,100000,779,763,815,806,0.5,0.48352713178294576,0.46941176470588236
70,16,88,100000,100000,790,794,815,812,0.5,0.5090562440419447,0.4970691676436108
70,16,89,100000,100000,753,786,809,800,0.5,0.5158648925281474,0.5041816009557945
70,16,90,100000,100000,762,740,785,797,0.5,0.4884422110552764,0.5024449877750611
70,16,91,100000,100000,829,804,805,800,0.5,0.5093632958801498,0.51985559566787
70,16,92,100000,100000,778,776,806,809,0.5,0.5024390243902439,0.49047619047619045
70,16,93,100000,100000,798,802,784,785,0.5,0.5009523809523809,0.5012345679012346
70,16,94,100000,100000,778,790,801,805,0.5,0.4645222327341533,0.49700598802395207
70,16,95,100000,100000,764,755,805,794,0.5,0.5055499495459133,0.4861612515042118
70,16,96,100000,100000,803,820,790,795,0.5,0.4825964252116651,0.4543239951278928
70,16,97,100000,100000,802,789,793,794,0.5,0.4910292728989613,0.49696233292831105
70,16,98,100000,100000,785,789,819,822,0.5,0.4961612284069098,0.47330960854092524
70,16,99,100000,100000,764,755,781,796,0.5,0.5213414634146342,0.5060827250608273
70,17,0,100000,100000,759,759,782,802,0.5,0.4751219512195122,0.4721549636803874
70,17,1,100000,100000,876,853,794,800,0.5,0.5098743267504489,0.50661853188929
70,17,2,100000,100000,777,802,792,796,0.5,0.4818702290076336,0.532043530834341
70,17,3,100000,100000,779,767,786,794,0.5,0.4990118577075099,0.5060679611650486
70,17,4,100000,100000,830,804,815,809,0.5,0.4843304843304843,0.48448687350835323
70,17,5,100000,100000,769,790,795,792,0.5,0.5087209302325582,0.5036144578313253
70,17,6,100000,100000,789,807,794,801,0.5,0.523671497584541,0.5224787363304981
70,17,7,100000,100000,807,811,785,793,0.5,0.5274302213666987,0.5134803921568627
70,17,8,100000,100000,762,773,789,802,0.5,0.4892367906066536,0.4963592233009709
70,17,9,100000,100000,823,811,808,806,0.5,0.4739249771271729,0.47387173396674587
70,17,10,100000,100000,770,764,796,804,0.5,0.5064805583250249,0.5187424425634825
70,17,11,100000,100000,790,807,788,792,0.5,0.5175097276264592,0.5121359223300971
70,17,12,100000,100000,767,777,813,797,0.5,0.49204771371769385,0.5196662693682956
70,17,13,100000,100000,786,817,803,797,0.5,0.5138490926456543,0.49459783913565425
70,17,14,100000,100000,767,774,806,793,0.5,0.5049212598425197,0.5071942446043165
70,17,15,100000,100000,784,798,792,803,0.5,0.5090735434574976,0.4921402660217654
70,17,16,100000,100000,793,771,799,786,0.5,0.48574144486692017,0.5121359223300971
70,17,17,100000,100000,795,777,788,789,0.5,0.5177865612648221,0.4839901477832512
70,17,18,100000,100000,772,787,795,808,0.5,0.4760536398467433,0.4904534606205251
70,17,19,100000,100000,739,729,797,789,0.5,0.5293501048218029,0.5158536585365854
70,17,20,100000,100000,811,789,784,786,0.5,0.49614643545279385,0.48711656441717793
70,17,21,100000,100000,800,791,781,772,0.5,0.4832089552238806,0.5180124223602485
70,17,22,100000,100000,802,801,778,790,0.5,0.5353634577603144,0.515451174289246
70,17,23,100000,100000,786,765,790,780,0.5,0.48336594911937375,0.5061576354679803
70,17,24,100000,100000,802,793,785,774,0.5,0.478544776119403,0.5080545229244114
70,17,25,100000,100000,773,764,800,785,0.5,0.506429277942631,0.5310596833130329
70,17,26,100000,100000,814,828,785,794,0.5,0.501841620626151,0.5
70,17,27,100000,100000,804,795,799,793,0.5,0.4818941504178273,0.45893719806763283
70,17,28,100000,100000,811,810,807,815,0.5,0.5014111006585137,0.5219454329774614
70,17,29,100000,100000,764,777,796,803,0.5,0.5298804780876494,0.5012048192771085
70,17,30,100000,100000,768,734,798,788,0.5,0.5010060362173038,0.5024213075060533
70,17,31,100000,100000,761,755,806,798,0.5,0.48656716417910445,0.5095923261390888
70,17,32,100000,100000,780,772,811,807,0.5,0.5146771037181996,0.49760191846522783
70,17,33,100000,100000,798,817,790,800,0.5,0.49953051643192486,0.4830508474576271
70,17,34,100000,100000,804,789,811,819,0.5,0.4901593252108716,0.5334900117508813
70,17,35,100000,100000,744,784,804,810,0.5,0.5130260521042084,0.5077473182359953
70,17,36,100000,100000,786,791,788,812,0.5,0.5077220077220077,0.5125448028673835
70,17,37,100000,100000,803,805,804,800,0.5,0.4858490566037736,0.4952038369304556
70,17,38,100000,100000,769,789,781,785,0.5,0.5053554040895814,0.4715346534653465
70,17,39,100000,100000,805,778,800,794,0.5,0.5287128712871287,0.5127582017010935
70,17,40,100000,100000,801,774,788,792,0.5,0.5044074436826641,0.47566909975669097
70,17,41,100000,100000,768,764,811,800,0.5,0.5074775672981057,0.5
70,17,42,100000,100000,779,799,798,804,0.5,0.4917073170731707,0.5023980815347722
70,17,43,100000,100000,759,757,790,794,0.5,0.5094715852442672,0.5006075334143378
70,17,44,100000,100000,815,814,809,810,0.5,0.5060129509713228,0.4791418355184744
70,17,45,100000,100000,775,794,788,787,0.5,0.4917234664070107,0.4914004914004914
70,17,46,100000,100000,818,791,800,800,0.5,0.49616858237547895,0.4963680387409201
70,17,47,100000,100000,784,797,798,800,0.5,0.4917555771096023,0.48736462093862815
70,17,48,100000,100000,797,757,804,808,0.5,0.48238747553816047,0.46745562130177515
70,17,49,100000,100000,788,794,779,783,0.5,0.5228821811100293,0.519753086419753
70,17,50,100000,100000,796,777,793,808,0.5,0.5098039215686274,0.5078031212484994
70,17,51,100000,100000,773,750,797,800,0.5,0.48412698412698413,0.4830917874396135
70,17,52,100000,100000,788,756,796,790,0.5,0.5024485798237023,0.47878787878787876
70,17,53,100000,100000,816,799,785,784,0.5,0.4934086629001883,0.5
70,17,54,100000,100000,793,780,782,784,0.5,0.473583093179635,0.47911547911547914
70,17,55,100000,100000,801,754,785,787,0.5,0.470703125,0.4792176039119804
70,17,56,100000,100000,780,797,802,799,0.5,0.4867924528301887,0.49640287769784175
70,17,57,100000,100000,767,798,796,801,0.5,0.4960707269155206,0.5186972255729795
70,17,58,100000,100000,771,814,791,787,0.5,0.5024630541871922,0.47144592952612396
70,17,59,100000,100000,759,761,798,792,0.5,0.4974974974974975,0.5271411338962606
70,17,60,100000,100000,785,773,803,811,0.5,0.4912451361867704,0.4915254237288136
70,17,61,100000,100000,795,800,786,784,0.5,0.5004757373929591,0.48641975308641977
70,17,62,100000,100000,810,804,816,805,0.5,0.5085066162570888,0.5106382978723404
70,17,63,100000,100000,747,747,787,795,0.5,0.47813121272365805,0.5176184690157959
70,17,64,100000,100000,787,779,799,799,0.5,0.4824644549763033,0.5090036014405762
70,17,65,100000,100000,800,788,800,810,0.5,0.5072886297376094,0.4982078853046595
70,17,66,100000,100000,739,742,796,789,0.5,0.4759519038076152,0.5078979343863913
70,17,67,100000,100000,842,829,788,790,0.5,0.4932249322493225,0.4841463414634146
70,17,68,100000,100000,806,828,810,814,0.5,0.5085877862595419,0.4970484061393152
70,17,69,100000,100000,840,835,793,804,0.5,0.5125581395348837,0.4867149758454106
70,17,70,100000,100000,816,803,795,794,0.5,0.5169811320754717,0.5218446601941747
70,17,71,100000,100000,792,812,796,798,0.5,0.4711895910780669,0.47578692493946734
70,17,72,100000,100000,778,781,798,810,0.5,0.503448275862069,0.5011961722488039
70,17,73,100000,100000,799,822,804,802,0.5,0.4720670391061452,0.4696066746126341
70,17,74,100000,100000,800,794,805,813,0.5,0.4895833333333333,0.48989298454221164
70,17,75,100000,100000,766,771,790,796,0.5,0.5093780848963475,0.48964677222898906
70,17,76,100000,100000,787,789,787,784,0.5,0.49221789883268485,0.47671568627450983
70,17,77,100000,100000,795,777,813,810,0.5,0.5029296875,0.5095238095238095
70,17,78,100000,100000,758,774,804,808,0.5,0.5293522267206477,0.5313253012048192
70,17,79,100000,100000,795,776,810,793,0.5,0.5,0.5096153846153846
70,17,80,100000,100000,788,779,787,793,0.5,0.49032882011605416,0.47868453105968334
70,17,81,100000,100000,788,777,796,791,0.5,0.499,0.5012106537530266
70,17,82,100000,100000,799,805,790,787,0.5,0.5147478591817317,0.47980416156670747
70,17,83,100000,100000,803,827,802,803,0.5,0.5123574144486692,0.513126491646778
70,17,84,100000,100000,804,800,790,802,0.5,0.4933837429111531,0.5060532687651331
70,17,85,100000,100000,815,758,805,803,0.5,0.48292682926829267,0.4988095238095238
70,17,86,100000,100000,813,808,806,798,0.5,0.4793621013133208,0.49939975990396157
70,17,87,100000,100000,787,801,803,805,0.5,0.49238095238095236,0.4958283671036949
70,17,88,100000,100000,761,787,811,797,0.5,0.48717948717948717,0.49221556886227547
70,17,89,100000,100000,795,797,800,800,0.5,0.5194931773879142,0.5240963855421686
70,17,90,100000,100000,784,748,792,796,0.5,0.47445972495088407,0.4963592233009709
70,17,91,100000,100000,777,764,813,822,0.5,0.5020040080160321,0.5129716981132075
70,17,92,100000,100000,790,773,792,801,0.5,0.502410800385728,0.516867469879518
70,17,93,100000,100000,800,799,789,800,0.5,0.4990494296577947,0.47578692493946734
70,17,94,100000,100000,802,776,794,791,0.5,0.4976122254059217,0.5201465201465202
70,17,95,100000,100000,744,782,802,814,0.5,0.5287958115183246,0.5247641509433962
70,17,96,100000,100000,827,811,794,797,0.5,0.5023084025854109,0.4963680387409201
70,17,97,100000,100000,746,738,803,802,0.5,0.5010224948875256,0.4963855421686747
70,17,98,100000,100000,793,782,803,794,0.5,0.5024533856722276,0.50661853188929
70,17,99,100000,100000,803,791,798,800,0.5,0.5096153846153846,0.4879807692307692
70,18,0,100000,100000,766,750,786,785,0.5,0.4836471754212091,0.5335775335775336
70,18,1,100000,100000,823,802,793,783,0.5,0.49907235621521334,0.5073710073710074
70,18,2,100000,100000,790,800,798,796,0.5,0.4995278564683664,0.5241545893719807
70,18,3,100000,100000,790,824,805,805,0.5,0.5110047846889952,0.5
70,18,4,100000,100000,789,779,789,789,0.5,0.5419615773508595,0.5018450184501845
70,18,5,100000,100000,790,778,784,783,0.5,0.5270935960591133,0.48891625615763545
70,18,6,100000,100000,794,790,791,794,0.5,0.49242424242424243,0.5188794153471377
70,18,7,100000,100000,773,746,799,786,0.5,0.4945812807881773,0.4945188794153471
70,18,8,100000,100000,779,759,813,814,0.5,0.5248015873015873,0.5160142348754448
70,18,9,100000,100000,793,788,780,789,0.5,0.5033621517771374,0.5037037037037037
70,18,10,100000,100000,804,813,798,798,0.5,0.49168207024029575,0.49031476997578693
70,18,11,100000,100000,794,801,800,808,0.5,0.5058708414872799,0.5227817745803357
70,18,12,100000,100000,794,771,801,799,0.5,0.5201970443349754,0.5120192307692307
70,18,13,100000,100000,790,801,795,801,0.5,0.5123809523809524,0.4921968787515006
70,18,14,100000,100000,820,806,788,792,0.5,0.4957983193277311,0.49572649572649574
70,18,15,100000,100000,777,784,808,804,0.5,0.5053140096618357,0.48564593301435405
70,18,16,100000,100000,795,807,802,794,0.5,0.5033492822966508,0.47165259348612787
70,18,17,100000,100000,808,790,788,794,0.5,0.5052631578947369,0.49148418491484186
70,18,18,100000,100000,758,801,801,787,0.5,0.4835820895522388,0.4788391777509069
70,18,19,100000,100000,853,846,802,799,0.5,0.5123287671232877,0.4994011976047904
70,18,20,100000,100000,815,805,791,799,0.5,0.4795158286778399,0.4909090909090909
70,18,21,100000,100000,831,829,796,792,0.5,0.5211665098777046,0.49391727493917276
70,18,22,100000,100000,778,779,798,787,0.5,0.49707602339181284,0.5121065375302664
70,18,23,100000,100000,771,756,799,810,0.5,0.48481880509304603,0.5377245508982036
70,18,24,100000,100000,779,801,794,795,0.5,0.5169409486931268,0.5236938031591738
70,18,25,100000,100000,754,766,814,811,0.5,0.5029880478087649,0.5197132616487455
70,18,26,100000,100000,767,785,807,817,0.5,0.49852216748768474,0.47820965842167257
70,18,27,100000,100000,779,770,802,801,0.5,0.5029761904761905,0.5084541062801933
70,18,28,100000,100000,789,806,793,810,0.5,0.48826291079812206,0.486810551558753
70,18,29,100000,100000,802,786,821,812,0.5,0.48390243902439023,0.525564803804994
70,18,30,100000,100000,794,774,791,779,0.5,0.5077071290944123,0.5105067985166872
70,18,31,100000,100000,770,803,810,807,0.5,0.5108695652173914,0.5332527206771464
70,18,32,100000,100000,814,785,790,794,0.5,0.519193857965451,0.4889975550122249
70,18,33,100000,100000,808,808,789,794,0.5,0.48117539026629935,0.4908424908424908
70,18,34,100000,100000,813,800,801,798,0.5,0.503780718336484,0.4951807228915663
70,18,35,100000,100000,828,813,779,783,0.5,0.4863849765258216,0.4883148831488315
70,18,36,100000,100000,838,799,791,796,0.5,0.4930875576036866,0.5024213075060533
70,18,37,100000,100000,764,796,790,799,0.5,0.47784200385356457,0.5157766990291263
70,18,38,100000,100000,827,822,801,805,0.5,0.49229374433363554,0.4916267942583732
70,18,39,100000,100000,797,786,796,801,0.5,0.4990328820116054,0.4958283671036949
70,18,40,100000,100000,805,818,794,796,0.5,0.4986098239110287,0.48477466504263095
70,18,41,100000,100000,788,782,797,792,0.5,0.5145348837209303,0.4842233009708738
70,18,42,100000,100000,808,827,825,820,0.5,0.5064575645756457,0.5238095238095238
70,18,43,100000,100000,829,824,789,791,0.5,0.5069380203515264,0.4908424908424908
70,18,44,100000,100000,758,778,793,788,0.5,0.5025227043390514,0.49938800489596086
70,18,45,100000,100000,823,820,786,800,0.5,0.5097674418604651,0.5109756097560976
70,18,46,100000,100000,812,832,801,811,0.5,0.4890710382513661,0.4928571428571429
70,18,47,100000,100000,789,781,802,804,0.5,0.5068627450980392,0.5281437125748503
70,18,48,100000,100000,833,784,787,783,0.5,0.5053346265761397,0.5
70,18,49,100000,100000,813,782,788,798,0.5,0.4966378482228626,0.49818181818181817
70,18,50,100000,100000,786,790,794,795,0.5,0.4814462416745956,0.4620938628158845
70,18,51,100000,100000,789,782,806,810,0.5,0.49375600384245916,0.49170616113744076
70,18,52,100000,100000,769,792,784,788,0.5,0.5038986354775828,0.528395061728395
70,18,53,100000,100000,790,789,790,785,0.5,0.4932562620423892,0.4993909866017052
70,18,54,100000,100000,799,757,766,773,0.5,0.4995004995004995,0.5
70,18,55,100000,100000,807,803,803,795,0.5,0.48417132216014896,0.4981949458483754
70,18,56,100000,100000,811,804,801,810,0.5,0.48450704225352115,0.47494033412887826
70,18,57,100000,100000,830,816,789,803,0.5,0.48680618744313015,0.4763636363636364
70,18,58,100000,100000,806,774,803,805,0.5,0.5081184336198663,0.4904306220095694
70,18,59,100000,100000,805,804,800,796,0.5,0.4958139534883721,0.5235792019347038
70,18,60,100000,100000,781,773,803,799,0.5,0.5019455252918288,0.5222623345367028
70,18,61,100000,100000,786,760,797,794,0.5,0.4801587301587302,0.4975786924939467
70,18,62,100000,100000,795,760,799,801,0.5,0.48880233690360275,0.4891826923076923
70,18,63,100000,100000,809,810,793,806,0.5,0.5235350624399616,0.5389221556886228
70,18,64,100000,100000,804,806,806,812,0.5,0.5136406396989652,0.5077288941736029
70,18,65,100000,100000,755,753,804,792,0.5,0.50199203187251,0.4975845410628019
70,18,66,100000,100000,780,778,795,795,0.5,0.5202769535113749,0.49878048780487805
70,18,67,100000,100000,798,772,786,800,0.5,0.48694779116465864,0.48848484848484847
70,18,68,100000,100000,753,776,792,791,0.5,0.4877571008814887,0.4733009708737864
70,18,69,100000,100000,780,767,807,815,0.5,0.474155069582505,0.5117924528301887
70,18,70,100000,100000,764,769,808,799,0.5,0.4878048780487805,0.5066026410564226
70,18,71,100000,100000,791,792,804,803,0.5,0.5014272121788773,0.513189448441247
70,18,72,100000,100000,810,792,822,830,0.5,0.5159112825458052,0.482311320754717
70,18,73,100000,100000,775,764,807,804,0.5,0.4891518737672584,0.5095238095238095
70,18,74,100000,100000,769,794,804,799,0.5,0.501984126984127,0.47878787878787876
70,18,75,100000,100000,784,820,799,791,0.5,0.5116504854368932,0.5176184690157959
70,18,76,100000,100000,791,795,805,808,0.5,0.49097815764482433,0.5190023752969121
70,18,77,100000,100000,783,772,804,793,0.5,0.49373191899710706,0.5006002400960384
70,18,78,100000,100000,764,754,806,820,0.5,0.511340206185567,0.5076741440377804
70,18,79,100000,100000,802,803,791,773,0.5,0.4851390220517737,0.4783683559950556
70,18,80,100000,100000,823,823,814,808,0.5,0.5308411214953271,0.5130023640661938
70,18,81,100000,100000,794,806,799,797,0.5,0.48507462686567165,0.46347305389221555
70,18,82,100000,100000,788,814,783,790,0.5,0.4886578449905482,0.4901234567901235
70,18,83,100000,100000,783,771,819,807,0.5,0.5039138943248532,0.49819927971188477
70,18,84,100000,100000,821,828,789,789,0.5,0.47377938517179025,0.4831730769230769
70,18,85,100000,100000,811,805,812,806,0.5,0.4930102516309413,0.5059665871121718
70,18,86,100000,100000,764,786,787,792,0.5,0.503883495145631,0.5158150851581509
70,18,87,100000,100000,797,792,793,787,0.5,0.49763481551561023,0.4779951100244499
70,18,88,100000,100000,802,804,795,792,0.5,0.5156993339676499,0.510353227771011
70,18,89,100000,100000,765,801,796,800,0.5,0.49654491609081935,0.5119617224880383
70,18,90,100000,100000,802,802,778,781,0.5,0.5042816365366318,0.49445129469790383
70,18,91,100000,100000,740,754,784,787,0.5,0.502020202020202,0.5018495684340321
70,18,92,100000,100000,785,796,795,799,0.5,0.5139826422372228,0.5006031363088058
70,18,93,100000,100000,798,794,803,804,0.5,0.5,0.5137724550898204
70,18,94,100000,100000,793,804,773,782,0.5,0.47830188679245284,0.4882860665844636
70,18,95,100000,100000,796,782,802,816,0.5,0.4833984375,0.5172824791418356
70,18,96,100000,100000,822,824,813,817,0.5,0.5105990783410138,0.548926014319809
70,18,97,100000,100000,824,775,787,786,0.5,0.5076923076923077,0.49570552147239266
70,18,98,100000,100000,805,808,807,809,0.5,0.5241312741312741,0.5
70,18,99,100000,100000,786,794,794,803,0.5,0.4740321057601511,0.4801920768307323
70,19,0,100000,100000,802,815,802,797,0.5,0.47412199630314233,0.4993939393939394
70,19,1,100000,100000,775,801,799,789,0.5,0.49468599033816424,0.5054545454545455
70,19,2,100000,100000,807,802,806,801,0.5,0.5134099616858238,0.5138721351025332
70,19,3,100000,100000,813,812,790,786,0.5,0.48029330889092575,0.46246973365617433
70,19,4,100000,100000,788,818,786,806,0.5,0.5176358436606292,0.5012165450121655
70,19,5,100000,100000,842,829,794,785,0.5,0.5152073732718894,0.5098280098280098
70,19,6,100000,100000,793,821,805,806,0.5,0.49154135338345867,0.49401913875598086
70,19,7,100000,100000,802,802,812,808,0.5,0.48739495798319327,0.5017878426698451
70,19,8,100000,100000,801,792,815,807,0.5,0.5019011406844106,0.4839476813317479
70,19,9,100000,100000,746,752,812,818,0.5,0.5391849529780565,0.5105882352941177
70,19,10,100000,100000,777,797,772,778,0.5,0.4937076476282672,0.5018587360594795
70,19,11,100000,100000,799,818,772,774,0.5,0.49714828897338403,0.48120300751879697
70,19,12,100000,100000,819,830,795,800,0.5,0.5137867647058824,0.4788391777509069
70,19,13,100000,100000,812,824,818,798,0.5,0.49575070821529743,0.5136417556346382
70,19,14,100000,100000,757,756,800,793,0.5,0.5265848670756647,0.4939613526570048
70,19,15,100000,100000,770,762,787,798,0.5,0.49950347567030784,0.4576271186440678
70,19,16,100000,100000,775,751,796,808,0.5,0.49688796680497926,0.48263473053892214
70,19,17,100000,100000,807,816,786,789,0.5,0.4596330275229358,0.4817961165048544
70,19,18,100000,100000,768,774,805,808,0.5,0.5,0.498220640569395
70,19,19,100000,100000,819,778,806,804,0.5,0.4985507246376812,0.5191846522781774
70,19,20,100000,100000,753,753,793,801,0.5,0.48454636091724823,0.49097472924187724
70,19,21,100000,100000,783,798,800,808,0.5,0.4688372093023256,0.48095238095238096
70,19,22,100000,100000,819,808,805,797,0.5,0.529467680608365,0.5138387484957883
70,19,23,100000,100000,761,774,796,797,0.5,0.5388496468213926,0.5066828675577156
70,19,24,100000,100000,794,807,782,789,0.5,0.4732313575525813,0.47413793103448276
70,19,25,100000,100000,756,778,793,802,0.5,0.5175175175175175,0.48622754491017967
70,19,26,100000,100000,790,762,786,789,0.5,0.531062124248497,0.5079754601226993
70,19,27,100000,100000,858,864,798,802,0.5,0.5013100436681223,0.4830917874396135
70,19,28,100000,100000,848,798,812,812,0.5,0.49906890130353815,0.501187648456057
70,19,29,100000,100000,807,771,798,797,0.5,0.48427073403241183,0.4820574162679426
70,19,30,100000,100000,777,770,801,800,0.5,0.49311023622047245,0.4891566265060241
70,19,31,100000,100000,763,780,798,803,0.5,0.5321285140562249,0.4988038277511962
70,19,32,100000,100000,820,819,828,816,0.5,0.525233644859813,0.5117924528301887
70,19,33,100000,100000,764,782,798,816,0.5,0.5004878048780488,0.4952038369304556
70,19,34,100000,100000,774,765,804,805,0.5,0.5024582104228122,0.4839476813317479
70,19,35,100000,100000,797,772,797,789,0.5,0.4980276134122288,0.45652173913043476
70,19,36,100000,100000,761,784,800,795,0.5,0.48659384309831183,0.47716346153846156
70,19,37,100000,100000,797,796,799,793,0.5,0.5028462998102466,0.5314769975786925
70,19,38,100000,100000,808,798,799,798,0.5,0.503780718336484,0.5182038834951457
70,19,39,100000,100000,817,787,810,795,0.5,0.534167468719923,0.5047961630695443
70,19,40,100000,100000,799,818,802,803,0.5,0.4985808893093661,0.5180722891566265
70,19,41,100000,100000,780,751,809,812,0.5,0.4892086330935252,0.4816568047337278
70,19,42,100000,100000,774,746,798,802,0.5,0.4874874874874875,0.5175332527206772
70,19,43,100000,100000,856,839,794,786,0.5,0.5284403669724771,0.5115712545676004
70,19,44,100000,100000,769,770,810,806,0.5,0.5130522088353414,0.47810650887573963
70,19,45,100000,100000,752,765,816,817,0.5,0.4930966469428008,0.5217903415783275
70,19,46,100000,100000,829,821,810,815,0.5,0.510757717492984,0.5059241706161137
70,19,47,100000,100000,790,796,819,808,0.5,0.4847328244274809,0.5194805194805194
70,19,48,100000,100000,862,838,789,789,0.5,0.504941599281222,0.5098039215686274
70,19,49,100000,100000,789,759,809,808,0.5,0.49292929292929294,0.4755077658303465
70,19,50,100000,100000,788,800,787,799,0.5,0.4985754985754986,0.5042527339003645
70,19,51,100000,100000,784,785,821,809,0.5,0.5138613861386139,0.5153664302600472
70,19,52,100000,100000,771,768,802,814,0.5,0.49902534113060426,0.5348557692307693
70,19,53,100000,100000,797,829,805,810,0.5,0.5042573320719016,0.501187648456057
70,19,54,100000,100000,794,794,801,796,0.5,0.49809160305343514,0.4916267942583732
70,19,55,100000,100000,796,772,801,800,0.5,0.5164728682170543,0.49401913875598086
70,19,56,100000,100000,781,789,795,798,0.5,0.4951550387596899,0.49334945586457074
70,19,57,100000,100000,758,778,810,803,0.5,0.5251282051282051,0.5218446601941747
70,19,58,100000,100000,803,815,804,787,0.5,0.5261158594491928,0.5389294403892944
70,19,59,100000,100000,802,821,809,810,0.5,0.5046468401486989,0.5167464114832536
70,19,60,100000,100000,803,788,804,797,0.5,0.5242814667988107,0.5072289156626506
70,19,61,100000,100000,844,853,807,811,0.5,0.49119718309859156,0.4647550776583035
70,19,62,100000,100000,823,827,793,792,0.5,0.5023212627669452,0.47451456310679613
70,19,63,100000,100000,767,782,794,801,0.5,0.49612403100775193,0.4855072463768116
70,19,64,100000,100000,744,771,781,795,0.5,0.4955134596211366,0.5164433617539586
70,19,65,100000,100000,778,763,797,792,0.5,0.5168986083499006,0.5435582822085889
70,19,66,100000,100000,808,810,795,795,0.5,0.5060804490177736,0.5012135922330098
70,19,67,100000,100000,846,858,791,788,0.5,0.504950495049505,0.4956843403205919
70,19,68,100000,100000,759,748,789,793,0.5,0.505711318795431,0.5110294117647058
70,19,69,100000,100000,800,789,800,798,0.5,0.492725509214355,0.48492159227985526
70,19,70,100000,100000,780,788,815,813,0.5,0.5033751205400193,0.5083732057416268
70,19,71,100000,100000,809,793,802,799,0.5,0.49902912621359224,0.4830917874396135
70,19,72,100000,100000,820,774,791,776,0.5,0.49271137026239065,0.4889975550122249
70,19,73,100000,100000,802,802,798,800,0.5,0.5070955534531694,0.48375451263537905
70,19,74,100000,100000,826,825,791,794,0.5,0.51007326007326,0.49755501222493886
70,19,75,100000,100000,784,789,795,789,0.5,0.4923224568138196,0.5060679611650486
70,19,76,100000,100000,788,765,793,796,0.5,0.49229287090558765,0.4903614457831325
70,19,77,100000,100000,774,762,787,787,0.5,0.47482724580454094,0.4810744810744811
70,19,78,100000,100000,805,787,804,794,0.5,0.49951503394762364,0.5132530120481927
70,19,79,100000,100000,806,846,799,818,0.5,0.5451127819548872,0.5548926014319809
70,19,80,100000,100000,757,754,787,778,0.5,0.5,0.48451053283767037
70,19,81,100000,100000,790,781,798,792,0.5,0.5062560153994226,0.5284848484848484
70,19,82,100000,100000,775,803,797,795,0.5,0.48443579766536965,0.47336561743341404
70,19,83,100000,100000,779,773,800,803,0.5,0.5102840352595495,0.5150421179302046
70,19,84,100000,100000,792,777,790,791,0.5,0.484027105517909,0.49148418491484186
70,19,85,100000,100000,757,777,790,791,0.5,0.5254745254745254,0.51338199513382
70,19,86,100000,100000,770,760,784,789,0.5,0.5054835493519442,0.5171149144254279
70,19,87,100000,100000,799,780,801,817,0.5,0.49282296650717705,0.5047281323877069
70,19,88,100000,100000,800,815,802,803,0.5,0.4782608695652174,0.5036319612590799
70,19,89,100000,100000,830,823,798,789,0.5,0.49587534372135655,0.46987951807228917
70,19,90,100000,100000,777,797,803,801,0.5,0.5049019607843137,0.4969843184559711
70,19,91,100000,100000,787,792,786,782,0.5,0.4846449136276392,0.4907292954264524
70,19,92,100000,100000,786,792,798,794,0.5,0.48695652173913045,0.4927710843373494
70,19,93,100000,100000,816,764,787,791,0.5,0.5054294175715696,0.5006105006105006
70,19,94,100000,100000,796,794,791,793,0.5,0.4924670433145009,0.508557457212714
70,19,95,100000,100000,752,786,789,789,0.5,0.47006869479882235,0.4969400244798042
70,19,96,100000,100000,799,781,783,795,0.5,0.4926542605288932,0.5042839657282742
70,19,97,100000,100000,762,785,797,794,0.5,0.5077972709551657,0.5187424425634825
70,19,98,100000,100000,792,809,807,795,0.5,0.49758919961427195,0.47664670658682634
70,19,99,100000,100000,776,767,806,812,0.5,0.485024154589372,0.4898688915375447
