parameter_k,pair_id,permute_id,seed,A_size,B_size,as_sketch_size_A,as_sketch_size_B,mgh_sketch_size_A,mgh_sketch_size_B,true_jaccard,jaccard_as,jaccard_mgh
70,0,0,42,100000,100000,851,789,805,805,0.5,0.4857142857142857,0.4911242603550296
70,0,1,42,100000,100000,754,780,805,805,0.5,0.48185483870967744,0.4911242603550296
70,0,2,42,100000,100000,799,814,805,805,0.5,0.48574144486692017,0.4911242603550296
70,0,3,42,100000,100000,775,816,805,805,0.5,0.4823529411764706,0.4911242603550296
70,0,4,42,100000,100000,791,830,805,805,0.5,0.4846449136276392,0.4911242603550296
70,0,5,42,100000,100000,843,834,805,805,0.5,0.48607367475292,0.4911242603550296
70,0,6,42,100000,100000,797,849,805,805,0.5,0.4857142857142857,0.4911242603550296
70,0,7,42,100000,100000,837,787,805,805,0.5,0.48523985239852396,0.4911242603550296
70,0,8,42,100000,100000,780,759,805,805,0.5,0.48346303501945526,0.4911242603550296
70,0,9,42,100000,100000,783,778,805,805,0.5,0.48349514563106794,0.4911242603550296
70,0,10,42,100000,100000,795,804,805,805,0.5,0.48519579751671443,0.4911242603550296
70,0,11,42,100000,100000,801,786,805,805,0.5,0.48484848484848486,0.4911242603550296
70,0,12,42,100000,100000,796,809,805,805,0.5,0.4852240228789323,0.4911242603550296
70,0,13,42,100000,100000,817,778,805,805,0.5,0.4832089552238806,0.4911242603550296
70,0,14,42,100000,100000,794,801,805,805,0.5,0.4851674641148325,0.4911242603550296
70,0,15,42,100000,100000,756,816,805,805,0.5,0.4818913480885312,0.4911242603550296
70,0,16,42,100000,100000,765,783,805,805,0.5,0.481592039800995,0.4911242603550296
70,0,17,42,100000,100000,781,776,805,805,0.5,0.48346303501945526,0.4911242603550296
70,0,18,42,100000,100000,813,776,805,805,0.5,0.48362956033676335,0.4911242603550296
70,0,19,42,100000,100000,741,797,805,805,0.5,0.4790602655771195,0.4911242603550296
70,0,20,42,100000,100000,815,746,805,805,0.5,0.48349514563106794,0.4911242603550296
70,0,21,42,100000,100000,741,781,805,805,0.5,0.4790602655771195,0.4911242603550296
70,0,22,42,100000,100000,758,816,805,805,0.5,0.4818913480885312,0.4911242603550296
70,0,23,42,100000,100000,782,796,805,805,0.5,0.48349514563106794,0.4911242603550296
70,0,24,42,100000,100000,771,821,805,805,0.5,0.4807881773399015,0.4911242603550296
70,0,25,42,100000,100000,783,815,805,805,0.5,0.48349514563106794,0.4911242603550296
70,0,26,42,100000,100000,729,798,805,805,0.5,0.48125,0.4911242603550296
70,0,27,42,100000,100000,741,802,805,805,0.5,0.4790602655771195,0.4911242603550296
70,0,28,42,100000,100000,780,794,805,805,0.5,0.48346303501945526,0.4911242603550296
70,0,29,42,100000,100000,756,757,805,805,0.5,0.4818913480885312,0.4911242603550296
70,0,30,42,100000,100000,820,807,805,805,0.5,0.4842592592592593,0.4911242603550296
70,0,31,42,100000,100000,824,779,805,805,0.5,0.483690587138863,0.4911242603550296
70,0,32,42,100000,100000,832,791,805,805,0.5,0.48574057037718493,0.4911242603550296
70,0,33,42,100000,100000,806,798,805,805,0.5,0.4839924670433145,0.4911242603550296
70,0,34,42,100000,100000,802,836,805,805,0.5,0.48484848484848486,0.4911242603550296
70,0,35,42,100000,100000,777,815,805,805,0.5,0.48336594911937375,0.4911242603550296
70,0,36,42,100000,100000,773,777,805,805,0.5,0.481335952848723,0.4911242603550296
70,0,37,42,100000,100000,804,782,805,805,0.5,0.4848771266540643,0.4911242603550296
70,0,38,42,100000,100000,790,841,805,805,0.5,0.484149855907781,0.4911242603550296
70,0,39,42,100000,100000,816,781,805,805,0.5,0.483271375464684,0.4911242603550296
70,0,40,42,100000,100000,832,785,805,805,0.5,0.48428835489833644,0.4911242603550296
70,0,41,42,100000,100000,816,842,805,805,0.5,0.48375116063138346,0.4911242603550296
70,0,42,42,100000,100000,769,793,805,805,0.5,0.4797630799605133,0.4911242603550296
70,0,43,42,100000,100000,820,803,805,805,0.5,0.4842592592592593,0.4911242603550296
70,0,44,42,100000,100000,787,796,805,805,0.5,0.48359073359073357,0.4911242603550296
70,0,45,42,100000,100000,768,753,805,805,0.5,0.4792490118577075,0.4911242603550296
70,0,46,42,100000,100000,819,812,805,805,0.5,0.4842592592592593,0.4911242603550296
70,0,47,42,100000,100000,811,783,805,805,0.5,0.48362956033676335,0.4911242603550296
70,0,48,42,100000,100000,788,757,805,805,0.5,0.4840887174541948,0.4911242603550296
70,0,49,42,100000,100000,782,815,805,805,0.5,0.48349514563106794,0.4911242603550296
70,0,50,42,100000,100000,798,801,805,805,0.5,0.48574144486692017,0.4911242603550296
70,0,51,42,100000,100000,749,801,805,805,0.5,0.48073022312373226,0.4911242603550296
70,0,52,42,100000,100000,828,768,805,805,0.5,0.4848771266540643,0.4911242603550296
70,0,53,42,100000,100000,797,770,805,805,0.5,0.4857142857142857,0.4911242603550296
70,0,54,42,100000,100000,794,783,805,805,0.5,0.4851674641148325,0.4911242603550296
70,0,55,42,100000,100000,795,746,805,805,0.5,0.48349514563106794,0.4911242603550296
70,0,56,42,100000,100000,749,793,805,805,0.5,0.48073022312373226,0.4911242603550296
70,0,57,42,100000,100000,778,800,805,805,0.5,0.4838709677419355,0.4911242603550296
70,0,58,42,100000,100000,797,803,805,805,0.5,0.4857142857142857,0.4911242603550296
70,0,59,42,100000,100000,790,777,805,805,0.5,0.484149855907781,0.4911242603550296
70,0,60,42,100000,100000,817,762,805,805,0.5,0.4852240228789323,0.4911242603550296
70,0,61,42,100000,100000,778,772,805,805,0.5,0.4838709677419355,0.4911242603550296
70,0,62,42,100000,100000,782,767,805,805,0.5,0.48349514563106794,0.4911242603550296
70,0,63,42,100000,100000,810,816,805,805,0.5,0.48362956033676335,0.4911242603550296
70,0,64,42,100000,100000,757,800,805,805,0.5,0.4818913480885312,0.4911242603550296
70,0,65,42,100000,100000,760,778,805,805,0.5,0.4819639278557114,0.4911242603550296
70,0,66,42,100000,100000,798,810,805,805,0.5,0.48574144486692017,0.4911242603550296
70,0,67,42,100000,100000,804,775,805,805,0.5,0.4848771266540643,0.4911242603550296
70,0,68,42,100000,100000,784,791,805,805,0.5,0.48349514563106794,0.4911242603550296
70,0,69,42,100000,100000,800,805,805,805,0.5,0.48574144486692017,0.4911242603550296
70,0,70,42,100000,100000,782,812,805,805,0.5,0.48349514563106794,0.4911242603550296
70,0,71,42,100000,100000,784,818,805,805,0.5,0.48349514563106794,0.4911242603550296
70,0,72,42,100000,100000,786,809,805,805,0.5,0.4830917874396135,0.4911242603550296
70,0,73,42,100000,100000,751,779,805,805,0.5,0.48129423660262893,0.4911242603550296
70,0,74,42,100000,100000,758,799,805,805,0.5,0.4818913480885312,0.4911242603550296
70,0,75,42,100000,100000,800,805,805,805,0.5,0.48574144486692017,0.4911242603550296
70,0,76,42,100000,100000,766,791,805,805,0.5,0.481592039800995,0.4911242603550296
70,0,77,42,100000,100000,841,777,805,805,0.5,0.48362956033676335,0.4911242603550296
70,0,78,42,100000,100000,875,792,805,805,0.5,0.4857667584940312,0.4911242603550296
70,0,79,42,100000,100000,775,773,805,805,0.5,0.4823529411764706,0.4911242603550296
70,0,80,42,100000,100000,744,802,805,805,0.5,0.48065173116089616,0.4911242603550296
70,0,81,42,100000,100000,809,804,805,805,0.5,0.48314606741573035,0.4911242603550296
70,0,82,42,100000,100000,756,763,805,805,0.5,0.4818913480885312,0.4911242603550296
70,0,83,42,100000,100000,765,804,805,805,0.5,0.481592039800995,0.4911242603550296
70,0,84,42,100000,100000,820,810,805,805,0.5,0.4842592592592593,0.4911242603550296
70,0,85,42,100000,100000,781,799,805,805,0.5,0.48346303501945526,0.4911242603550296
70,0,86,42,100000,100000,786,822,805,805,0.5,0.4830917874396135,0.4911242603550296
70,0,87,42,100000,100000,776,790,805,805,0.5,0.4828599412340842,0.4911242603550296
70,0,88,42,100000,100000,800,807,805,805,0.5,0.48574144486692017,0.4911242603550296
70,0,89,42,100000,100000,785,758,805,805,0.5,0.4825918762088975,0.4911242603550296
70,0,90,42,100000,100000,783,766,805,805,0.5,0.48349514563106794,0.4911242603550296
70,0,91,42,100000,100000,841,800,805,805,0.5,0.48633879781420764,0.4911242603550296
70,0,92,42,100000,100000,767,833,805,805,0.5,0.481592039800995,0.4911242603550296
70,0,93,42,100000,100000,780,796,805,805,0.5,0.48346303501945526,0.4911242603550296
70,0,94,42,100000,100000,773,822,805,805,0.5,0.481335952848723,0.4911242603550296
70,0,95,42,100000,100000,773,807,805,805,0.5,0.481335952848723,0.4911242603550296
70,0,96,42,100000,100000,749,825,805,805,0.5,0.48073022312373226,0.4911242603550296
70,0,97,42,100000,100000,812,762,805,805,0.5,0.4852240228789323,0.4911242603550296
70,0,98,42,100000,100000,806,819,805,805,0.5,0.4839924670433145,0.4911242603550296
70,0,99,42,100000,100000,766,802,805,805,0.5,0.481592039800995,0.4911242603550296
70,1,0,42,100000,100000,782,809,790,795,0.5,0.49477682811016144,0.47451456310679613
70,1,1,42,100000,100000,808,783,790,795,0.5,0.4932821497120921,0.47451456310679613
70,1,2,42,100000,100000,747,768,790,795,0.5,0.49651741293532337,0.47451456310679613
70,1,3,42,100000,100000,727,794,790,795,0.5,0.4959183673469388,0.47451456310679613
70,1,4,42,100000,100000,786,791,790,795,0.5,0.49523809523809526,0.47451456310679613
70,1,5,42,100000,100000,756,733,790,795,0.5,0.49690721649484537,0.47451456310679613
70,1,6,42,100000,100000,816,774,790,795,0.5,0.49369544131910764,0.47451456310679613
70,1,7,42,100000,100000,779,739,790,795,0.5,0.49641760491299897,0.47451456310679613
70,1,8,42,100000,100000,790,800,790,795,0.5,0.4934086629001883,0.47451456310679613
70,1,9,42,100000,100000,795,768,790,795,0.5,0.49559255631733595,0.47451456310679613
70,1,10,42,100000,100000,774,771,790,795,0.5,0.4951267056530214,0.47451456310679613
70,1,11,42,100000,100000,774,798,790,795,0.5,0.4932821497120921,0.47451456310679613
70,1,12,42,100000,100000,764,802,790,795,0.5,0.4951267056530214,0.47451456310679613
70,1,13,42,100000,100000,847,747,790,795,0.5,0.4959677419354839,0.47451456310679613
70,1,14,42,100000,100000,732,811,790,795,0.5,0.49645390070921985,0.47451456310679613
70,1,15,42,100000,100000,789,815,790,795,0.5,0.4934086629001883,0.47451456310679613
70,1,16,42,100000,100000,785,791,790,795,0.5,0.49523809523809526,0.47451456310679613
70,1,17,42,100000,100000,760,838,790,795,0.5,0.49559255631733595,0.47451456310679613
70,1,18,42,100000,100000,771,777,790,795,0.5,0.4941972920696325,0.47451456310679613
70,1,19,42,100000,100000,799,778,790,795,0.5,0.4941972920696325,0.47451456310679613
70,1,20,42,100000,100000,817,811,790,795,0.5,0.4925925925925926,0.47451456310679613
70,1,21,42,100000,100000,812,801,790,795,0.5,0.4924953095684803,0.47451456310679613
70,1,22,42,100000,100000,810,817,790,795,0.5,0.494475138121547,0.47451456310679613
70,1,23,42,100000,100000,778,776,790,795,0.5,0.4941860465116279,0.47451456310679613
70,1,24,42,100000,100000,752,809,790,795,0.5,0.4965312190287413,0.47451456310679613
70,1,25,42,100000,100000,815,752,790,795,0.5,0.4964964964964965,0.47451456310679613
70,1,26,42,100000,100000,822,813,790,795,0.5,0.49353049907578556,0.47451456310679613
70,1,27,42,100000,100000,769,770,790,795,0.5,0.49560117302052786,0.47451456310679613
70,1,28,42,100000,100000,815,732,790,795,0.5,0.49741468459152016,0.47451456310679613
70,1,29,42,100000,100000,779,823,790,795,0.5,0.49427480916030536,0.47451456310679613
70,1,30,42,100000,100000,800,824,790,795,0.5,0.49212233549582945,0.47451456310679613
70,1,31,42,100000,100000,768,789,790,795,0.5,0.4941972920696325,0.47451456310679613
70,1,32,42,100000,100000,727,828,790,795,0.5,0.4959183673469388,0.47451456310679613
70,1,33,42,100000,100000,784,822,790,795,0.5,0.4947867298578199,0.47451456310679613
70,1,34,42,100000,100000,804,738,790,795,0.5,0.49641760491299897,0.47451456310679613
70,1,35,42,100000,100000,810,738,790,795,0.5,0.49641760491299897,0.47451456310679613
70,1,36,42,100000,100000,802,809,790,795,0.5,0.4921077065923863,0.47451456310679613
70,1,37,42,100000,100000,772,783,790,795,0.5,0.4932692307692308,0.47451456310679613
70,1,38,42,100000,100000,781,796,790,795,0.5,0.49523809523809526,0.47451456310679613
70,1,39,42,100000,100000,785,798,790,795,0.5,0.49479659413434246,0.47451456310679613
70,1,40,42,100000,100000,807,766,790,795,0.5,0.4950980392156863,0.47451456310679613
70,1,41,42,100000,100000,798,793,790,795,0.5,0.4947867298578199,0.47451456310679613
70,1,42,42,100000,100000,794,777,790,795,0.5,0.4941972920696325,0.47451456310679613
70,1,43,42,100000,100000,794,792,790,795,0.5,0.49477682811016144,0.47451456310679613
70,1,44,42,100000,100000,805,793,790,795,0.5,0.4947867298578199,0.47451456310679613
70,1,45,42,100000,100000,797,800,790,795,0.5,0.4924953095684803,0.47451456310679613
70,1,46,42,100000,100000,791,828,790,795,0.5,0.4924953095684803,0.47451456310679613
70,1,47,42,100000,100000,785,807,790,795,0.5,0.49479659413434246,0.47451456310679613
70,1,48,42,100000,100000,808,780,790,795,0.5,0.49373191899710706,0.47451456310679613
70,1,49,42,100000,100000,773,832,790,795,0.5,0.4932821497120921,0.47451456310679613
70,1,50,42,100000,100000,759,806,790,795,0.5,0.4950980392156863,0.47451456310679613
70,1,51,42,100000,100000,748,811,790,795,0.5,0.49651741293532337,0.47451456310679613
70,1,52,42,100000,100000,783,825,790,795,0.5,0.49477682811016144,0.47451456310679613
70,1,53,42,100000,100000,796,823,790,795,0.5,0.49162011173184356,0.47451456310679613
70,1,54,42,100000,100000,784,774,790,795,0.5,0.49369544131910764,0.47451456310679613
70,1,55,42,100000,100000,791,829,790,795,0.5,0.4924953095684803,0.47451456310679613
70,1,56,42,100000,100000,790,826,790,795,0.5,0.4934086629001883,0.47451456310679613
70,1,57,42,100000,100000,778,744,790,795,0.5,0.49594320486815413,0.47451456310679613
70,1,58,42,100000,100000,769,813,790,795,0.5,0.4941972920696325,0.47451456310679613
70,1,59,42,100000,100000,802,803,790,795,0.5,0.491588785046729,0.47451456310679613
70,1,60,42,100000,100000,781,790,790,795,0.5,0.49523809523809526,0.47451456310679613
70,1,61,42,100000,100000,764,815,790,795,0.5,0.4951267056530214,0.47451456310679613
70,1,62,42,100000,100000,776,777,790,795,0.5,0.4941972920696325,0.47451456310679613
70,1,63,42,100000,100000,791,810,790,795,0.5,0.4924953095684803,0.47451456310679613
70,1,64,42,100000,100000,799,808,790,795,0.5,0.491635687732342,0.47451456310679613
70,1,65,42,100000,100000,785,796,790,795,0.5,0.49479659413434246,0.47451456310679613
70,1,66,42,100000,100000,784,775,790,795,0.5,0.4941860465116279,0.47451456310679613
70,1,67,42,100000,100000,754,758,790,795,0.5,0.49603174603174605,0.47451456310679613
70,1,68,42,100000,100000,855,767,790,795,0.5,0.49559255631733595,0.47451456310679613
70,1,69,42,100000,100000,728,793,790,795,0.5,0.4959183673469388,0.47451456310679613
70,1,70,42,100000,100000,771,828,790,795,0.5,0.49373191899710706,0.47451456310679613
70,1,71,42,100000,100000,769,820,790,795,0.5,0.4941972920696325,0.47451456310679613
70,1,72,42,100000,100000,785,780,790,795,0.5,0.49373191899710706,0.47451456310679613
70,1,73,42,100000,100000,827,763,790,795,0.5,0.49556650246305417,0.47451456310679613
70,1,74,42,100000,100000,738,784,790,795,0.5,0.49647532729103727,0.47451456310679613
70,1,75,42,100000,100000,796,781,790,795,0.5,0.4932692307692308,0.47451456310679613
70,1,76,42,100000,100000,831,801,790,795,0.5,0.4924953095684803,0.47451456310679613
70,1,77,42,100000,100000,818,809,790,795,0.5,0.4921077065923863,0.47451456310679613
70,1,78,42,100000,100000,754,824,790,795,0.5,0.49555774925962487,0.47451456310679613
70,1,79,42,100000,100000,848,792,790,795,0.5,0.49477682811016144,0.47451456310679613
70,1,80,42,100000,100000,783,780,790,795,0.5,0.49373191899710706,0.47451456310679613
70,1,81,42,100000,100000,835,823,790,795,0.5,0.4949771689497717,0.47451456310679613
70,1,82,42,100000,100000,781,773,790,795,0.5,0.4951267056530214,0.47451456310679613
70,1,83,42,100000,100000,813,742,790,795,0.5,0.4949186991869919,0.47451456310679613
70,1,84,42,100000,100000,821,847,790,795,0.5,0.4963768115942029,0.47451456310679613
70,1,85,42,100000,100000,805,801,790,795,0.5,0.4924953095684803,0.47451456310679613
70,1,86,42,100000,100000,810,770,790,795,0.5,0.49560117302052786,0.47451456310679613
70,1,87,42,100000,100000,782,730,790,795,0.5,0.4979253112033195,0.47451456310679613
70,1,88,42,100000,100000,764,739,790,795,0.5,0.49641760491299897,0.47451456310679613
70,1,89,42,100000,100000,776,806,790,795,0.5,0.4937799043062201,0.47451456310679613
70,1,90,42,100000,100000,807,785,790,795,0.5,0.4937799043062201,0.47451456310679613
70,1,91,42,100000,100000,744,745,790,795,0.5,0.49645390070921985,0.47451456310679613
70,1,92,42,100000,100000,794,815,790,795,0.5,0.49206349206349204,0.47451456310679613
70,1,93,42,100000,100000,784,779,790,795,0.5,0.49373191899710706,0.47451456310679613
70,1,94,42,100000,100000,808,813,790,795,0.5,0.49353049907578556,0.47451456310679613
70,1,95,42,100000,100000,810,773,790,795,0.5,0.4951267056530214,0.47451456310679613
70,1,96,42,100000,100000,807,760,790,795,0.5,0.4965312190287413,0.47451456310679613
70,1,97,42,100000,100000,786,784,790,795,0.5,0.4932950191570881,0.47451456310679613
70,1,98,42,100000,100000,793,757,790,795,0.5,0.49651741293532337,0.47451456310679613
70,1,99,42,100000,100000,748,829,790,795,0.5,0.49651741293532337,0.47451456310679613
70,2,0,42,100000,100000,793,845,803,802,0.5,0.5106177606177607,0.5137724550898204
70,2,1,42,100000,100000,817,760,803,802,0.5,0.5118110236220472,0.5137724550898204
70,2,2,42,100000,100000,798,770,803,802,0.5,0.510164569215876,0.5137724550898204
70,2,3,42,100000,100000,771,769,803,802,0.5,0.5144278606965174,0.5137724550898204
70,2,4,42,100000,100000,812,787,803,802,0.5,0.5070821529745042,0.5137724550898204
70,2,5,42,100000,100000,790,773,803,802,0.5,0.510164569215876,0.5137724550898204
70,2,6,42,100000,100000,824,814,803,802,0.5,0.5069637883008357,0.5137724550898204
70,2,7,42,100000,100000,778,785,803,802,0.5,0.5118110236220472,0.5137724550898204
70,2,8,42,100000,100000,819,771,803,802,0.5,0.5106382978723404,0.5137724550898204
70,2,9,42,100000,100000,796,792,803,802,0.5,0.5096153846153846,0.5137724550898204
70,2,10,42,100000,100000,824,719,803,802,0.5,0.5156576200417536,0.5137724550898204
70,2,11,42,100000,100000,837,787,803,802,0.5,0.5070688030160226,0.5137724550898204
70,2,12,42,100000,100000,803,803,803,802,0.5,0.5085714285714286,0.5137724550898204
70,2,13,42,100000,100000,800,826,803,802,0.5,0.509090909090909,0.5137724550898204
70,2,14,42,100000,100000,794,810,803,802,0.5,0.5106177606177607,0.5137724550898204
70,2,15,42,100000,100000,804,782,803,802,0.5,0.5085714285714286,0.5137724550898204
70,2,16,42,100000,100000,783,759,803,802,0.5,0.5128458498023716,0.5137724550898204
70,2,17,42,100000,100000,830,758,803,802,0.5,0.5128458498023716,0.5137724550898204
70,2,18,42,100000,100000,818,797,803,802,0.5,0.5051449953227315,0.5137724550898204
70,2,19,42,100000,100000,814,794,803,802,0.5,0.5070688030160226,0.5137724550898204
70,2,20,42,100000,100000,760,733,803,802,0.5,0.5148413510747185,0.5137724550898204
70,2,21,42,100000,100000,746,830,803,802,0.5,0.5149023638232272,0.5137724550898204
70,2,22,42,100000,100000,744,801,803,802,0.5,0.51440329218107,0.5137724550898204
70,2,23,42,100000,100000,838,771,803,802,0.5,0.5106382978723404,0.5137724550898204
70,2,24,42,100000,100000,811,795,803,802,0.5,0.5070821529745042,0.5137724550898204
70,2,25,42,100000,100000,780,781,803,802,0.5,0.5118110236220472,0.5137724550898204
70,2,26,42,100000,100000,822,802,803,802,0.5,0.5060465116279069,0.5137724550898204
70,2,27,42,100000,100000,792,779,803,802,0.5,0.5106177606177607,0.5137724550898204
70,2,28,42,100000,100000,778,796,803,802,0.5,0.5118110236220472,0.5137724550898204
70,2,29,42,100000,100000,789,788,803,802,0.5,0.5096899224806202,0.5137724550898204
70,2,30,42,100000,100000,798,789,803,802,0.5,0.5086206896551724,0.5137724550898204
70,2,31,42,100000,100000,796,818,803,802,0.5,0.5096153846153846,0.5137724550898204
70,2,32,42,100000,100000,788,802,803,802,0.5,0.5097087378640777,0.5137724550898204
70,2,33,42,100000,100000,758,770,803,802,0.5,0.5125881168177241,0.5137724550898204
70,2,34,42,100000,100000,768,777,803,802,0.5,0.5139442231075697,0.5137724550898204
70,2,35,42,100000,100000,805,760,803,802,0.5,0.5118110236220472,0.5137724550898204
70,2,36,42,100000,100000,770,808,803,802,0.5,0.5144278606965174,0.5137724550898204
70,2,37,42,100000,100000,764,744,803,802,0.5,0.5125881168177241,0.5137724550898204
70,2,38,42,100000,100000,755,780,803,802,0.5,0.512639029322548,0.5137724550898204
70,2,39,42,100000,100000,759,789,803,802,0.5,0.5125881168177241,0.5137724550898204
70,2,40,42,100000,100000,805,799,803,802,0.5,0.5085714285714286,0.5137724550898204
70,2,41,42,100000,100000,780,775,803,802,0.5,0.5118110236220472,0.5137724550898204
70,2,42,42,100000,100000,795,832,803,802,0.5,0.5096153846153846,0.5137724550898204
70,2,43,42,100000,100000,809,751,803,802,0.5,0.5134596211365903,0.5137724550898204
70,2,44,42,100000,100000,813,791,803,802,0.5,0.5070688030160226,0.5137724550898204
70,2,45,42,100000,100000,750,776,803,802,0.5,0.5142857142857142,0.5137724550898204
70,2,46,42,100000,100000,762,793,803,802,0.5,0.5130260521042084,0.5137724550898204
70,2,47,42,100000,100000,810,767,803,802,0.5,0.5097087378640777,0.5137724550898204
70,2,48,42,100000,100000,772,759,803,802,0.5,0.5128712871287129,0.5137724550898204
70,2,49,42,100000,100000,816,778,803,802,0.5,0.509090909090909,0.5137724550898204
70,2,50,42,100000,100000,788,755,803,802,0.5,0.5144278606965174,0.5137724550898204
70,2,51,42,100000,100000,828,780,803,802,0.5,0.5085877862595419,0.5137724550898204
70,2,52,42,100000,100000,795,796,803,802,0.5,0.5096153846153846,0.5137724550898204
70,2,53,42,100000,100000,856,810,803,802,0.5,0.5041246562786434,0.5137724550898204
70,2,54,42,100000,100000,775,820,803,802,0.5,0.5128458498023716,0.5137724550898204
70,2,55,42,100000,100000,802,781,803,802,0.5,0.5085877862595419,0.5137724550898204
70,2,56,42,100000,100000,777,776,803,802,0.5,0.5118110236220472,0.5137724550898204
70,2,57,42,100000,100000,817,821,803,802,0.5,0.5051449953227315,0.5137724550898204
70,2,58,42,100000,100000,815,795,803,802,0.5,0.5070688030160226,0.5137724550898204
70,2,59,42,100000,100000,844,783,803,802,0.5,0.50853889943074,0.5137724550898204
70,2,60,42,100000,100000,759,774,803,802,0.5,0.5125881168177241,0.5137724550898204
70,2,61,42,100000,100000,791,815,803,802,0.5,0.5106382978723404,0.5137724550898204
70,2,62,42,100000,100000,774,802,803,802,0.5,0.5128458498023716,0.5137724550898204
70,2,63,42,100000,100000,809,776,803,802,0.5,0.5096153846153846,0.5137724550898204
70,2,64,42,100000,100000,795,804,803,802,0.5,0.5096153846153846,0.5137724550898204
70,2,65,42,100000,100000,811,764,803,802,0.5,0.5102639296187683,0.5137724550898204
70,2,66,42,100000,100000,793,791,803,802,0.5,0.5106177606177607,0.5137724550898204
70,2,67,42,100000,100000,790,769,803,802,0.5,0.5096899224806202,0.5137724550898204
70,2,68,42,100000,100000,774,798,803,802,0.5,0.5128458498023716,0.5137724550898204
70,2,69,42,100000,100000,789,806,803,802,0.5,0.5096899224806202,0.5137724550898204
70,2,70,42,100000,100000,808,772,803,802,0.5,0.5106382978723404,0.5137724550898204
70,2,71,42,100000,100000,739,841,803,802,0.5,0.5139607032057911,0.5137724550898204
70,2,72,42,100000,100000,769,743,803,802,0.5,0.5120967741935484,0.5137724550898204
70,2,73,42,100000,100000,795,755,803,802,0.5,0.5144278606965174,0.5137724550898204
70,2,74,42,100000,100000,782,764,803,802,0.5,0.5102639296187683,0.5137724550898204
70,2,75,42,100000,100000,765,782,803,802,0.5,0.5124875124875125,0.5137724550898204
70,2,76,42,100000,100000,777,770,803,802,0.5,0.5118110236220472,0.5137724550898204
70,2,77,42,100000,100000,795,802,803,802,0.5,0.5096153846153846,0.5137724550898204
70,2,78,42,100000,100000,811,812,803,802,0.5,0.5070821529745042,0.5137724550898204
70,2,79,42,100000,100000,814,798,803,802,0.5,0.5070688030160226,0.5137724550898204
70,2,80,42,100000,100000,761,766,803,802,0.5,0.5125376128385155,0.5137724550898204
70,2,81,42,100000,100000,753,813,803,802,0.5,0.5147808358817533,0.5137724550898204
70,2,82,42,100000,100000,785,760,803,802,0.5,0.5118110236220472,0.5137724550898204
70,2,83,42,100000,100000,766,772,803,802,0.5,0.5129740518962076,0.5137724550898204
70,2,84,42,100000,100000,781,778,803,802,0.5,0.5097847358121331,0.5137724550898204
70,2,85,42,100000,100000,758,775,803,802,0.5,0.5125881168177241,0.5137724550898204
70,2,86,42,100000,100000,794,791,803,802,0.5,0.5106177606177607,0.5137724550898204
70,2,87,42,100000,100000,776,809,803,802,0.5,0.5118110236220472,0.5137724550898204
70,2,88,42,100000,100000,750,816,803,802,0.5,0.5142857142857142,0.5137724550898204
70,2,89,42,100000,100000,827,754,803,802,0.5,0.5144278606965174,0.5137724550898204
70,2,90,42,100000,100000,798,782,803,802,0.5,0.5086206896551724,0.5137724550898204
70,2,91,42,100000,100000,815,815,803,802,0.5,0.5070688030160226,0.5137724550898204
70,2,92,42,100000,100000,765,828,803,802,0.5,0.5124875124875125,0.5137724550898204
70,2,93,42,100000,100000,775,781,803,802,0.5,0.5128458498023716,0.5137724550898204
70,2,94,42,100000,100000,751,765,803,802,0.5,0.5147808358817533,0.5137724550898204
70,2,95,42,100000,100000,809,764,803,802,0.5,0.5102639296187683,0.5137724550898204
70,2,96,42,100000,100000,781,797,803,802,0.5,0.5097847358121331,0.5137724550898204
70,2,97,42,100000,100000,759,749,803,802,0.5,0.5125881168177241,0.5137724550898204
70,2,98,42,100000,100000,827,809,803,802,0.5,0.5074211502782932,0.5137724550898204
70,2,99,42,100000,100000,762,793,803,802,0.5,0.5130260521042084,0.5137724550898204
70,3,0,42,100000,100000,785,774,800,797,0.5,0.49662487945998074,0.4854368932038835
70,3,1,42,100000,100000,746,817,800,797,0.5,0.49747729566094856,0.4854368932038835
70,3,2,42,100000,100000,780,751,800,797,0.5,0.49702380952380953,0.4854368932038835
70,3,3,42,100000,100000,779,776,800,797,0.5,0.49662487945998074,0.4854368932038835
70,3,4,42,100000,100000,755,783,800,797,0.5,0.4965104685942173,0.4854368932038835
70,3,5,42,100000,100000,789,812,800,797,0.5,0.49523809523809526,0.4854368932038835
70,3,6,42,100000,100000,774,786,800,797,0.5,0.4951550387596899,0.4854368932038835
70,3,7,42,100000,100000,802,774,800,797,0.5,0.49662487945998074,0.4854368932038835
70,3,8,42,100000,100000,803,831,800,797,0.5,0.4934823091247672,0.4854368932038835
70,3,9,42,100000,100000,782,763,800,797,0.5,0.49656526005888124,0.4854368932038835
70,3,10,42,100000,100000,825,799,800,797,0.5,0.4939309056956116,0.4854368932038835
70,3,11,42,100000,100000,816,792,800,797,0.5,0.4943502824858757,0.4854368932038835
70,3,12,42,100000,100000,750,789,800,797,0.5,0.49748237663645517,0.4854368932038835
70,3,13,42,100000,100000,813,803,800,797,0.5,0.4934823091247672,0.4854368932038835
70,3,14,42,100000,100000,798,798,800,797,0.5,0.49437148217636023,0.4854368932038835
70,3,15,42,100000,100000,836,776,800,797,0.5,0.4956772334293948,0.4854368932038835
70,3,16,42,100000,100000,815,783,800,797,0.5,0.49523809523809526,0.4854368932038835
70,3,17,42,100000,100000,788,796,800,797,0.5,0.49523809523809526,0.4854368932038835
70,3,18,42,100000,100000,814,753,800,797,0.5,0.49604743083003955,0.4854368932038835
70,3,19,42,100000,100000,772,754,800,797,0.5,0.49654491609081935,0.4854368932038835
70,3,20,42,100000,100000,787,763,800,797,0.5,0.49656526005888124,0.4854368932038835
70,3,21,42,100000,100000,782,801,800,797,0.5,0.4961612284069098,0.4854368932038835
70,3,22,42,100000,100000,824,768,800,797,0.5,0.49466537342386036,0.4854368932038835
70,3,23,42,100000,100000,806,805,800,797,0.5,0.49212233549582945,0.4854368932038835
70,3,24,42,100000,100000,801,780,800,797,0.5,0.4961759082217973,0.4854368932038835
70,3,25,42,100000,100000,799,779,800,797,0.5,0.4966442953020134,0.4854368932038835
70,3,26,42,100000,100000,806,762,800,797,0.5,0.49656526005888124,0.4854368932038835
70,3,27,42,100000,100000,807,799,800,797,0.5,0.4939309056956116,0.4854368932038835
70,3,28,42,100000,100000,806,735,800,797,0.5,0.4969574036511156,0.4854368932038835
70,3,29,42,100000,100000,772,769,800,797,0.5,0.4941747572815534,0.4854368932038835
70,3,30,42,100000,100000,809,768,800,797,0.5,0.49466537342386036,0.4854368932038835
70,3,31,42,100000,100000,806,793,800,797,0.5,0.49482596425211667,0.4854368932038835
70,3,32,42,100000,100000,784,821,800,797,0.5,0.4966442953020134,0.4854368932038835
70,3,33,42,100000,100000,800,788,800,797,0.5,0.49430740037950666,0.4854368932038835
70,3,34,42,100000,100000,780,800,800,797,0.5,0.49662487945998074,0.4854368932038835
70,3,35,42,100000,100000,801,772,800,797,0.5,0.4966183574879227,0.4854368932038835
70,3,36,42,100000,100000,784,764,800,797,0.5,0.4936708860759494,0.4854368932038835
70,3,37,42,100000,100000,785,846,800,797,0.5,0.4961759082217973,0.4854368932038835
70,3,38,42,100000,100000,811,795,800,797,0.5,0.49437148217636023,0.4854368932038835
70,3,39,42,100000,100000,797,794,800,797,0.5,0.49482596425211667,0.4854368932038835
70,3,40,42,100000,100000,806,839,800,797,0.5,0.4921369102682701,0.4854368932038835
70,3,41,42,100000,100000,770,764,800,797,0.5,0.4936708860759494,0.4854368932038835
70,3,42,42,100000,100000,773,762,800,797,0.5,0.49656526005888124,0.4854368932038835
70,3,43,42,100000,100000,792,807,800,797,0.5,0.493862134088763,0.4854368932038835
70,3,44,42,100000,100000,780,804,800,797,0.5,0.49662487945998074,0.4854368932038835
70,3,45,42,100000,100000,799,808,800,797,0.5,0.49437148217636023,0.4854368932038835
70,3,46,42,100000,100000,804,785,800,797,0.5,0.49430740037950666,0.4854368932038835
70,3,47,42,100000,100000,791,792,800,797,0.5,0.4933837429111531,0.4854368932038835
70,3,48,42,100000,100000,766,789,800,797,0.5,0.4960707269155206,0.4854368932038835
70,3,49,42,100000,100000,770,756,800,797,0.5,0.496551724137931,0.4854368932038835
70,3,50,42,100000,100000,824,799,800,797,0.5,0.4939309056956116,0.4854368932038835
70,3,51,42,100000,100000,781,785,800,797,0.5,0.4956772334293948,0.4854368932038835
70,3,52,42,100000,100000,830,797,800,797,0.5,0.49437148217636023,0.4854368932038835
70,3,53,42,100000,100000,768,832,800,797,0.5,0.49656526005888124,0.4854368932038835
70,3,54,42,100000,100000,757,730,800,797,0.5,0.49745158002038736,0.4854368932038835
70,3,55,42,100000,100000,800,771,800,797,0.5,0.4961315280464217,0.4854368932038835
70,3,56,42,100000,100000,783,809,800,797,0.5,0.4966442953020134,0.4854368932038835
70,3,57,42,100000,100000,782,758,800,797,0.5,0.49656526005888124,0.4854368932038835
70,3,58,42,100000,100000,781,807,800,797,0.5,0.4956772334293948,0.4854368932038835
70,3,59,42,100000,100000,781,811,800,797,0.5,0.4956772334293948,0.4854368932038835
70,3,60,42,100000,100000,778,802,800,797,0.5,0.49662487945998074,0.4854368932038835
70,3,61,42,100000,100000,800,796,800,797,0.5,0.49437148217636023,0.4854368932038835
70,3,62,42,100000,100000,786,808,800,797,0.5,0.4961759082217973,0.4854368932038835
70,3,63,42,100000,100000,792,771,800,797,0.5,0.4961315280464217,0.4854368932038835
70,3,64,42,100000,100000,772,787,800,797,0.5,0.4941747572815534,0.4854368932038835
70,3,65,42,100000,100000,785,812,800,797,0.5,0.4961759082217973,0.4854368932038835
70,3,66,42,100000,100000,788,771,800,797,0.5,0.4961315280464217,0.4854368932038835
70,3,67,42,100000,100000,807,821,800,797,0.5,0.492151431209603,0.4854368932038835
70,3,68,42,100000,100000,792,795,800,797,0.5,0.493862134088763,0.4854368932038835
70,3,69,42,100000,100000,787,748,800,797,0.5,0.4975124378109453,0.4854368932038835
70,3,70,42,100000,100000,868,768,800,797,0.5,0.49466537342386036,0.4854368932038835
70,3,71,42,100000,100000,811,765,800,797,0.5,0.4936708860759494,0.4854368932038835
70,3,72,42,100000,100000,761,751,800,797,0.5,0.49702380952380953,0.4854368932038835
70,3,73,42,100000,100000,784,811,800,797,0.5,0.4966442953020134,0.4854368932038835
70,3,74,42,100000,100000,817,777,800,797,0.5,0.4961612284069098,0.4854368932038835
70,3,75,42,100000,100000,777,790,800,797,0.5,0.4966183574879227,0.4854368932038835
70,3,76,42,100000,100000,838,765,800,797,0.5,0.4936708860759494,0.4854368932038835
70,3,77,42,100000,100000,784,776,800,797,0.5,0.4956772334293948,0.4854368932038835
70,3,78,42,100000,100000,782,825,800,797,0.5,0.4961612284069098,0.4854368932038835
70,3,79,42,100000,100000,773,821,800,797,0.5,0.49466537342386036,0.4854368932038835
70,3,80,42,100000,100000,837,756,800,797,0.5,0.496551724137931,0.4854368932038835
70,3,81,42,100000,100000,757,800,800,797,0.5,0.4975124378109453,0.4854368932038835
70,3,82,42,100000,100000,780,801,800,797,0.5,0.49662487945998074,0.4854368932038835
70,3,83,42,100000,100000,774,767,800,797,0.5,0.4941747572815534,0.4854368932038835
70,3,84,42,100000,100000,807,752,800,797,0.5,0.49702380952380953,0.4854368932038835
70,3,85,42,100000,100000,805,776,800,797,0.5,0.4956772334293948,0.4854368932038835
70,3,86,42,100000,100000,839,839,800,797,0.5,0.49420160570918825,0.4854368932038835
70,3,87,42,100000,100000,784,815,800,797,0.5,0.4966442953020134,0.4854368932038835
70,3,88,42,100000,100000,809,799,800,797,0.5,0.4939309056956116,0.4854368932038835
70,3,89,42,100000,100000,769,805,800,797,0.5,0.49656526005888124,0.4854368932038835
70,3,90,42,100000,100000,806,743,800,797,0.5,0.4954954954954955,0.4854368932038835
70,3,91,42,100000,100000,775,764,800,797,0.5,0.4936708860759494,0.4854368932038835
70,3,92,42,100000,100000,805,732,800,797,0.5,0.4979633401221996,0.4854368932038835
70,3,93,42,100000,100000,773,774,800,797,0.5,0.49466537342386036,0.4854368932038835
70,3,94,42,100000,100000,789,769,800,797,0.5,0.4951550387596899,0.4854368932038835
70,3,95,42,100000,100000,811,762,800,797,0.5,0.49656526005888124,0.4854368932038835
70,3,96,42,100000,100000,785,791,800,797,0.5,0.4961759082217973,0.4854368932038835
70,3,97,42,100000,100000,787,786,800,797,0.5,0.4961759082217973,0.4854368932038835
70,3,98,42,100000,100000,776,775,800,797,0.5,0.4961315280464217,0.4854368932038835
70,3,99,42,100000,100000,831,796,800,797,0.5,0.49437148217636023,0.4854368932038835
70,4,0,42,100000,100000,811,791,794,791,0.5,0.4851024208566108,0.48197115384615385
70,4,1,42,100000,100000,811,781,794,791,0.5,0.4853358561967833,0.48197115384615385
70,4,2,42,100000,100000,762,810,794,791,0.5,0.48821218074656186,0.48197115384615385
70,4,3,42,100000,100000,810,806,794,791,0.5,0.48616236162361626,0.48197115384615385
70,4,4,42,100000,100000,808,833,794,791,0.5,0.4865616311399444,0.48197115384615385
70,4,5,42,100000,100000,747,754,794,791,0.5,0.4909274193548387,0.48197115384615385
70,4,6,42,100000,100000,786,744,794,791,0.5,0.48807157057654077,0.48197115384615385
70,4,7,42,100000,100000,784,822,794,791,0.5,0.4847619047619048,0.48197115384615385
70,4,8,42,100000,100000,768,783,794,791,0.5,0.48638132295719844,0.48197115384615385
70,4,9,42,100000,100000,775,815,794,791,0.5,0.4865125240847784,0.48197115384615385
70,4,10,42,100000,100000,787,755,794,791,0.5,0.48821218074656186,0.48197115384615385
70,4,11,42,100000,100000,776,793,794,791,0.5,0.4865125240847784,0.48197115384615385
70,4,12,42,100000,100000,759,833,794,791,0.5,0.4876847290640394,0.48197115384615385
70,4,13,42,100000,100000,822,800,794,791,0.5,0.4856879039704525,0.48197115384615385
70,4,14,42,100000,100000,786,769,794,791,0.5,0.4865125240847784,0.48197115384615385
70,4,15,42,100000,100000,777,807,794,791,0.5,0.4865125240847784,0.48197115384615385
70,4,16,42,100000,100000,784,818,794,791,0.5,0.4847619047619048,0.48197115384615385
70,4,17,42,100000,100000,791,768,794,791,0.5,0.4865125240847784,0.48197115384615385
70,4,18,42,100000,100000,784,788,794,791,0.5,0.4847619047619048,0.48197115384615385
70,4,19,42,100000,100000,830,792,794,791,0.5,0.4855813953488372,0.48197115384615385
70,4,20,42,100000,100000,843,789,794,791,0.5,0.484593837535014,0.48197115384615385
70,4,21,42,100000,100000,812,772,794,791,0.5,0.48563218390804597,0.48197115384615385
70,4,22,42,100000,100000,761,777,794,791,0.5,0.48821218074656186,0.48197115384615385
70,4,23,42,100000,100000,797,800,794,791,0.5,0.4859022556390977,0.48197115384615385
70,4,24,42,100000,100000,824,773,794,791,0.5,0.48563218390804597,0.48197115384615385
70,4,25,42,100000,100000,817,801,794,791,0.5,0.48616236162361626,0.48197115384615385
70,4,26,42,100000,100000,831,765,794,791,0.5,0.4864603481624758,0.48197115384615385
70,4,27,42,100000,100000,782,787,794,791,0.5,0.4847328244274809,0.48197115384615385
70,4,28,42,100000,100000,793,791,794,791,0.5,0.48633364750235625,0.48197115384615385
70,4,29,42,100000,100000,794,809,794,791,0.5,0.48633364750235625,0.48197115384615385
70,4,30,42,100000,100000,799,796,794,791,0.5,0.4854732895970009,0.48197115384615385
70,4,31,42,100000,100000,806,815,794,791,0.5,0.48605947955390333,0.48197115384615385
70,4,32,42,100000,100000,809,788,794,791,0.5,0.4854732895970009,0.48197115384615385
70,4,33,42,100000,100000,820,775,794,791,0.5,0.4847328244274809,0.48197115384615385
70,4,34,42,100000,100000,777,795,794,791,0.5,0.4865125240847784,0.48197115384615385
70,4,35,42,100000,100000,809,826,794,791,0.5,0.4856879039704525,0.48197115384615385
70,4,36,42,100000,100000,812,832,794,791,0.5,0.48663594470046084,0.48197115384615385
70,4,37,42,100000,100000,765,786,794,791,0.5,0.4868035190615836,0.48197115384615385
70,4,38,42,100000,100000,813,759,794,791,0.5,0.4868292682926829,0.48197115384615385
70,4,39,42,100000,100000,803,813,794,791,0.5,0.48507462686567165,0.48197115384615385
70,4,40,42,100000,100000,809,755,794,791,0.5,0.48821218074656186,0.48197115384615385
70,4,41,42,100000,100000,785,777,794,791,0.5,0.4847619047619048,0.48197115384615385
70,4,42,42,100000,100000,818,800,794,791,0.5,0.4856879039704525,0.48197115384615385
70,4,43,42,100000,100000,804,795,794,791,0.5,0.4851024208566108,0.48197115384615385
70,4,44,42,100000,100000,800,760,794,791,0.5,0.48638132295719844,0.48197115384615385
70,4,45,42,100000,100000,766,826,794,791,0.5,0.4868292682926829,0.48197115384615385
70,4,46,42,100000,100000,828,768,794,791,0.5,0.4865125240847784,0.48197115384615385
70,4,47,42,100000,100000,797,792,794,791,0.5,0.4859022556390977,0.48197115384615385
70,4,48,42,100000,100000,764,838,794,791,0.5,0.4868035190615836,0.48197115384615385
70,4,49,42,100000,100000,814,778,794,791,0.5,0.4843304843304843,0.48197115384615385
70,4,50,42,100000,100000,782,842,794,791,0.5,0.4847328244274809,0.48197115384615385
70,4,51,42,100000,100000,824,804,794,791,0.5,0.4857667584940312,0.48197115384615385
70,4,52,42,100000,100000,832,797,794,791,0.5,0.4865616311399444,0.48197115384615385
70,4,53,42,100000,100000,786,819,794,791,0.5,0.484819734345351,0.48197115384615385
70,4,54,42,100000,100000,854,810,794,791,0.5,0.48628884826325414,0.48197115384615385
70,4,55,42,100000,100000,826,804,794,791,0.5,0.4857667584940312,0.48197115384615385
70,4,56,42,100000,100000,824,781,794,791,0.5,0.4853358561967833,0.48197115384615385
70,4,57,42,100000,100000,796,785,794,791,0.5,0.4859022556390977,0.48197115384615385
70,4,58,42,100000,100000,796,780,794,791,0.5,0.48530805687203793,0.48197115384615385
70,4,59,42,100000,100000,810,760,794,791,0.5,0.48638132295719844,0.48197115384615385
70,4,60,42,100000,100000,765,802,794,791,0.5,0.4868035190615836,0.48197115384615385
70,4,61,42,100000,100000,817,742,794,791,0.5,0.4885343968095713,0.48197115384615385
70,4,62,42,100000,100000,781,789,794,791,0.5,0.48563218390804597,0.48197115384615385
70,4,63,42,100000,100000,781,791,794,791,0.5,0.48563218390804597,0.48197115384615385
70,4,64,42,100000,100000,789,805,794,791,0.5,0.4853358561967833,0.48197115384615385
70,4,65,42,100000,100000,781,752,794,791,0.5,0.4876847290640394,0.48197115384615385
70,4,66,42,100000,100000,798,791,794,791,0.5,0.4859022556390977,0.48197115384615385
70,4,67,42,100000,100000,798,791,794,791,0.5,0.4859022556390977,0.48197115384615385
70,4,68,42,100000,100000,800,868,794,791,0.5,0.4854732895970009,0.48197115384615385
70,4,69,42,100000,100000,816,797,794,791,0.5,0.4865616311399444,0.48197115384615385
70,4,70,42,100000,100000,736,826,794,791,0.5,0.49230769230769234,0.48197115384615385
70,4,71,42,100000,100000,768,742,794,791,0.5,0.4885343968095713,0.48197115384615385
70,4,72,42,100000,100000,789,796,794,791,0.5,0.4853358561967833,0.48197115384615385
70,4,73,42,100000,100000,799,813,794,791,0.5,0.4854732895970009,0.48197115384615385
70,4,74,42,100000,100000,787,785,794,791,0.5,0.48530805687203793,0.48197115384615385
70,4,75,42,100000,100000,774,778,794,791,0.5,0.48601735776277727,0.48197115384615385
70,4,76,42,100000,100000,806,793,794,791,0.5,0.48605947955390333,0.48197115384615385
70,4,77,42,100000,100000,814,755,794,791,0.5,0.48821218074656186,0.48197115384615385
70,4,78,42,100000,100000,848,811,794,791,0.5,0.4854280510018215,0.48197115384615385
70,4,79,42,100000,100000,775,762,794,791,0.5,0.48638132295719844,0.48197115384615385
70,4,80,42,100000,100000,748,815,794,791,0.5,0.4909274193548387,0.48197115384615385
70,4,81,42,100000,100000,774,798,794,791,0.5,0.48601735776277727,0.48197115384615385
70,4,82,42,100000,100000,744,787,794,791,0.5,0.4903943377148635,0.48197115384615385
70,4,83,42,100000,100000,806,829,794,791,0.5,0.48605947955390333,0.48197115384615385
70,4,84,42,100000,100000,779,746,794,791,0.5,0.4885799404170804,0.48197115384615385
70,4,85,42,100000,100000,778,834,794,791,0.5,0.4865125240847784,0.48197115384615385
70,4,86,42,100000,100000,795,832,794,791,0.5,0.48633364750235625,0.48197115384615385
70,4,87,42,100000,100000,802,796,794,791,0.5,0.48507462686567165,0.48197115384615385
70,4,88,42,100000,100000,748,829,794,791,0.5,0.4909274193548387,0.48197115384615385
70,4,89,42,100000,100000,779,817,794,791,0.5,0.4851390220517737,0.48197115384615385
70,4,90,42,100000,100000,802,787,794,791,0.5,0.4854732895970009,0.48197115384615385
70,4,91,42,100000,100000,777,794,794,791,0.5,0.4865125240847784,0.48197115384615385
70,4,92,42,100000,100000,810,794,794,791,0.5,0.48653667595171773,0.48197115384615385
70,4,93,42,100000,100000,763,809,794,791,0.5,0.48821218074656186,0.48197115384615385
70,4,94,42,100000,100000,768,836,794,791,0.5,0.48638132295719844,0.48197115384615385
70,4,95,42,100000,100000,800,758,794,791,0.5,0.4868292682926829,0.48197115384615385
70,4,96,42,100000,100000,781,813,794,791,0.5,0.48563218390804597,0.48197115384615385
70,4,97,42,100000,100000,804,780,794,791,0.5,0.48530805687203793,0.48197115384615385
70,4,98,42,100000,100000,765,804,794,791,0.5,0.4868035190615836,0.48197115384615385
70,4,99,42,100000,100000,785,788,794,791,0.5,0.4843304843304843,0.48197115384615385
70,5,0,42,100000,100000,755,780,798,805,0.5,0.5309017223910841,0.5279126213592233
70,5,1,42,100000,100000,799,767,798,805,0.5,0.5340909090909091,0.5279126213592233
70,5,2,42,100000,100000,791,806,798,805,0.5,0.5319567354965585,0.5279126213592233
70,5,3,42,100000,100000,792,770,798,805,0.5,0.5345005149330587,0.5279126213592233
70,5,4,42,100000,100000,785,769,798,805,0.5,0.534020618556701,0.5279126213592233
70,5,5,42,100000,100000,780,811,798,805,0.5,0.5317693059628543,0.5279126213592233
70,5,6,42,100000,100000,789,761,798,805,0.5,0.5327783558792925,0.5279126213592233
70,5,7,42,100000,100000,823,796,798,805,0.5,0.5317460317460317,0.5279126213592233
70,5,8,42,100000,100000,787,789,798,805,0.5,0.5325977933801405,0.5279126213592233
70,5,9,42,100000,100000,795,788,798,805,0.5,0.5325977933801405,0.5279126213592233
70,5,10,42,100000,100000,764,796,798,805,0.5,0.5317460317460317,0.5279126213592233
70,5,11,42,100000,100000,849,810,798,805,0.5,0.5318315377081293,0.5279126213592233
70,5,12,42,100000,100000,789,764,798,805,0.5,0.5342323651452282,0.5279126213592233
70,5,13,42,100000,100000,793,785,798,805,0.5,0.5311871227364185,0.5279126213592233
70,5,14,42,100000,100000,790,814,798,805,0.5,0.5321637426900585,0.5279126213592233
70,5,15,42,100000,100000,783,810,798,805,0.5,0.5318315377081293,0.5279126213592233
70,5,16,42,100000,100000,789,815,798,805,0.5,0.5321011673151751,0.5279126213592233
70,5,17,42,100000,100000,785,805,798,805,0.5,0.5319567354965585,0.5279126213592233
70,5,18,42,100000,100000,805,816,798,805,0.5,0.5320388349514563,0.5279126213592233
70,5,19,42,100000,100000,833,751,798,805,0.5,0.5365853658536586,0.5279126213592233
70,5,20,42,100000,100000,769,805,798,805,0.5,0.5319567354965585,0.5279126213592233
70,5,21,42,100000,100000,796,788,798,805,0.5,0.5325977933801405,0.5279126213592233
70,5,22,42,100000,100000,802,773,798,805,0.5,0.5338809034907598,0.5279126213592233
70,5,23,42,100000,100000,754,816,798,805,0.5,0.5313725490196078,0.5279126213592233
70,5,24,42,100000,100000,780,727,798,805,0.5,0.537199124726477,0.5279126213592233
70,5,25,42,100000,100000,819,817,798,805,0.5,0.5324927255092143,0.5279126213592233
70,5,26,42,100000,100000,832,752,798,805,0.5,0.5365853658536586,0.5279126213592233
70,5,27,42,100000,100000,798,827,798,805,0.5,0.5326295585412668,0.5279126213592233
70,5,28,42,100000,100000,810,781,798,805,0.5,0.5313765182186235,0.5279126213592233
70,5,29,42,100000,100000,768,770,798,805,0.5,0.5345005149330587,0.5279126213592233
70,5,30,42,100000,100000,768,793,798,805,0.5,0.5308764940239044,0.5279126213592233
70,5,31,42,100000,100000,771,760,798,805,0.5,0.5322916666666667,0.5279126213592233
70,5,32,42,100000,100000,791,785,798,805,0.5,0.5311871227364185,0.5279126213592233
70,5,33,42,100000,100000,819,818,798,805,0.5,0.5324298160696999,0.5279126213592233
70,5,34,42,100000,100000,804,813,798,805,0.5,0.5321637426900585,0.5279126213592233
70,5,35,42,100000,100000,812,843,798,805,0.5,0.5300751879699248,0.5279126213592233
70,5,36,42,100000,100000,806,803,798,805,0.5,0.5315581854043393,0.5279126213592233
70,5,37,42,100000,100000,786,776,798,805,0.5,0.5326530612244897,0.5279126213592233
70,5,38,42,100000,100000,840,785,798,805,0.5,0.5311871227364185,0.5279126213592233
70,5,39,42,100000,100000,801,776,798,805,0.5,0.5326530612244897,0.5279126213592233
70,5,40,42,100000,100000,748,766,798,805,0.5,0.5347150259067357,0.5279126213592233
70,5,41,42,100000,100000,815,767,798,805,0.5,0.5340909090909091,0.5279126213592233
70,5,42,42,100000,100000,770,816,798,805,0.5,0.5320388349514563,0.5279126213592233
70,5,43,42,100000,100000,796,796,798,805,0.5,0.5317460317460317,0.5279126213592233
70,5,44,42,100000,100000,791,760,798,805,0.5,0.5322916666666667,0.5279126213592233
70,5,45,42,100000,100000,775,764,798,805,0.5,0.5342323651452282,0.5279126213592233
70,5,46,42,100000,100000,765,774,798,805,0.5,0.532719836400818,0.5279126213592233
70,5,47,42,100000,100000,779,814,798,805,0.5,0.5321637426900585,0.5279126213592233
70,5,48,42,100000,100000,756,799,798,805,0.5,0.5316831683168317,0.5279126213592233
70,5,49,42,100000,100000,796,827,798,805,0.5,0.5326295585412668,0.5279126213592233
70,5,50,42,100000,100000,794,789,798,805,0.5,0.5325977933801405,0.5279126213592233
70,5,51,42,100000,100000,796,790,798,805,0.5,0.5325325325325325,0.5279126213592233
70,5,52,42,100000,100000,783,769,798,805,0.5,0.534020618556701,0.5279126213592233
70,5,53,42,100000,100000,800,790,798,805,0.5,0.5325325325325325,0.5279126213592233
70,5,54,42,100000,100000,797,774,798,805,0.5,0.532719836400818,0.5279126213592233
70,5,55,42,100000,100000,786,770,798,805,0.5,0.5345005149330587,0.5279126213592233
70,5,56,42,100000,100000,781,744,798,805,0.5,0.5368196371398078,0.5279126213592233
70,5,57,42,100000,100000,794,798,798,805,0.5,0.5316831683168317,0.5279126213592233
70,5,58,42,100000,100000,790,783,798,805,0.5,0.530241935483871,0.5279126213592233
70,5,59,42,100000,100000,794,739,798,805,0.5,0.5371367061356297,0.5279126213592233
70,5,60,42,100000,100000,784,762,798,805,0.5,0.5332640332640333,0.5279126213592233
70,5,61,42,100000,100000,785,822,798,805,0.5,0.5317919075144508,0.5279126213592233
70,5,62,42,100000,100000,780,823,798,805,0.5,0.5322425409047161,0.5279126213592233
70,5,63,42,100000,100000,739,789,798,805,0.5,0.5321285140562249,0.5279126213592233
70,5,64,42,100000,100000,788,789,798,805,0.5,0.5325977933801405,0.5279126213592233
70,5,65,42,100000,100000,773,756,798,805,0.5,0.5324947589098532,0.5279126213592233
70,5,66,42,100000,100000,784,811,798,805,0.5,0.5317693059628543,0.5279126213592233
70,5,67,42,100000,100000,819,761,798,805,0.5,0.5327783558792925,0.5279126213592233
70,5,68,42,100000,100000,751,780,798,805,0.5,0.5309017223910841,0.5279126213592233
70,5,69,42,100000,100000,813,807,798,805,0.5,0.5319567354965585,0.5279126213592233
70,5,70,42,100000,100000,822,781,798,805,0.5,0.5313765182186235,0.5279126213592233
70,5,71,42,100000,100000,765,829,798,805,0.5,0.5324298160696999,0.5279126213592233
70,5,72,42,100000,100000,796,800,798,805,0.5,0.5316205533596838,0.5279126213592233
70,5,73,42,100000,100000,789,782,798,805,0.5,0.5313765182186235,0.5279126213592233
70,5,74,42,100000,100000,769,817,798,805,0.5,0.5324927255092143,0.5279126213592233
70,5,75,42,100000,100000,800,816,798,805,0.5,0.5320388349514563,0.5279126213592233
70,5,76,42,100000,100000,775,784,798,805,0.5,0.5307150050352467,0.5279126213592233
70,5,77,42,100000,100000,767,805,798,805,0.5,0.5319567354965585,0.5279126213592233
70,5,78,42,100000,100000,802,759,798,805,0.5,0.5318039624608968,0.5279126213592233
70,5,79,42,100000,100000,763,772,798,805,0.5,0.5338809034907598,0.5279126213592233
70,5,80,42,100000,100000,750,765,798,805,0.5,0.5347150259067357,0.5279126213592233
70,5,81,42,100000,100000,767,794,798,805,0.5,0.5313432835820896,0.5279126213592233
70,5,82,42,100000,100000,833,804,798,805,0.5,0.531496062992126,0.5279126213592233
70,5,83,42,100000,100000,781,803,798,805,0.5,0.5315581854043393,0.5279126213592233
70,5,84,42,100000,100000,783,815,798,805,0.5,0.5321011673151751,0.5279126213592233
70,5,85,42,100000,100000,765,803,798,805,0.5,0.5315581854043393,0.5279126213592233
70,5,86,42,100000,100000,819,778,798,805,0.5,0.5325865580448065,0.5279126213592233
70,5,87,42,100000,100000,789,735,798,805,0.5,0.5383783783783784,0.5279126213592233
70,5,88,42,100000,100000,773,796,798,805,0.5,0.5317460317460317,0.5279126213592233
70,5,89,42,100000,100000,825,823,798,805,0.5,0.5322425409047161,0.5279126213592233
70,5,90,42,100000,100000,789,770,798,805,0.5,0.5345005149330587,0.5279126213592233
70,5,91,42,100000,100000,778,788,798,805,0.5,0.5325977933801405,0.5279126213592233
70,5,92,42,100000,100000,800,800,798,805,0.5,0.5316205533596838,0.5279126213592233
70,5,93,42,100000,100000,762,792,798,805,0.5,0.5325325325325325,0.5279126213592233
70,5,94,42,100000,100000,839,829,798,805,0.5,0.5325047801147228,0.5279126213592233
70,5,95,42,100000,100000,771,832,798,805,0.5,0.5326295585412668,0.5279126213592233
70,5,96,42,100000,100000,818,757,798,805,0.5,0.5318704284221526,0.5279126213592233
70,5,97,42,100000,100000,779,775,798,805,0.5,0.5326530612244897,0.5279126213592233
70,5,98,42,100000,100000,789,771,798,805,0.5,0.5345005149330587,0.5279126213592233
70,5,99,42,100000,100000,809,763,798,805,0.5,0.5337487019730011,0.5279126213592233
70,6,0,42,100000,100000,791,806,807,803,0.5,0.5211538461538462,0.5112960760998811
70,6,1,42,100000,100000,766,775,807,803,0.5,0.5158415841584159,0.5112960760998811
70,6,2,42,100000,100000,806,814,807,803,0.5,0.5226843100189036,0.5112960760998811
70,6,3,42,100000,100000,805,787,807,803,0.5,0.5203094777562862,0.5112960760998811
70,6,4,42,100000,100000,785,809,807,803,0.5,0.5203094777562862,0.5112960760998811
70,6,5,42,100000,100000,790,761,807,803,0.5,0.5159362549800797,0.5112960760998811
70,6,6,42,100000,100000,810,767,807,803,0.5,0.516798418972332,0.5112960760998811
70,6,7,42,100000,100000,814,766,807,803,0.5,0.516320474777448,0.5112960760998811
70,6,8,42,100000,100000,804,813,807,803,0.5,0.5222748815165876,0.5112960760998811
70,6,9,42,100000,100000,771,759,807,803,0.5,0.5164835164835165,0.5112960760998811
70,6,10,42,100000,100000,799,793,807,803,0.5,0.5220729366602687,0.5112960760998811
70,6,11,42,100000,100000,779,767,807,803,0.5,0.516798418972332,0.5112960760998811
70,6,12,42,100000,100000,789,740,807,803,0.5,0.5184049079754601,0.5112960760998811
70,6,13,42,100000,100000,811,799,807,803,0.5,0.5214081826831589,0.5112960760998811
70,6,14,42,100000,100000,816,786,807,803,0.5,0.5208535402521823,0.5112960760998811
70,6,15,42,100000,100000,811,758,807,803,0.5,0.5164835164835165,0.5112960760998811
70,6,16,42,100000,100000,806,802,807,803,0.5,0.5222748815165876,0.5112960760998811
70,6,17,42,100000,100000,762,831,807,803,0.5,0.5159362549800797,0.5112960760998811
70,6,18,42,100000,100000,790,803,807,803,0.5,0.5206929740134745,0.5112960760998811
70,6,19,42,100000,100000,774,764,807,803,0.5,0.5153617443012884,0.5112960760998811
70,6,20,42,100000,100000,807,765,807,803,0.5,0.5158415841584159,0.5112960760998811
70,6,21,42,100000,100000,794,758,807,803,0.5,0.5164835164835165,0.5112960760998811
70,6,22,42,100000,100000,778,762,807,803,0.5,0.5159362549800797,0.5112960760998811
70,6,23,42,100000,100000,827,790,807,803,0.5,0.5206929740134745,0.5112960760998811
70,6,24,42,100000,100000,766,768,807,803,0.5,0.5158415841584159,0.5112960760998811
70,6,25,42,100000,100000,794,789,807,803,0.5,0.5202312138728323,0.5112960760998811
70,6,26,42,100000,100000,765,791,807,803,0.5,0.5153617443012884,0.5112960760998811
70,6,27,42,100000,100000,751,788,807,803,0.5,0.5177664974619289,0.5112960760998811
70,6,28,42,100000,100000,786,752,807,803,0.5,0.5181451612903226,0.5112960760998811
70,6,29,42,100000,100000,789,791,807,803,0.5,0.5202312138728323,0.5112960760998811
70,6,30,42,100000,100000,778,795,807,803,0.5,0.5185546875,0.5112960760998811
70,6,31,42,100000,100000,802,794,807,803,0.5,0.5220729366602687,0.5112960760998811
70,6,32,42,100000,100000,858,770,807,803,0.5,0.5177165354330708,0.5112960760998811
70,6,33,42,100000,100000,817,821,807,803,0.5,0.5209692451071761,0.5112960760998811
70,6,34,42,100000,100000,801,781,807,803,0.5,0.519455252918288,0.5112960760998811
70,6,35,42,100000,100000,853,796,807,803,0.5,0.5214899713467048,0.5112960760998811
70,6,36,42,100000,100000,754,794,807,803,0.5,0.5176589303733602,0.5112960760998811
70,6,37,42,100000,100000,793,784,807,803,0.5,0.5208535402521823,0.5112960760998811
70,6,38,42,100000,100000,770,806,807,803,0.5,0.5172754195459033,0.5112960760998811
70,6,39,42,100000,100000,813,777,807,803,0.5,0.5185546875,0.5112960760998811
70,6,40,42,100000,100000,807,779,807,803,0.5,0.5194931773879142,0.5112960760998811
70,6,41,42,100000,100000,749,750,807,803,0.5,0.5183299389002036,0.5112960760998811
70,6,42,42,100000,100000,789,790,807,803,0.5,0.5202312138728323,0.5112960760998811
70,6,43,42,100000,100000,814,779,807,803,0.5,0.5194931773879142,0.5112960760998811
70,6,44,42,100000,100000,766,812,807,803,0.5,0.5158415841584159,0.5112960760998811
70,6,45,42,100000,100000,806,755,807,803,0.5,0.5165496489468405,0.5112960760998811
70,6,46,42,100000,100000,754,811,807,803,0.5,0.5176589303733602,0.5112960760998811
70,6,47,42,100000,100000,803,822,807,803,0.5,0.5218216318785579,0.5112960760998811
70,6,48,42,100000,100000,775,793,807,803,0.5,0.5181550539744848,0.5112960760998811
70,6,49,42,100000,100000,792,759,807,803,0.5,0.5164835164835165,0.5112960760998811
70,6,50,42,100000,100000,795,824,807,803,0.5,0.5215311004784688,0.5112960760998811
70,6,51,42,100000,100000,800,790,807,803,0.5,0.5206929740134745,0.5112960760998811
70,6,52,42,100000,100000,763,784,807,803,0.5,0.5159362549800797,0.5112960760998811
70,6,53,42,100000,100000,750,790,807,803,0.5,0.5183299389002036,0.5112960760998811
70,6,54,42,100000,100000,780,800,807,803,0.5,0.5194931773879142,0.5112960760998811
70,6,55,42,100000,100000,746,805,807,803,0.5,0.5184049079754601,0.5112960760998811
70,6,56,42,100000,100000,811,831,807,803,0.5,0.5216165413533834,0.5112960760998811
70,6,57,42,100000,100000,779,744,807,803,0.5,0.5177664974619289,0.5112960760998811
70,6,58,42,100000,100000,808,805,807,803,0.5,0.5226843100189036,0.5112960760998811
70,6,59,42,100000,100000,802,807,807,803,0.5,0.5213675213675214,0.5112960760998811
70,6,60,42,100000,100000,828,739,807,803,0.5,0.5179119754350051,0.5112960760998811
70,6,61,42,100000,100000,781,761,807,803,0.5,0.5159362549800797,0.5112960760998811
70,6,62,42,100000,100000,768,798,807,803,0.5,0.516798418972332,0.5112960760998811
70,6,63,42,100000,100000,823,790,807,803,0.5,0.5206929740134745,0.5112960760998811
70,6,64,42,100000,100000,808,757,807,803,0.5,0.5170340681362725,0.5112960760998811
70,6,65,42,100000,100000,789,758,807,803,0.5,0.5164835164835165,0.5112960760998811
70,6,66,42,100000,100000,805,793,807,803,0.5,0.5220729366602687,0.5112960760998811
70,6,67,42,100000,100000,769,794,807,803,0.5,0.5172754195459033,0.5112960760998811
70,6,68,42,100000,100000,799,763,807,803,0.5,0.5148809523809523,0.5112960760998811
70,6,69,42,100000,100000,810,788,807,803,0.5,0.5197685631629702,0.5112960760998811
70,6,70,42,100000,100000,826,839,807,803,0.5,0.5226641998149861,0.5112960760998811
70,6,71,42,100000,100000,826,770,807,803,0.5,0.5177165354330708,0.5112960760998811
70,6,72,42,100000,100000,786,777,807,803,0.5,0.5185546875,0.5112960760998811
70,6,73,42,100000,100000,790,789,807,803,0.5,0.5202312138728323,0.5112960760998811
70,6,74,42,100000,100000,760,801,807,803,0.5,0.5164835164835165,0.5112960760998811
70,6,75,42,100000,100000,816,837,807,803,0.5,0.5210084033613446,0.5112960760998811
70,6,76,42,100000,100000,769,825,807,803,0.5,0.5172754195459033,0.5112960760998811
70,6,77,42,100000,100000,772,805,807,803,0.5,0.5177165354330708,0.5112960760998811
70,6,78,42,100000,100000,800,760,807,803,0.5,0.5159362549800797,0.5112960760998811
70,6,79,42,100000,100000,800,808,807,803,0.5,0.5219465648854962,0.5112960760998811
70,6,80,42,100000,100000,747,789,807,803,0.5,0.5183673469387755,0.5112960760998811
70,6,81,42,100000,100000,752,765,807,803,0.5,0.5177304964539007,0.5112960760998811
70,6,82,42,100000,100000,823,789,807,803,0.5,0.5202312138728323,0.5112960760998811
70,6,83,42,100000,100000,798,828,807,803,0.5,0.5219465648854962,0.5112960760998811
70,6,84,42,100000,100000,801,753,807,803,0.5,0.5181451612903226,0.5112960760998811
70,6,85,42,100000,100000,817,765,807,803,0.5,0.5158415841584159,0.5112960760998811
70,6,86,42,100000,100000,804,785,807,803,0.5,0.5208535402521823,0.5112960760998811
70,6,87,42,100000,100000,835,805,807,803,0.5,0.5226843100189036,0.5112960760998811
70,6,88,42,100000,100000,782,838,807,803,0.5,0.5199222546161322,0.5112960760998811
70,6,89,42,100000,100000,780,759,807,803,0.5,0.5164835164835165,0.5112960760998811
70,6,90,42,100000,100000,810,820,807,803,0.5,0.5231350330500472,0.5112960760998811
70,6,91,42,100000,100000,750,757,807,803,0.5,0.5183299389002036,0.5112960760998811
70,6,92,42,100000,100000,759,738,807,803,0.5,0.5174180327868853,0.5112960760998811
70,6,93,42,100000,100000,820,796,807,803,0.5,0.5214899713467048,0.5112960760998811
70,6,94,42,100000,100000,768,803,807,803,0.5,0.516798418972332,0.5112960760998811
70,6,95,42,100000,100000,822,756,807,803,0.5,0.5170340681362725,0.5112960760998811
70,6,96,42,100000,100000,771,789,807,803,0.5,0.5172413793103449,0.5112960760998811
70,6,97,42,100000,100000,780,775,807,803,0.5,0.5176125244618396,0.5112960760998811
70,6,98,42,100000,100000,800,770,807,803,0.5,0.5177165354330708,0.5112960760998811
70,6,99,42,100000,100000,781,793,807,803,0.5,0.519455252918288,0.5112960760998811
70,7,0,42,100000,100000,762,763,811,816,0.5,0.5024777006937562,0.49292452830188677
70,7,1,42,100000,100000,763,781,811,816,0.5,0.5034280117531832,0.49292452830188677
70,7,2,42,100000,100000,809,841,811,816,0.5,0.5027573529411765,0.49292452830188677
70,7,3,42,100000,100000,805,838,811,816,0.5,0.5027675276752768,0.49292452830188677
70,7,4,42,100000,100000,809,793,811,816,0.5,0.5052732502396932,0.49292452830188677
70,7,5,42,100000,100000,797,785,811,816,0.5,0.5062923523717329,0.49292452830188677
70,7,6,42,100000,100000,776,812,811,816,0.5,0.5048076923076923,0.49292452830188677
70,7,7,42,100000,100000,794,794,811,816,0.5,0.5033365109628217,0.49292452830188677
70,7,8,42,100000,100000,774,789,811,816,0.5,0.506280193236715,0.49292452830188677
70,7,9,42,100000,100000,824,807,811,816,0.5,0.5018796992481203,0.49292452830188677
70,7,10,42,100000,100000,796,824,811,816,0.5,0.5023430178069354,0.49292452830188677
70,7,11,42,100000,100000,808,789,811,816,0.5,0.5048076923076923,0.49292452830188677
70,7,12,42,100000,100000,816,784,811,816,0.5,0.5062923523717329,0.49292452830188677
70,7,13,42,100000,100000,790,768,811,816,0.5,0.5014749262536873,0.49292452830188677
70,7,14,42,100000,100000,772,803,811,816,0.5,0.5062923523717329,0.49292452830188677
70,7,15,42,100000,100000,800,786,811,816,0.5,0.506280193236715,0.49292452830188677
70,7,16,42,100000,100000,803,859,811,816,0.5,0.5023126734505088,0.49292452830188677
70,7,17,42,100000,100000,748,759,811,816,0.5,0.5014985014985015,0.49292452830188677
70,7,18,42,100000,100000,818,781,811,816,0.5,0.5048543689320388,0.49292452830188677
70,7,19,42,100000,100000,856,800,811,816,0.5,0.5042654028436019,0.49292452830188677
70,7,20,42,100000,100000,786,782,811,816,0.5,0.5053346265761397,0.49292452830188677
70,7,21,42,100000,100000,790,822,811,816,0.5,0.5042654028436019,0.49292452830188677
70,7,22,42,100000,100000,803,767,811,816,0.5,0.5014778325123153,0.49292452830188677
70,7,23,42,100000,100000,788,827,811,816,0.5,0.5042654028436019,0.49292452830188677
70,7,24,42,100000,100000,821,761,811,816,0.5,0.5024777006937562,0.49292452830188677
70,7,25,42,100000,100000,784,852,811,816,0.5,0.5033301617507137,0.49292452830188677
70,7,26,42,100000,100000,802,746,811,816,0.5,0.5,0.49292452830188677
70,7,27,42,100000,100000,785,827,811,816,0.5,0.50332383665717,0.49292452830188677
70,7,28,42,100000,100000,822,762,811,816,0.5,0.5024777006937562,0.49292452830188677
70,7,29,42,100000,100000,760,775,811,816,0.5,0.5019646365422397,0.49292452830188677
70,7,30,42,100000,100000,786,795,811,816,0.5,0.5033365109628217,0.49292452830188677
70,7,31,42,100000,100000,794,757,811,816,0.5,0.50199203187251,0.49292452830188677
70,7,32,42,100000,100000,768,769,811,816,0.5,0.5019646365422397,0.49292452830188677
70,7,33,42,100000,100000,817,738,811,816,0.5,0.4984646878198567,0.49292452830188677
70,7,34,42,100000,100000,794,802,811,816,0.5,0.5033050047214354,0.49292452830188677
70,7,35,42,100000,100000,815,776,811,816,0.5,0.504390243902439,0.49292452830188677
70,7,36,42,100000,100000,805,803,811,816,0.5,0.5033050047214354,0.49292452830188677
70,7,37,42,100000,100000,798,790,811,816,0.5,0.505283381364073,0.49292452830188677
70,7,38,42,100000,100000,781,755,811,816,0.5,0.5014985014985015,0.49292452830188677
70,7,39,42,100000,100000,777,782,811,816,0.5,0.5053346265761397,0.49292452830188677
70,7,40,42,100000,100000,780,805,811,816,0.5,0.5052732502396932,0.49292452830188677
70,7,41,42,100000,100000,777,775,811,816,0.5,0.5043988269794721,0.49292452830188677
70,7,42,42,100000,100000,786,780,811,816,0.5,0.504863813229572,0.49292452830188677
70,7,43,42,100000,100000,828,761,811,816,0.5,0.5024777006937562,0.49292452830188677
70,7,44,42,100000,100000,802,807,811,816,0.5,0.5018796992481203,0.49292452830188677
70,7,45,42,100000,100000,820,788,811,816,0.5,0.506280193236715,0.49292452830188677
70,7,46,42,100000,100000,816,808,811,816,0.5,0.50187617260788,0.49292452830188677
70,7,47,42,100000,100000,756,774,811,816,0.5,0.5014807502467917,0.49292452830188677
70,7,48,42,100000,100000,751,802,811,816,0.5,0.50199203187251,0.49292452830188677
70,7,49,42,100000,100000,795,811,811,816,0.5,0.5023430178069354,0.49292452830188677
70,7,50,42,100000,100000,806,779,811,816,0.5,0.504863813229572,0.49292452830188677
70,7,51,42,100000,100000,796,768,811,816,0.5,0.5014749262536873,0.49292452830188677
70,7,52,42,100000,100000,817,784,811,816,0.5,0.5062923523717329,0.49292452830188677
70,7,53,42,100000,100000,797,797,811,816,0.5,0.5033301617507137,0.49292452830188677
70,7,54,42,100000,100000,818,776,811,816,0.5,0.504390243902439,0.49292452830188677
70,7,55,42,100000,100000,796,769,811,816,0.5,0.5019646365422397,0.49292452830188677
70,7,56,42,100000,100000,819,755,811,816,0.5,0.5014985014985015,0.49292452830188677
70,7,57,42,100000,100000,772,814,811,816,0.5,0.5062923523717329,0.49292452830188677
70,7,58,42,100000,100000,786,762,811,816,0.5,0.5024777006937562,0.49292452830188677
70,7,59,42,100000,100000,773,750,811,816,0.5,0.5010060362173038,0.49292452830188677
70,7,60,42,100000,100000,821,816,811,816,0.5,0.5,0.49292452830188677
70,7,61,42,100000,100000,778,792,811,816,0.5,0.505283381364073,0.49292452830188677
70,7,62,42,100000,100000,772,797,811,816,0.5,0.5062923523717329,0.49292452830188677
70,7,63,42,100000,100000,821,796,811,816,0.5,0.5033301617507137,0.49292452830188677
70,7,64,42,100000,100000,775,820,811,816,0.5,0.506280193236715,0.49292452830188677
70,7,65,42,100000,100000,809,800,811,816,0.5,0.5042654028436019,0.49292452830188677
70,7,66,42,100000,100000,784,828,811,816,0.5,0.5033301617507137,0.49292452830188677
70,7,67,42,100000,100000,798,745,811,816,0.5,0.49949341438703143,0.49292452830188677
70,7,68,42,100000,100000,789,812,811,816,0.5,0.5042654028436019,0.49292452830188677
70,7,69,42,100000,100000,741,754,811,816,0.5,0.501008064516129,0.49292452830188677
70,7,70,42,100000,100000,792,761,811,816,0.5,0.5024777006937562,0.49292452830188677
70,7,71,42,100000,100000,795,787,811,816,0.5,0.506280193236715,0.49292452830188677
70,7,72,42,100000,100000,773,809,811,816,0.5,0.506280193236715,0.49292452830188677
70,7,73,42,100000,100000,812,775,811,816,0.5,0.5043988269794721,0.49292452830188677
70,7,74,42,100000,100000,830,791,811,816,0.5,0.5052732502396932,0.49292452830188677
70,7,75,42,100000,100000,804,791,811,816,0.5,0.5052732502396932,0.49292452830188677
70,7,76,42,100000,100000,790,810,811,816,0.5,0.5042654028436019,0.49292452830188677
70,7,77,42,100000,100000,857,741,811,816,0.5,0.4984709480122324,0.49292452830188677
70,7,78,42,100000,100000,800,826,811,816,0.5,0.5009276437847866,0.49292452830188677
70,7,79,42,100000,100000,745,782,811,816,0.5,0.501002004008016,0.49292452830188677
70,7,80,42,100000,100000,807,799,811,816,0.5,0.5037950664136622,0.49292452830188677
70,7,81,42,100000,100000,815,767,811,816,0.5,0.5014778325123153,0.49292452830188677
70,7,82,42,100000,100000,859,800,811,816,0.5,0.5042654028436019,0.49292452830188677
70,7,83,42,100000,100000,814,806,811,816,0.5,0.5018796992481203,0.49292452830188677
70,7,84,42,100000,100000,752,777,811,816,0.5,0.5019880715705766,0.49292452830188677
70,7,85,42,100000,100000,774,839,811,816,0.5,0.506280193236715,0.49292452830188677
70,7,86,42,100000,100000,778,794,811,816,0.5,0.505283381364073,0.49292452830188677
70,7,87,42,100000,100000,784,788,811,816,0.5,0.506280193236715,0.49292452830188677
70,7,88,42,100000,100000,755,827,811,816,0.5,0.5024777006937562,0.49292452830188677
70,7,89,42,100000,100000,819,813,811,816,0.5,0.5004659832246039,0.49292452830188677
70,7,90,42,100000,100000,819,767,811,816,0.5,0.5014778325123153,0.49292452830188677
70,7,91,42,100000,100000,753,814,811,816,0.5,0.5019880715705766,0.49292452830188677
70,7,92,42,100000,100000,786,836,811,816,0.5,0.5037950664136622,0.49292452830188677
70,7,93,42,100000,100000,797,776,811,816,0.5,0.504390243902439,0.49292452830188677
70,7,94,42,100000,100000,862,834,811,816,0.5,0.5018214936247724,0.49292452830188677
70,7,95,42,100000,100000,797,789,811,816,0.5,0.5048076923076923,0.49292452830188677
70,7,96,42,100000,100000,795,759,811,816,0.5,0.5019880715705766,0.49292452830188677
70,7,97,42,100000,100000,771,750,811,816,0.5,0.5010060362173038,0.49292452830188677
70,7,98,42,100000,100000,791,799,811,816,0.5,0.5037950664136622,0.49292452830188677
70,7,99,42,100000,100000,785,757,811,816,0.5,0.50199203187251,0.49292452830188677
70,8,0,42,100000,100000,756,818,800,812,0.5,0.4905847373637265,0.5029585798816568
70,8,1,42,100000,100000,825,822,800,812,0.5,0.49454545454545457,0.5029585798816568
70,8,2,42,100000,100000,802,759,800,812,0.5,0.4892578125,0.5029585798816568
70,8,3,42,100000,100000,829,743,800,812,0.5,0.4924924924924925,0.5029585798816568
70,8,4,42,100000,100000,811,759,800,812,0.5,0.4892578125,0.5029585798816568
70,8,5,42,100000,100000,737,780,800,812,0.5,0.49185336048879835,0.5029585798816568
70,8,6,42,100000,100000,776,769,800,812,0.5,0.48985507246376814,0.5029585798816568
70,8,7,42,100000,100000,771,769,800,812,0.5,0.4883720930232558,0.5029585798816568
70,8,8,42,100000,100000,788,795,800,812,0.5,0.4895833333333333,0.5029585798816568
70,8,9,42,100000,100000,821,801,800,812,0.5,0.49068901303538176,0.5029585798816568
70,8,10,42,100000,100000,755,770,800,812,0.5,0.4935064935064935,0.5029585798816568
70,8,11,42,100000,100000,804,802,800,812,0.5,0.49116279069767443,0.5029585798816568
70,8,12,42,100000,100000,791,815,800,812,0.5,0.48824082784571965,0.5029585798816568
70,8,13,42,100000,100000,776,811,800,812,0.5,0.48987463837994216,0.5029585798816568
70,8,14,42,100000,100000,786,831,800,812,0.5,0.48954372623574144,0.5029585798816568
70,8,15,42,100000,100000,737,845,800,812,0.5,0.49185336048879835,0.5029585798816568
70,8,16,42,100000,100000,806,806,800,812,0.5,0.49166666666666664,0.5029585798816568
70,8,17,42,100000,100000,797,788,800,812,0.5,0.4895833333333333,0.5029585798816568
70,8,18,42,100000,100000,791,772,800,812,0.5,0.4898941289701636,0.5029585798816568
70,8,19,42,100000,100000,816,817,800,812,0.5,0.4931255728689276,0.5029585798816568
70,8,20,42,100000,100000,748,776,800,812,0.5,0.4924924924924925,0.5029585798816568
70,8,21,42,100000,100000,809,804,800,812,0.5,0.4921077065923863,0.5029585798816568
70,8,22,42,100000,100000,775,788,800,812,0.5,0.48987463837994216,0.5029585798816568
70,8,23,42,100000,100000,729,786,800,812,0.5,0.49226006191950467,0.5029585798816568
70,8,24,42,100000,100000,797,750,800,812,0.5,0.49060336300692386,0.5029585798816568
70,8,25,42,100000,100000,766,769,800,812,0.5,0.4892578125,0.5029585798816568
70,8,26,42,100000,100000,789,833,800,812,0.5,0.4895833333333333,0.5029585798816568
70,8,27,42,100000,100000,821,829,800,812,0.5,0.4940855323020928,0.5029585798816568
70,8,28,42,100000,100000,805,805,800,812,0.5,0.4921077065923863,0.5029585798816568
70,8,29,42,100000,100000,810,743,800,812,0.5,0.4924924924924925,0.5029585798816568
70,8,30,42,100000,100000,836,819,800,812,0.5,0.4949771689497717,0.5029585798816568
70,8,31,42,100000,100000,778,782,800,812,0.5,0.4898941289701636,0.5029585798816568
70,8,32,42,100000,100000,788,823,800,812,0.5,0.4895833333333333,0.5029585798816568
70,8,33,42,100000,100000,796,799,800,812,0.5,0.490177736202058,0.5029585798816568
70,8,34,42,100000,100000,774,799,800,812,0.5,0.48985507246376814,0.5029585798816568
70,8,35,42,100000,100000,790,742,800,812,0.5,0.49247743229689067,0.5029585798816568
70,8,36,42,100000,100000,751,782,800,812,0.5,0.4935064935064935,0.5029585798816568
70,8,37,42,100000,100000,777,799,800,812,0.5,0.4898941289701636,0.5029585798816568
70,8,38,42,100000,100000,768,774,800,812,0.5,0.48927875243664715,0.5029585798816568
70,8,39,42,100000,100000,739,830,800,812,0.5,0.491869918699187,0.5029585798816568
70,8,40,42,100000,100000,778,773,800,812,0.5,0.4898941289701636,0.5029585798816568
70,8,41,42,100000,100000,770,800,800,812,0.5,0.4883495145631068,0.5029585798816568
70,8,42,42,100000,100000,819,808,800,812,0.5,0.4926062846580407,0.5029585798816568
70,8,43,42,100000,100000,770,800,800,812,0.5,0.4883495145631068,0.5029585798816568
70,8,44,42,100000,100000,795,795,800,812,0.5,0.48922211808809746,0.5029585798816568
70,8,45,42,100000,100000,805,805,800,812,0.5,0.4921077065923863,0.5029585798816568
70,8,46,42,100000,100000,799,805,800,812,0.5,0.4902143522833178,0.5029585798816568
70,8,47,42,100000,100000,761,820,800,812,0.5,0.48821218074656186,0.5029585798816568
70,8,48,42,100000,100000,823,734,800,812,0.5,0.49291497975708504,0.5029585798816568
70,8,49,42,100000,100000,763,754,800,812,0.5,0.49060336300692386,0.5029585798816568
70,8,50,42,100000,100000,776,761,800,812,0.5,0.48927875243664715,0.5029585798816568
70,8,51,42,100000,100000,795,811,800,812,0.5,0.4897003745318352,0.5029585798816568
70,8,52,42,100000,100000,817,804,800,812,0.5,0.4921077065923863,0.5029585798816568
70,8,53,42,100000,100000,824,786,800,812,0.5,0.4895833333333333,0.5029585798816568
70,8,54,42,100000,100000,802,812,800,812,0.5,0.491635687732342,0.5029585798816568
70,8,55,42,100000,100000,770,743,800,812,0.5,0.4924924924924925,0.5029585798816568
70,8,56,42,100000,100000,799,833,800,812,0.5,0.4902143522833178,0.5029585798816568
70,8,57,42,100000,100000,793,767,800,812,0.5,0.48936170212765956,0.5029585798816568
70,8,58,42,100000,100000,804,776,800,812,0.5,0.48899521531100476,0.5029585798816568
70,8,59,42,100000,100000,843,795,800,812,0.5,0.48922211808809746,0.5029585798816568
70,8,60,42,100000,100000,828,771,800,812,0.5,0.4898941289701636,0.5029585798816568
70,8,61,42,100000,100000,780,768,800,812,0.5,0.48985507246376814,0.5029585798816568
70,8,62,42,100000,100000,773,786,800,812,0.5,0.48936170212765956,0.5029585798816568
70,8,63,42,100000,100000,846,770,800,812,0.5,0.48987463837994216,0.5029585798816568
70,8,64,42,100000,100000,792,842,800,812,0.5,0.48872180451127817,0.5029585798816568
70,8,65,42,100000,100000,776,788,800,812,0.5,0.48987463837994216,0.5029585798816568
70,8,66,42,100000,100000,797,868,800,812,0.5,0.490177736202058,0.5029585798816568
70,8,67,42,100000,100000,793,785,800,812,0.5,0.4895833333333333,0.5029585798816568
70,8,68,42,100000,100000,776,763,800,812,0.5,0.4883495145631068,0.5029585798816568
70,8,69,42,100000,100000,776,758,800,812,0.5,0.4887585532746823,0.5029585798816568
70,8,70,42,100000,100000,806,761,800,812,0.5,0.48927875243664715,0.5029585798816568
70,8,71,42,100000,100000,804,746,800,812,0.5,0.4935064935064935,0.5029585798816568
70,8,72,42,100000,100000,792,796,800,812,0.5,0.48872180451127817,0.5029585798816568
70,8,73,42,100000,100000,765,791,800,812,0.5,0.4887585532746823,0.5029585798816568
70,8,74,42,100000,100000,756,761,800,812,0.5,0.4905847373637265,0.5029585798816568
70,8,75,42,100000,100000,824,784,800,812,0.5,0.4890995260663507,0.5029585798816568
70,8,76,42,100000,100000,838,810,800,812,0.5,0.4921803127874885,0.5029585798816568
70,8,77,42,100000,100000,792,777,800,812,0.5,0.4890162368672397,0.5029585798816568
70,8,78,42,100000,100000,775,818,800,812,0.5,0.48987463837994216,0.5029585798816568
70,8,79,42,100000,100000,798,805,800,812,0.5,0.48973880597014924,0.5029585798816568
70,8,80,42,100000,100000,803,795,800,812,0.5,0.48922211808809746,0.5029585798816568
70,8,81,42,100000,100000,802,788,800,812,0.5,0.4895833333333333,0.5029585798816568
70,8,82,42,100000,100000,835,783,800,812,0.5,0.48954372623574144,0.5029585798816568
70,8,83,42,100000,100000,775,810,800,812,0.5,0.48987463837994216,0.5029585798816568
70,8,84,42,100000,100000,799,796,800,812,0.5,0.4897003745318352,0.5029585798816568
70,8,85,42,100000,100000,799,795,800,812,0.5,0.48922211808809746,0.5029585798816568
70,8,86,42,100000,100000,778,799,800,812,0.5,0.4898941289701636,0.5029585798816568
70,8,87,42,100000,100000,788,804,800,812,0.5,0.4895833333333333,0.5029585798816568
70,8,88,42,100000,100000,809,810,800,812,0.5,0.4930747922437673,0.5029585798816568
70,8,89,42,100000,100000,789,767,800,812,0.5,0.48936170212765956,0.5029585798816568
70,8,90,42,100000,100000,812,823,800,812,0.5,0.4921803127874885,0.5029585798816568
70,8,91,42,100000,100000,781,788,800,812,0.5,0.48899521531100476,0.5029585798816568
70,8,92,42,100000,100000,766,798,800,812,0.5,0.4892578125,0.5029585798816568
70,8,93,42,100000,100000,805,805,800,812,0.5,0.4921077065923863,0.5029585798816568
70,8,94,42,100000,100000,816,788,800,812,0.5,0.4895833333333333,0.5029585798816568
70,8,95,42,100000,100000,756,819,800,812,0.5,0.4905847373637265,0.5029585798816568
70,8,96,42,100000,100000,807,790,800,812,0.5,0.487758945386064,0.5029585798816568
70,8,97,42,100000,100000,793,858,800,812,0.5,0.4892018779342723,0.5029585798816568
70,8,98,42,100000,100000,783,762,800,812,0.5,0.48927875243664715,0.5029585798816568
70,8,99,42,100000,100000,825,873,800,812,0.5,0.4954627949183303,0.5029585798816568
70,9,0,42,100000,100000,781,782,806,798,0.5,0.5319567354965585,0.5239808153477218
70,9,1,42,100000,100000,811,807,806,798,0.5,0.5363984674329502,0.5239808153477218
70,9,2,42,100000,100000,790,775,806,798,0.5,0.5337301587301587,0.5239808153477218
70,9,3,42,100000,100000,786,795,806,798,0.5,0.5350877192982456,0.5239808153477218
70,9,4,42,100000,100000,802,744,806,798,0.5,0.5341614906832298,0.5239808153477218
70,9,5,42,100000,100000,847,813,806,798,0.5,0.5350378787878788,0.5239808153477218
70,9,6,42,100000,100000,825,787,806,798,0.5,0.533724340175953,0.5239808153477218
70,9,7,42,100000,100000,759,799,806,798,0.5,0.5348837209302325,0.5239808153477218
70,9,8,42,100000,100000,824,765,806,798,0.5,0.5337361530715005,0.5239808153477218
70,9,9,42,100000,100000,772,779,806,798,0.5,0.5337301587301587,0.5239808153477218
70,9,10,42,100000,100000,776,805,806,798,0.5,0.5319567354965585,0.5239808153477218
70,9,11,42,100000,100000,784,760,806,798,0.5,0.5344129554655871,0.5239808153477218
70,9,12,42,100000,100000,793,788,806,798,0.5,0.5341796875,0.5239808153477218
70,9,13,42,100000,100000,829,831,806,798,0.5,0.5314814814814814,0.5239808153477218
70,9,14,42,100000,100000,789,795,806,798,0.5,0.5339147286821705,0.5239808153477218
70,9,15,42,100000,100000,794,775,806,798,0.5,0.5337301587301587,0.5239808153477218
70,9,16,42,100000,100000,800,771,806,798,0.5,0.5329341317365269,0.5239808153477218
70,9,17,42,100000,100000,795,790,806,798,0.5,0.5350877192982456,0.5239808153477218
70,9,18,42,100000,100000,823,777,806,798,0.5,0.533135509396637,0.5239808153477218
70,9,19,42,100000,100000,784,801,806,798,0.5,0.5346341463414634,0.5239808153477218
70,9,20,42,100000,100000,744,782,806,798,0.5,0.5345005149330587,0.5239808153477218
70,9,21,42,100000,100000,777,823,806,798,0.5,0.5324165029469549,0.5239808153477218
70,9,22,42,100000,100000,804,754,806,798,0.5,0.5353121801432958,0.5239808153477218
70,9,23,42,100000,100000,825,777,806,798,0.5,0.533135509396637,0.5239808153477218
70,9,24,42,100000,100000,814,765,806,798,0.5,0.5337361530715005,0.5239808153477218
70,9,25,42,100000,100000,787,780,806,798,0.5,0.5325443786982249,0.5239808153477218
70,9,26,42,100000,100000,824,810,806,798,0.5,0.5347288296860133,0.5239808153477218
70,9,27,42,100000,100000,777,754,806,798,0.5,0.5353121801432958,0.5239808153477218
70,9,28,42,100000,100000,801,814,806,798,0.5,0.5363984674329502,0.5239808153477218
70,9,29,42,100000,100000,769,772,806,798,0.5,0.5333998005982054,0.5239808153477218
70,9,30,42,100000,100000,823,768,806,798,0.5,0.5325325325325325,0.5239808153477218
70,9,31,42,100000,100000,822,777,806,798,0.5,0.533135509396637,0.5239808153477218
70,9,32,42,100000,100000,777,838,806,798,0.5,0.5324165029469549,0.5239808153477218
70,9,33,42,100000,100000,815,792,806,798,0.5,0.5339805825242718,0.5239808153477218
70,9,34,42,100000,100000,773,789,806,798,0.5,0.533135509396637,0.5239808153477218
70,9,35,42,100000,100000,763,778,806,798,0.5,0.5325325325325325,0.5239808153477218
70,9,36,42,100000,100000,821,782,806,798,0.5,0.5319567354965585,0.5239808153477218
70,9,37,42,100000,100000,813,838,806,798,0.5,0.5339622641509434,0.5239808153477218
70,9,38,42,100000,100000,787,783,806,798,0.5,0.5324165029469549,0.5239808153477218
70,9,39,42,100000,100000,765,808,806,798,0.5,0.5329341317365269,0.5239808153477218
70,9,40,42,100000,100000,799,802,806,798,0.5,0.5346153846153846,0.5239808153477218
70,9,41,42,100000,100000,802,784,806,798,0.5,0.5323529411764706,0.5239808153477218
70,9,42,42,100000,100000,768,777,806,798,0.5,0.5338645418326693,0.5239808153477218
70,9,43,42,100000,100000,808,794,806,798,0.5,0.5339147286821705,0.5239808153477218
70,9,44,42,100000,100000,755,826,806,798,0.5,0.5339412360688957,0.5239808153477218
70,9,45,42,100000,100000,745,810,806,798,0.5,0.5344295991778006,0.5239808153477218
70,9,46,42,100000,100000,791,797,806,798,0.5,0.5342995169082125,0.5239808153477218
70,9,47,42,100000,100000,794,801,806,798,0.5,0.5346820809248555,0.5239808153477218
70,9,48,42,100000,100000,776,804,806,798,0.5,0.5319567354965585,0.5239808153477218
70,9,49,42,100000,100000,756,837,806,798,0.5,0.5344129554655871,0.5239808153477218
70,9,50,42,100000,100000,770,791,806,798,0.5,0.5332671300893744,0.5239808153477218
70,9,51,42,100000,100000,770,756,806,798,0.5,0.5336048879837068,0.5239808153477218
70,9,52,42,100000,100000,776,769,806,798,0.5,0.533,0.5239808153477218
70,9,53,42,100000,100000,824,816,806,798,0.5,0.5350378787878788,0.5239808153477218
70,9,54,42,100000,100000,770,836,806,798,0.5,0.5332671300893744,0.5239808153477218
70,9,55,42,100000,100000,816,822,806,798,0.5,0.5323336457357076,0.5239808153477218
70,9,56,42,100000,100000,798,750,806,798,0.5,0.5349075975359343,0.5239808153477218
70,9,57,42,100000,100000,775,837,806,798,0.5,0.5325443786982249,0.5239808153477218
70,9,58,42,100000,100000,807,739,806,798,0.5,0.5343035343035343,0.5239808153477218
70,9,59,42,100000,100000,795,807,806,798,0.5,0.5350624399615754,0.5239808153477218
70,9,60,42,100000,100000,770,787,806,798,0.5,0.5332671300893744,0.5239808153477218
70,9,61,42,100000,100000,831,806,806,798,0.5,0.5363984674329502,0.5239808153477218
70,9,62,42,100000,100000,831,812,806,798,0.5,0.5345971563981042,0.5239808153477218
70,9,63,42,100000,100000,782,807,806,798,0.5,0.533724340175953,0.5239808153477218
70,9,64,42,100000,100000,787,810,806,798,0.5,0.5350877192982456,0.5239808153477218
70,9,65,42,100000,100000,806,743,806,798,0.5,0.5341614906832298,0.5239808153477218
70,9,66,42,100000,100000,778,755,806,798,0.5,0.5353121801432958,0.5239808153477218
70,9,67,42,100000,100000,777,770,806,798,0.5,0.533,0.5239808153477218
70,9,68,42,100000,100000,779,806,806,798,0.5,0.5323529411764706,0.5239808153477218
70,9,69,42,100000,100000,813,772,806,798,0.5,0.5333998005982054,0.5239808153477218
70,9,70,42,100000,100000,826,830,806,798,0.5,0.5314814814814814,0.5239808153477218
70,9,71,42,100000,100000,820,823,806,798,0.5,0.5322128851540616,0.5239808153477218
70,9,72,42,100000,100000,743,781,806,798,0.5,0.5345005149330587,0.5239808153477218
70,9,73,42,100000,100000,791,786,806,798,0.5,0.5332681017612525,0.5239808153477218
70,9,74,42,100000,100000,749,781,806,798,0.5,0.5353121801432958,0.5239808153477218
70,9,75,42,100000,100000,780,782,806,798,0.5,0.5319567354965585,0.5239808153477218
70,9,76,42,100000,100000,845,791,806,798,0.5,0.5350877192982456,0.5239808153477218
70,9,77,42,100000,100000,793,800,806,798,0.5,0.5346820809248555,0.5239808153477218
70,9,78,42,100000,100000,755,805,806,798,0.5,0.5339412360688957,0.5239808153477218
70,9,79,42,100000,100000,807,774,806,798,0.5,0.5332671300893744,0.5239808153477218
70,9,80,42,100000,100000,784,792,806,798,0.5,0.5346341463414634,0.5239808153477218
70,9,81,42,100000,100000,793,794,806,798,0.5,0.5339147286821705,0.5239808153477218
70,9,82,42,100000,100000,806,760,806,798,0.5,0.5344129554655871,0.5239808153477218
70,9,83,42,100000,100000,788,807,806,798,0.5,0.5339805825242718,0.5239808153477218
70,9,84,42,100000,100000,808,790,806,798,0.5,0.5350877192982456,0.5239808153477218
70,9,85,42,100000,100000,788,771,806,798,0.5,0.5329341317365269,0.5239808153477218
70,9,86,42,100000,100000,821,775,806,798,0.5,0.5337301587301587,0.5239808153477218
70,9,87,42,100000,100000,841,791,806,798,0.5,0.5350877192982456,0.5239808153477218
70,9,88,42,100000,100000,818,746,806,798,0.5,0.534020618556701,0.5239808153477218
70,9,89,42,100000,100000,804,773,806,798,0.5,0.5338645418326693,0.5239808153477218
70,9,90,42,100000,100000,760,827,806,798,0.5,0.5337361530715005,0.5239808153477218
70,9,91,42,100000,100000,803,779,806,798,0.5,0.5325443786982249,0.5239808153477218
70,9,92,42,100000,100000,794,766,806,798,0.5,0.5331325301204819,0.5239808153477218
70,9,93,42,100000,100000,788,769,806,798,0.5,0.533,0.5239808153477218
70,9,94,42,100000,100000,784,804,806,798,0.5,0.5346341463414634,0.5239808153477218
70,9,95,42,100000,100000,831,806,806,798,0.5,0.5363984674329502,0.5239808153477218
70,9,96,42,100000,100000,812,807,806,798,0.5,0.5363984674329502,0.5239808153477218
70,9,97,42,100000,100000,785,807,806,798,0.5,0.5350877192982456,0.5239808153477218
70,9,98,42,100000,100000,800,798,806,798,0.5,0.5347490347490348,0.5239808153477218
70,9,99,42,100000,100000,775,772,806,798,0.5,0.5333998005982054,0.5239808153477218
70,10,0,42,100000,100000,728,778,790,792,0.5,0.5170630816959669,0.4950980392156863
70,10,1,42,100000,100000,765,786,790,792,0.5,0.5172413793103449,0.4950980392156863
70,10,2,42,100000,100000,804,796,790,792,0.5,0.5178055822906641,0.4950980392156863
70,10,3,42,100000,100000,795,803,790,792,0.5,0.5186246418338109,0.4950980392156863
70,10,4,42,100000,100000,776,746,790,792,0.5,0.517948717948718,0.4950980392156863
70,10,5,42,100000,100000,807,741,790,792,0.5,0.5175257731958763,0.4950980392156863
70,10,6,42,100000,100000,826,753,790,792,0.5,0.516260162601626,0.4950980392156863
70,10,7,42,100000,100000,803,784,790,792,0.5,0.5180840664711632,0.4950980392156863
70,10,8,42,100000,100000,780,793,790,792,0.5,0.5179090029041626,0.4950980392156863
70,10,9,42,100000,100000,815,758,790,792,0.5,0.5166498486377397,0.4950980392156863
70,10,10,42,100000,100000,832,796,790,792,0.5,0.5178055822906641,0.4950980392156863
70,10,11,42,100000,100000,820,759,790,792,0.5,0.5171370967741935,0.4950980392156863
70,10,12,42,100000,100000,786,818,790,792,0.5,0.5186602870813397,0.4950980392156863
70,10,13,42,100000,100000,754,787,790,792,0.5,0.518,0.4950980392156863
70,10,14,42,100000,100000,754,764,790,792,0.5,0.518,0.4950980392156863
70,10,15,42,100000,100000,860,798,790,792,0.5,0.517274472168906,0.4950980392156863
70,10,16,42,100000,100000,750,801,790,792,0.5,0.5180722891566265,0.4950980392156863
70,10,17,42,100000,100000,850,791,790,792,0.5,0.5179090029041626,0.4950980392156863
70,10,18,42,100000,100000,792,772,790,792,0.5,0.5178217821782178,0.4950980392156863
70,10,19,42,100000,100000,780,800,790,792,0.5,0.5173410404624278,0.4950980392156863
70,10,20,42,100000,100000,826,818,790,792,0.5,0.5186915887850467,0.4950980392156863
70,10,21,42,100000,100000,867,789,790,792,0.5,0.5169738118331717,0.4950980392156863
70,10,22,42,100000,100000,800,806,790,792,0.5,0.5186246418338109,0.4950980392156863
70,10,23,42,100000,100000,766,797,790,792,0.5,0.5177165354330708,0.4950980392156863
70,10,24,42,100000,100000,816,744,790,792,0.5,0.5179856115107914,0.4950980392156863
70,10,25,42,100000,100000,796,790,790,792,0.5,0.5174418604651163,0.4950980392156863
70,10,26,42,100000,100000,777,766,790,792,0.5,0.5179640718562875,0.4950980392156863
70,10,27,42,100000,100000,789,810,790,792,0.5,0.5171102661596958,0.4950980392156863
70,10,28,42,100000,100000,784,816,790,792,0.5,0.5177372962607862,0.4950980392156863
70,10,29,42,100000,100000,785,813,790,792,0.5,0.5181992337164751,0.4950980392156863
70,10,30,42,100000,100000,814,763,790,792,0.5,0.5175175175175175,0.4950980392156863
70,10,31,42,100000,100000,821,742,790,792,0.5,0.5175257731958763,0.4950980392156863
70,10,32,42,100000,100000,812,796,790,792,0.5,0.5178055822906641,0.4950980392156863
70,10,33,42,100000,100000,767,810,790,792,0.5,0.5181907571288102,0.4950980392156863
70,10,34,42,100000,100000,801,787,790,792,0.5,0.5175438596491229,0.4950980392156863
70,10,35,42,100000,100000,790,830,790,792,0.5,0.5171102661596958,0.4950980392156863
70,10,36,42,100000,100000,819,831,790,792,0.5,0.5203327171903882,0.4950980392156863
70,10,37,42,100000,100000,812,767,790,792,0.5,0.5179282868525896,0.4950980392156863
70,10,38,42,100000,100000,785,785,790,792,0.5,0.5175438596491229,0.4950980392156863
70,10,39,42,100000,100000,765,857,790,792,0.5,0.5172413793103449,0.4950980392156863
70,10,40,42,100000,100000,827,757,790,792,0.5,0.5161616161616162,0.4950980392156863
70,10,41,42,100000,100000,804,793,790,792,0.5,0.5179090029041626,0.4950980392156863
70,10,42,42,100000,100000,783,762,790,792,0.5,0.5180722891566265,0.4950980392156863
70,10,43,42,100000,100000,788,798,790,792,0.5,0.517274472168906,0.4950980392156863
70,10,44,42,100000,100000,785,773,790,792,0.5,0.5178217821782178,0.4950980392156863
70,10,45,42,100000,100000,796,748,790,792,0.5,0.5173824130879345,0.4950980392156863
70,10,46,42,100000,100000,813,773,790,792,0.5,0.5178217821782178,0.4950980392156863
70,10,47,42,100000,100000,795,820,790,792,0.5,0.5175355450236967,0.4950980392156863
70,10,48,42,100000,100000,765,810,790,792,0.5,0.5172413793103449,0.4950980392156863
70,10,49,42,100000,100000,794,812,790,792,0.5,0.5175355450236967,0.4950980392156863
70,10,50,42,100000,100000,792,756,790,792,0.5,0.5172413793103449,0.4950980392156863
70,10,51,42,100000,100000,756,826,790,792,0.5,0.5179640718562875,0.4950980392156863
70,10,52,42,100000,100000,807,800,790,792,0.5,0.5181992337164751,0.4950980392156863
70,10,53,42,100000,100000,789,752,790,792,0.5,0.5168195718654435,0.4950980392156863
70,10,54,42,100000,100000,832,815,790,792,0.5,0.5178236397748592,0.4950980392156863
70,10,55,42,100000,100000,767,797,790,792,0.5,0.5181907571288102,0.4950980392156863
70,10,56,42,100000,100000,839,798,790,792,0.5,0.517274472168906,0.4950980392156863
70,10,57,42,100000,100000,762,789,790,792,0.5,0.5178217821782178,0.4950980392156863
70,10,58,42,100000,100000,789,775,790,792,0.5,0.5172413793103449,0.4950980392156863
70,10,59,42,100000,100000,827,767,790,792,0.5,0.5179282868525896,0.4950980392156863
70,10,60,42,100000,100000,813,750,790,792,0.5,0.5173824130879345,0.4950980392156863
70,10,61,42,100000,100000,790,802,790,792,0.5,0.5186602870813397,0.4950980392156863
70,10,62,42,100000,100000,799,820,790,792,0.5,0.5174363807728558,0.4950980392156863
70,10,63,42,100000,100000,785,765,790,792,0.5,0.5179640718562875,0.4950980392156863
70,10,64,42,100000,100000,807,778,790,792,0.5,0.518664047151277,0.4950980392156863
70,10,65,42,100000,100000,759,790,790,792,0.5,0.5178571428571429,0.4950980392156863
70,10,66,42,100000,100000,796,769,790,792,0.5,0.5184079601990049,0.4950980392156863
70,10,67,42,100000,100000,789,812,790,792,0.5,0.5171102661596958,0.4950980392156863
70,10,68,42,100000,100000,769,803,790,792,0.5,0.5191364082433758,0.4950980392156863
70,10,69,42,100000,100000,779,808,790,792,0.5,0.5168756027000965,0.4950980392156863
70,10,70,42,100000,100000,814,779,790,792,0.5,0.5191364082433758,0.4950980392156863
70,10,71,42,100000,100000,808,757,790,792,0.5,0.5161616161616162,0.4950980392156863
70,10,72,42,100000,100000,754,802,790,792,0.5,0.518,0.4950980392156863
70,10,73,42,100000,100000,825,822,790,792,0.5,0.52,0.4950980392156863
70,10,74,42,100000,100000,761,774,790,792,0.5,0.5178217821782178,0.4950980392156863
70,10,75,42,100000,100000,820,754,790,792,0.5,0.516751269035533,0.4950980392156863
70,10,76,42,100000,100000,806,806,790,792,0.5,0.5186246418338109,0.4950980392156863
70,10,77,42,100000,100000,730,805,790,792,0.5,0.5170278637770898,0.4950980392156863
70,10,78,42,100000,100000,827,753,790,792,0.5,0.516260162601626,0.4950980392156863
70,10,79,42,100000,100000,781,781,790,792,0.5,0.5191364082433758,0.4950980392156863
70,10,80,42,100000,100000,803,753,790,792,0.5,0.516260162601626,0.4950980392156863
70,10,81,42,100000,100000,826,777,790,792,0.5,0.5181907571288102,0.4950980392156863
70,10,82,42,100000,100000,794,776,790,792,0.5,0.5177165354330708,0.4950980392156863
70,10,83,42,100000,100000,759,789,790,792,0.5,0.5178571428571429,0.4950980392156863
70,10,84,42,100000,100000,788,804,790,792,0.5,0.5186246418338109,0.4950980392156863
70,10,85,42,100000,100000,778,810,790,792,0.5,0.5179090029041626,0.4950980392156863
70,10,86,42,100000,100000,805,767,790,792,0.5,0.5179282868525896,0.4950980392156863
70,10,87,42,100000,100000,786,813,790,792,0.5,0.5186602870813397,0.4950980392156863
70,10,88,42,100000,100000,763,769,790,792,0.5,0.5184079601990049,0.4950980392156863
70,10,89,42,100000,100000,800,771,790,792,0.5,0.5178571428571429,0.4950980392156863
70,10,90,42,100000,100000,801,788,790,792,0.5,0.516504854368932,0.4950980392156863
70,10,91,42,100000,100000,781,811,790,792,0.5,0.5178055822906641,0.4950980392156863
70,10,92,42,100000,100000,776,780,790,792,0.5,0.5191364082433758,0.4950980392156863
70,10,93,42,100000,100000,794,800,790,792,0.5,0.5181992337164751,0.4950980392156863
70,10,94,42,100000,100000,799,788,790,792,0.5,0.516504854368932,0.4950980392156863
70,10,95,42,100000,100000,789,756,790,792,0.5,0.5172413793103449,0.4950980392156863
70,10,96,42,100000,100000,779,753,790,792,0.5,0.516260162601626,0.4950980392156863
70,10,97,42,100000,100000,768,838,790,792,0.5,0.518664047151277,0.4950980392156863
70,10,98,42,100000,100000,788,785,790,792,0.5,0.5175438596491229,0.4950980392156863
70,10,99,42,100000,100000,770,800,790,792,0.5,0.5180840664711632,0.4950980392156863
70,11,0,42,100000,100000,802,834,803,799,0.5,0.4735376044568245,0.4874251497005988
70,11,1,42,100000,100000,771,813,803,799,0.5,0.4773820981713186,0.4874251497005988
70,11,2,42,100000,100000,761,777,803,799,0.5,0.4752186588921283,0.4874251497005988
70,11,3,42,100000,100000,807,784,803,799,0.5,0.47304832713754646,0.4874251497005988
70,11,4,42,100000,100000,744,787,803,799,0.5,0.4825174825174825,0.4874251497005988
70,11,5,42,100000,100000,753,771,803,799,0.5,0.4826216484607746,0.4874251497005988
70,11,6,42,100000,100000,743,771,803,799,0.5,0.4825174825174825,0.4874251497005988
70,11,7,42,100000,100000,752,751,803,799,0.5,0.4826216484607746,0.4874251497005988
70,11,8,42,100000,100000,810,842,803,799,0.5,0.4733455882352941,0.4874251497005988
70,11,9,42,100000,100000,823,796,803,799,0.5,0.4738771769019248,0.4874251497005988
70,11,10,42,100000,100000,761,789,803,799,0.5,0.4752186588921283,0.4874251497005988
70,11,11,42,100000,100000,811,785,803,799,0.5,0.4735376044568245,0.4874251497005988
70,11,12,42,100000,100000,768,745,803,799,0.5,0.4826216484607746,0.4874251497005988
70,11,13,42,100000,100000,751,772,803,799,0.5,0.4826216484607746,0.4874251497005988
70,11,14,42,100000,100000,780,786,803,799,0.5,0.4752851711026616,0.4874251497005988
70,11,15,42,100000,100000,785,748,803,799,0.5,0.4826216484607746,0.4874251497005988
70,11,16,42,100000,100000,734,812,803,799,0.5,0.48328267477203646,0.4874251497005988
70,11,17,42,100000,100000,835,783,803,799,0.5,0.47343895619757687,0.4874251497005988
70,11,18,42,100000,100000,786,812,803,799,0.5,0.4744318181818182,0.4874251497005988
70,11,19,42,100000,100000,811,788,803,799,0.5,0.47451343836886006,0.4874251497005988
70,11,20,42,100000,100000,797,818,803,799,0.5,0.4738317757009346,0.4874251497005988
70,11,21,42,100000,100000,787,814,803,799,0.5,0.4740321057601511,0.4874251497005988
70,11,22,42,100000,100000,788,802,803,799,0.5,0.4740321057601511,0.4874251497005988
70,11,23,42,100000,100000,779,776,803,799,0.5,0.4747859181731684,0.4874251497005988
70,11,24,42,100000,100000,753,786,803,799,0.5,0.4826216484607746,0.4874251497005988
70,11,25,42,100000,100000,800,775,803,799,0.5,0.4740810556079171,0.4874251497005988
70,11,26,42,100000,100000,818,796,803,799,0.5,0.4738771769019248,0.4874251497005988
70,11,27,42,100000,100000,739,846,803,799,0.5,0.48144433299899697,0.4874251497005988
70,11,28,42,100000,100000,830,730,803,799,0.5,0.48328267477203646,0.4874251497005988
70,11,29,42,100000,100000,773,840,803,799,0.5,0.4773820981713186,0.4874251497005988
70,11,30,42,100000,100000,778,763,803,799,0.5,0.4773384763741562,0.4874251497005988
70,11,31,42,100000,100000,788,794,803,799,0.5,0.4740321057601511,0.4874251497005988
70,11,32,42,100000,100000,827,787,803,799,0.5,0.47451343836886006,0.4874251497005988
70,11,33,42,100000,100000,796,785,803,799,0.5,0.4738317757009346,0.4874251497005988
70,11,34,42,100000,100000,764,812,803,799,0.5,0.4757751937984496,0.4874251497005988
70,11,35,42,100000,100000,786,801,803,799,0.5,0.4744318181818182,0.4874251497005988
70,11,36,42,100000,100000,768,772,803,799,0.5,0.47729468599033814,0.4874251497005988
70,11,37,42,100000,100000,809,786,803,799,0.5,0.474025974025974,0.4874251497005988
70,11,38,42,100000,100000,758,793,803,799,0.5,0.47698334965719885,0.4874251497005988
70,11,39,42,100000,100000,771,806,803,799,0.5,0.4773820981713186,0.4874251497005988
70,11,40,42,100000,100000,809,773,803,799,0.5,0.4744318181818182,0.4874251497005988
70,11,41,42,100000,100000,779,816,803,799,0.5,0.4747859181731684,0.4874251497005988
70,11,42,42,100000,100000,793,786,803,799,0.5,0.47368421052631576,0.4874251497005988
70,11,43,42,100000,100000,748,831,803,799,0.5,0.4826216484607746,0.4874251497005988
70,11,44,42,100000,100000,795,818,803,799,0.5,0.47333956969130025,0.4874251497005988
70,11,45,42,100000,100000,791,761,803,799,0.5,0.47678916827852996,0.4874251497005988
70,11,46,42,100000,100000,782,809,803,799,0.5,0.4752851711026616,0.4874251497005988
70,11,47,42,100000,100000,806,798,803,799,0.5,0.4745605920444033,0.4874251497005988
70,11,48,42,100000,100000,789,798,803,799,0.5,0.4740810556079171,0.4874251497005988
70,11,49,42,100000,100000,799,782,803,799,0.5,0.4738317757009346,0.4874251497005988
70,11,50,42,100000,100000,804,767,803,799,0.5,0.4773820981713186,0.4874251497005988
70,11,51,42,100000,100000,777,778,803,799,0.5,0.4751434034416826,0.4874251497005988
70,11,52,42,100000,100000,759,756,803,799,0.5,0.47609756097560973,0.4874251497005988
70,11,53,42,100000,100000,783,854,803,799,0.5,0.4752851711026616,0.4874251497005988
70,11,54,42,100000,100000,788,856,803,799,0.5,0.4740321057601511,0.4874251497005988
70,11,55,42,100000,100000,795,809,803,799,0.5,0.47333956969130025,0.4874251497005988
70,11,56,42,100000,100000,749,756,803,799,0.5,0.4826216484607746,0.4874251497005988
70,11,57,42,100000,100000,782,766,803,799,0.5,0.4773820981713186,0.4874251497005988
70,11,58,42,100000,100000,776,818,803,799,0.5,0.4751434034416826,0.4874251497005988
70,11,59,42,100000,100000,754,770,803,799,0.5,0.4826216484607746,0.4874251497005988
70,11,60,42,100000,100000,736,780,803,799,0.5,0.48282828282828283,0.4874251497005988
70,11,61,42,100000,100000,759,780,803,799,0.5,0.47609756097560973,0.4874251497005988
70,11,62,42,100000,100000,785,834,803,799,0.5,0.4744318181818182,0.4874251497005988
70,11,63,42,100000,100000,805,797,803,799,0.5,0.4745605920444033,0.4874251497005988
70,11,64,42,100000,100000,771,762,803,799,0.5,0.47729468599033814,0.4874251497005988
70,11,65,42,100000,100000,808,783,803,799,0.5,0.47343895619757687,0.4874251497005988
70,11,66,42,100000,100000,788,801,803,799,0.5,0.4740321057601511,0.4874251497005988
70,11,67,42,100000,100000,771,775,803,799,0.5,0.4773820981713186,0.4874251497005988
70,11,68,42,100000,100000,773,770,803,799,0.5,0.4773820981713186,0.4874251497005988
70,11,69,42,100000,100000,802,763,803,799,0.5,0.4773384763741562,0.4874251497005988
70,11,70,42,100000,100000,762,766,803,799,0.5,0.47572815533980584,0.4874251497005988
70,11,71,42,100000,100000,766,804,803,799,0.5,0.47678916827852996,0.4874251497005988
70,11,72,42,100000,100000,758,781,803,799,0.5,0.47698334965719885,0.4874251497005988
70,11,73,42,100000,100000,768,816,803,799,0.5,0.47729468599033814,0.4874251497005988
70,11,74,42,100000,100000,758,812,803,799,0.5,0.47698334965719885,0.4874251497005988
70,11,75,42,100000,100000,810,804,803,799,0.5,0.4733455882352941,0.4874251497005988
70,11,76,42,100000,100000,827,813,803,799,0.5,0.4739208633093525,0.4874251497005988
70,11,77,42,100000,100000,778,790,803,799,0.5,0.4742857142857143,0.4874251497005988
70,11,78,42,100000,100000,804,810,803,799,0.5,0.47451343836886006,0.4874251497005988
70,11,79,42,100000,100000,758,820,803,799,0.5,0.47698334965719885,0.4874251497005988
70,11,80,42,100000,100000,790,817,803,799,0.5,0.4740810556079171,0.4874251497005988
70,11,81,42,100000,100000,774,817,803,799,0.5,0.4773820981713186,0.4874251497005988
70,11,82,42,100000,100000,777,788,803,799,0.5,0.4751434034416826,0.4874251497005988
70,11,83,42,100000,100000,778,782,803,799,0.5,0.4742857142857143,0.4874251497005988
70,11,84,42,100000,100000,821,835,803,799,0.5,0.4745916515426497,0.4874251497005988
70,11,85,42,100000,100000,790,852,803,799,0.5,0.4740810556079171,0.4874251497005988
70,11,86,42,100000,100000,808,801,803,799,0.5,0.4745605920444033,0.4874251497005988
70,11,87,42,100000,100000,811,818,803,799,0.5,0.47339449541284406,0.4874251497005988
70,11,88,42,100000,100000,774,800,803,799,0.5,0.4773820981713186,0.4874251497005988
70,11,89,42,100000,100000,784,810,803,799,0.5,0.4744318181818182,0.4874251497005988
70,11,90,42,100000,100000,829,837,803,799,0.5,0.4748653500897666,0.4874251497005988
70,11,91,42,100000,100000,782,769,803,799,0.5,0.4751434034416826,0.4874251497005988
70,11,92,42,100000,100000,784,825,803,799,0.5,0.4744318181818182,0.4874251497005988
70,11,93,42,100000,100000,760,823,803,799,0.5,0.47609756097560973,0.4874251497005988
70,11,94,42,100000,100000,813,730,803,799,0.5,0.48328267477203646,0.4874251497005988
70,11,95,42,100000,100000,776,806,803,799,0.5,0.4751434034416826,0.4874251497005988
70,11,96,42,100000,100000,786,833,803,799,0.5,0.4744318181818182,0.4874251497005988
70,11,97,42,100000,100000,839,777,803,799,0.5,0.47368421052631576,0.4874251497005988
70,11,98,42,100000,100000,804,756,803,799,0.5,0.47609756097560973,0.4874251497005988
70,11,99,42,100000,100000,807,741,803,799,0.5,0.4825174825174825,0.4874251497005988
70,12,0,42,100000,100000,792,794,811,806,0.5,0.5048169556840078,0.48867699642431467
70,12,1,42,100000,100000,806,792,811,806,0.5,0.5028248587570622,0.48867699642431467
70,12,2,42,100000,100000,808,791,811,806,0.5,0.5028195488721805,0.48867699642431467
70,12,3,42,100000,100000,782,766,811,806,0.5,0.5073457394711067,0.48867699642431467
70,12,4,42,100000,100000,810,776,811,806,0.5,0.5038240917782026,0.48867699642431467
70,12,5,42,100000,100000,809,791,811,806,0.5,0.5028195488721805,0.48867699642431467
70,12,6,42,100000,100000,780,764,811,806,0.5,0.5078585461689588,0.48867699642431467
70,12,7,42,100000,100000,781,791,811,806,0.5,0.5073457394711067,0.48867699642431467
70,12,8,42,100000,100000,842,799,811,806,0.5,0.502803738317757,0.48867699642431467
70,12,9,42,100000,100000,791,740,811,806,0.5,0.5105953582240161,0.48867699642431467
70,12,10,42,100000,100000,788,790,811,806,0.5,0.5038684719535783,0.48867699642431467
70,12,11,42,100000,100000,786,778,811,806,0.5,0.504364694471387,0.48867699642431467
70,12,12,42,100000,100000,750,787,811,806,0.5,0.5076452599388379,0.48867699642431467
70,12,13,42,100000,100000,753,766,811,806,0.5,0.5086294416243655,0.48867699642431467
70,12,14,42,100000,100000,798,776,811,806,0.5,0.5038240917782026,0.48867699642431467
70,12,15,42,100000,100000,814,801,811,806,0.5,0.5023255813953489,0.48867699642431467
70,12,16,42,100000,100000,790,784,811,806,0.5,0.5043394406943105,0.48867699642431467
70,12,17,42,100000,100000,779,812,811,806,0.5,0.5078585461689588,0.48867699642431467
70,12,18,42,100000,100000,801,827,811,806,0.5,0.5042816365366318,0.48867699642431467
70,12,19,42,100000,100000,797,793,811,806,0.5,0.5038240917782026,0.48867699642431467
70,12,20,42,100000,100000,784,751,811,806,0.5,0.5079051383399209,0.48867699642431467
70,12,21,42,100000,100000,787,743,811,806,0.5,0.5085085085085085,0.48867699642431467
70,12,22,42,100000,100000,809,757,811,806,0.5,0.5078585461689588,0.48867699642431467
70,12,23,42,100000,100000,810,781,811,806,0.5,0.5047528517110266,0.48867699642431467
70,12,24,42,100000,100000,808,808,811,806,0.5,0.5028195488721805,0.48867699642431467
70,12,25,42,100000,100000,803,799,811,806,0.5,0.5047528517110266,0.48867699642431467
70,12,26,42,100000,100000,768,803,811,806,0.5,0.5089820359281437,0.48867699642431467
70,12,27,42,100000,100000,789,771,811,806,0.5,0.5043478260869565,0.48867699642431467
70,12,28,42,100000,100000,812,787,811,806,0.5,0.5033050047214354,0.48867699642431467
70,12,29,42,100000,100000,801,805,811,806,0.5,0.5042816365366318,0.48867699642431467
70,12,30,42,100000,100000,823,784,811,806,0.5,0.5047528517110266,0.48867699642431467
70,12,31,42,100000,100000,817,788,811,806,0.5,0.5033050047214354,0.48867699642431467
70,12,32,42,100000,100000,806,740,811,806,0.5,0.5105953582240161,0.48867699642431467
70,12,33,42,100000,100000,813,809,811,806,0.5,0.5018621973929237,0.48867699642431467
70,12,34,42,100000,100000,782,778,811,806,0.5,0.5073457394711067,0.48867699642431467
70,12,35,42,100000,100000,823,771,811,806,0.5,0.5048169556840078,0.48867699642431467
70,12,36,42,100000,100000,784,761,811,806,0.5,0.5068359375,0.48867699642431467
70,12,37,42,100000,100000,786,808,811,806,0.5,0.504364694471387,0.48867699642431467
70,12,38,42,100000,100000,788,796,811,806,0.5,0.5038684719535783,0.48867699642431467
70,12,39,42,100000,100000,747,807,811,806,0.5,0.5081967213114754,0.48867699642431467
70,12,40,42,100000,100000,836,768,811,806,0.5,0.5043478260869565,0.48867699642431467
70,12,41,42,100000,100000,784,792,811,806,0.5,0.5068359375,0.48867699642431467
70,12,42,42,100000,100000,805,814,811,806,0.5,0.5033050047214354,0.48867699642431467
70,12,43,42,100000,100000,755,787,811,806,0.5,0.5096251266464032,0.48867699642431467
70,12,44,42,100000,100000,760,803,811,806,0.5,0.5105953582240161,0.48867699642431467
70,12,45,42,100000,100000,804,771,811,806,0.5,0.5048169556840078,0.48867699642431467
70,12,46,42,100000,100000,804,822,811,806,0.5,0.5033112582781457,0.48867699642431467
70,12,47,42,100000,100000,804,789,811,806,0.5,0.5033112582781457,0.48867699642431467
70,12,48,42,100000,100000,785,773,811,806,0.5,0.5068359375,0.48867699642431467
70,12,49,42,100000,100000,790,810,811,806,0.5,0.5043394406943105,0.48867699642431467
70,12,50,42,100000,100000,774,790,811,806,0.5,0.5074183976261127,0.48867699642431467
70,12,51,42,100000,100000,746,771,811,806,0.5,0.5081967213114754,0.48867699642431467
70,12,52,42,100000,100000,785,822,811,806,0.5,0.5068359375,0.48867699642431467
70,12,53,42,100000,100000,765,788,811,806,0.5,0.509,0.48867699642431467
70,12,54,42,100000,100000,821,810,811,806,0.5,0.5023041474654378,0.48867699642431467
70,12,55,42,100000,100000,819,800,811,806,0.5,0.5018621973929237,0.48867699642431467
70,12,56,42,100000,100000,816,789,811,806,0.5,0.5033050047214354,0.48867699642431467
70,12,57,42,100000,100000,785,832,811,806,0.5,0.5068359375,0.48867699642431467
70,12,58,42,100000,100000,794,795,811,806,0.5,0.5043227665706052,0.48867699642431467
70,12,59,42,100000,100000,822,784,811,806,0.5,0.5047528517110266,0.48867699642431467
70,12,60,42,100000,100000,788,803,811,806,0.5,0.5038684719535783,0.48867699642431467
70,12,61,42,100000,100000,801,810,811,806,0.5,0.5042816365366318,0.48867699642431467
70,12,62,42,100000,100000,753,728,811,806,0.5,0.5081799591002045,0.48867699642431467
70,12,63,42,100000,100000,802,817,811,806,0.5,0.5047528517110266,0.48867699642431467
70,12,64,42,100000,100000,821,786,811,806,0.5,0.5033112582781457,0.48867699642431467
70,12,65,42,100000,100000,827,805,811,806,0.5,0.5018518518518519,0.48867699642431467
70,12,66,42,100000,100000,831,778,811,806,0.5,0.5042897998093422,0.48867699642431467
70,12,67,42,100000,100000,819,792,811,806,0.5,0.5032863849765258,0.48867699642431467
70,12,68,42,100000,100000,772,845,811,806,0.5,0.5069444444444444,0.48867699642431467
70,12,69,42,100000,100000,790,792,811,806,0.5,0.5043394406943105,0.48867699642431467
70,12,70,42,100000,100000,788,819,811,806,0.5,0.5038684719535783,0.48867699642431467
70,12,71,42,100000,100000,784,840,811,806,0.5,0.5068359375,0.48867699642431467
70,12,72,42,100000,100000,791,782,811,806,0.5,0.5048169556840078,0.48867699642431467
70,12,73,42,100000,100000,864,823,811,806,0.5,0.5040797824116047,0.48867699642431467
70,12,74,42,100000,100000,810,776,811,806,0.5,0.5038240917782026,0.48867699642431467
70,12,75,42,100000,100000,767,825,811,806,0.5,0.5089820359281437,0.48867699642431467
70,12,76,42,100000,100000,754,821,811,806,0.5,0.5091277890466531,0.48867699642431467
70,12,77,42,100000,100000,809,797,811,806,0.5,0.5032863849765258,0.48867699642431467
70,12,78,42,100000,100000,765,733,811,806,0.5,0.5086294416243655,0.48867699642431467
70,12,79,42,100000,100000,759,768,811,806,0.5,0.5105953582240161,0.48867699642431467
70,12,80,42,100000,100000,787,857,811,806,0.5,0.504364694471387,0.48867699642431467
70,12,81,42,100000,100000,788,767,811,806,0.5,0.5038684719535783,0.48867699642431467
70,12,82,42,100000,100000,785,764,811,806,0.5,0.5068359375,0.48867699642431467
70,12,83,42,100000,100000,763,783,811,806,0.5,0.5085255767301906,0.48867699642431467
70,12,84,42,100000,100000,786,804,811,806,0.5,0.504364694471387,0.48867699642431467
70,12,85,42,100000,100000,790,829,811,806,0.5,0.5043394406943105,0.48867699642431467
70,12,86,42,100000,100000,779,789,811,806,0.5,0.5078585461689588,0.48867699642431467
70,12,87,42,100000,100000,791,781,811,806,0.5,0.5048169556840078,0.48867699642431467
70,12,88,42,100000,100000,805,781,811,806,0.5,0.5047528517110266,0.48867699642431467
70,12,89,42,100000,100000,777,783,811,806,0.5,0.5073891625615764,0.48867699642431467
70,12,90,42,100000,100000,780,785,811,806,0.5,0.5078585461689588,0.48867699642431467
70,12,91,42,100000,100000,794,764,811,806,0.5,0.5068359375,0.48867699642431467
70,12,92,42,100000,100000,807,741,811,806,0.5,0.5085255767301906,0.48867699642431467
70,12,93,42,100000,100000,781,784,811,806,0.5,0.5073457394711067,0.48867699642431467
70,12,94,42,100000,100000,804,760,811,806,0.5,0.5068359375,0.48867699642431467
70,12,95,42,100000,100000,777,775,811,806,0.5,0.5073891625615764,0.48867699642431467
70,12,96,42,100000,100000,797,769,811,806,0.5,0.5043478260869565,0.48867699642431467
70,12,97,42,100000,100000,780,766,811,806,0.5,0.5078585461689588,0.48867699642431467
70,12,98,42,100000,100000,776,803,811,806,0.5,0.5079051383399209,0.48867699642431467
70,12,99,42,100000,100000,761,797,811,806,0.5,0.5105953582240161,0.48867699642431467
70,13,0,42,100000,100000,798,816,804,794,0.5,0.5004766444232602,0.5060386473429952
70,13,1,42,100000,100000,796,823,804,794,0.5,0.5,0.5060386473429952
70,13,2,42,100000,100000,790,817,804,794,0.5,0.4971209213051823,0.5060386473429952
70,13,3,42,100000,100000,815,727,804,794,0.5,0.5025588536335721,0.5060386473429952
70,13,4,42,100000,100000,752,824,804,794,0.5,0.5010121457489879,0.5060386473429952
70,13,5,42,100000,100000,806,753,804,794,0.5,0.5009861932938856,0.5060386473429952
70,13,6,42,100000,100000,837,771,804,794,0.5,0.49760306807286675,0.5060386473429952
70,13,7,42,100000,100000,800,775,804,794,0.5,0.4995224450811843,0.5060386473429952
70,13,8,42,100000,100000,759,817,804,794,0.5,0.5025025025025025,0.5060386473429952
70,13,9,42,100000,100000,773,812,804,794,0.5,0.5009861932938856,0.5060386473429952
70,13,10,42,100000,100000,814,751,804,794,0.5,0.5009881422924901,0.5060386473429952
70,13,11,42,100000,100000,789,841,804,794,0.5,0.4966378482228626,0.5060386473429952
70,13,12,42,100000,100000,764,763,804,794,0.5,0.5009940357852882,0.5060386473429952
70,13,13,42,100000,100000,765,813,804,794,0.5,0.5014895729890765,0.5060386473429952
70,13,14,42,100000,100000,795,809,804,794,0.5,0.4995224450811843,0.5060386473429952
70,13,15,42,100000,100000,767,806,804,794,0.5,0.5004945598417408,0.5060386473429952
70,13,16,42,100000,100000,788,776,804,794,0.5,0.4966313763233879,0.5060386473429952
70,13,17,42,100000,100000,763,783,804,794,0.5,0.5014955134596212,0.5060386473429952
70,13,18,42,100000,100000,749,797,804,794,0.5,0.500507614213198,0.5060386473429952
70,13,19,42,100000,100000,806,739,804,794,0.5,0.5020080321285141,0.5060386473429952
70,13,20,42,100000,100000,819,777,804,794,0.5,0.5004766444232602,0.5060386473429952
70,13,21,42,100000,100000,784,774,804,794,0.5,0.49709864603481624,0.5060386473429952
70,13,22,42,100000,100000,770,762,804,794,0.5,0.5009861932938856,0.5060386473429952
70,13,23,42,100000,100000,807,774,804,794,0.5,0.49904397705544934,0.5060386473429952
70,13,24,42,100000,100000,814,830,804,794,0.5,0.49953227315247895,0.5060386473429952
70,13,25,42,100000,100000,731,783,804,794,0.5,0.5051975051975052,0.5060386473429952
70,13,26,42,100000,100000,797,789,804,794,0.5,0.5004766444232602,0.5060386473429952
70,13,27,42,100000,100000,795,777,804,794,0.5,0.4995224450811843,0.5060386473429952
70,13,28,42,100000,100000,796,788,804,794,0.5,0.5,0.5060386473429952
70,13,29,42,100000,100000,789,791,804,794,0.5,0.4966378482228626,0.5060386473429952
70,13,30,42,100000,100000,827,780,804,794,0.5,0.5,0.5060386473429952
70,13,31,42,100000,100000,765,767,804,794,0.5,0.5014895729890765,0.5060386473429952
70,13,32,42,100000,100000,796,740,804,794,0.5,0.5025075225677031,0.5060386473429952
70,13,33,42,100000,100000,739,768,804,794,0.5,0.5020576131687243,0.5060386473429952
70,13,34,42,100000,100000,787,811,804,794,0.5,0.4966313763233879,0.5060386473429952
70,13,35,42,100000,100000,844,769,804,794,0.5,0.4966378482228626,0.5060386473429952
70,13,36,42,100000,100000,791,793,804,794,0.5,0.49760306807286675,0.5060386473429952
70,13,37,42,100000,100000,741,800,804,794,0.5,0.5020491803278688,0.5060386473429952
70,13,38,42,100000,100000,755,798,804,794,0.5,0.5025227043390514,0.5060386473429952
70,13,39,42,100000,100000,799,741,804,794,0.5,0.5025075225677031,0.5060386473429952
70,13,40,42,100000,100000,848,749,804,794,0.5,0.5014895729890765,0.5060386473429952
70,13,41,42,100000,100000,790,817,804,794,0.5,0.4971209213051823,0.5060386473429952
70,13,42,42,100000,100000,767,846,804,794,0.5,0.5004945598417408,0.5060386473429952
70,13,43,42,100000,100000,807,797,804,794,0.5,0.4990583804143126,0.5060386473429952
70,13,44,42,100000,100000,758,784,804,794,0.5,0.5025075225677031,0.5060386473429952
70,13,45,42,100000,100000,769,816,804,794,0.5,0.5009881422924901,0.5060386473429952
70,13,46,42,100000,100000,794,775,804,794,0.5,0.49904397705544934,0.5060386473429952
70,13,47,42,100000,100000,780,755,804,794,0.5,0.5009861932938856,0.5060386473429952
70,13,48,42,100000,100000,730,809,804,794,0.5,0.5051975051975052,0.5060386473429952
70,13,49,42,100000,100000,779,820,804,794,0.5,0.4965986394557823,0.5060386473429952
70,13,50,42,100000,100000,794,767,804,794,0.5,0.49614643545279385,0.5060386473429952
70,13,51,42,100000,100000,852,824,804,794,0.5,0.4954954954954955,0.5060386473429952
70,13,52,42,100000,100000,766,803,804,794,0.5,0.5014895729890765,0.5060386473429952
70,13,53,42,100000,100000,816,760,804,794,0.5,0.49707602339181284,0.5060386473429952
70,13,54,42,100000,100000,813,775,804,794,0.5,0.4995224450811843,0.5060386473429952
70,13,55,42,100000,100000,782,782,804,794,0.5,0.49661181026137463,0.5060386473429952
70,13,56,42,100000,100000,844,781,804,794,0.5,0.5,0.5060386473429952
70,13,57,42,100000,100000,786,812,804,794,0.5,0.49614643545279385,0.5060386473429952
70,13,58,42,100000,100000,806,801,804,794,0.5,0.4995278564683664,0.5060386473429952
70,13,59,42,100000,100000,773,832,804,794,0.5,0.5009861932938856,0.5060386473429952
70,13,60,42,100000,100000,813,822,804,794,0.5,0.49953227315247895,0.5060386473429952
70,13,61,42,100000,100000,822,805,804,794,0.5,0.49861239592969475,0.5060386473429952
70,13,62,42,100000,100000,819,805,804,794,0.5,0.4976830398517145,0.5060386473429952
70,13,63,42,100000,100000,751,769,804,794,0.5,0.5005065856129686,0.5060386473429952
70,13,64,42,100000,100000,771,789,804,794,0.5,0.5009861932938856,0.5060386473429952
70,13,65,42,100000,100000,786,751,804,794,0.5,0.5009881422924901,0.5060386473429952
70,13,66,42,100000,100000,789,723,804,794,0.5,0.5020576131687243,0.5060386473429952
70,13,67,42,100000,100000,803,801,804,794,0.5,0.5,0.5060386473429952
70,13,68,42,100000,100000,806,775,804,794,0.5,0.4995224450811843,0.5060386473429952
70,13,69,42,100000,100000,762,778,804,794,0.5,0.5014955134596212,0.5060386473429952
70,13,70,42,100000,100000,815,830,804,794,0.5,0.49953227315247895,0.5060386473429952
70,13,71,42,100000,100000,779,773,804,794,0.5,0.4965986394557823,0.5060386473429952
70,13,72,42,100000,100000,797,802,804,794,0.5,0.5004766444232602,0.5060386473429952
70,13,73,42,100000,100000,786,841,804,794,0.5,0.49614643545279385,0.5060386473429952
70,13,74,42,100000,100000,838,763,804,794,0.5,0.49612403100775193,0.5060386473429952
70,13,75,42,100000,100000,832,788,804,794,0.5,0.49953139643861294,0.5060386473429952
70,13,76,42,100000,100000,783,770,804,794,0.5,0.49709864603481624,0.5060386473429952
70,13,77,42,100000,100000,763,802,804,794,0.5,0.5014955134596212,0.5060386473429952
70,13,78,42,100000,100000,803,769,804,794,0.5,0.4966378482228626,0.5060386473429952
70,13,79,42,100000,100000,802,760,804,794,0.5,0.49707602339181284,0.5060386473429952
70,13,80,42,100000,100000,767,827,804,794,0.5,0.5004945598417408,0.5060386473429952
70,13,81,42,100000,100000,759,803,804,794,0.5,0.5025025025025025,0.5060386473429952
70,13,82,42,100000,100000,768,730,804,794,0.5,0.5005065856129686,0.5060386473429952
70,13,83,42,100000,100000,772,805,804,794,0.5,0.5009861932938856,0.5060386473429952
70,13,84,42,100000,100000,774,756,804,794,0.5,0.5009861932938856,0.5060386473429952
70,13,85,42,100000,100000,791,747,804,794,0.5,0.5014895729890765,0.5060386473429952
70,13,86,42,100000,100000,800,748,804,794,0.5,0.5014895729890765,0.5060386473429952
70,13,87,42,100000,100000,790,792,804,794,0.5,0.4971209213051823,0.5060386473429952
70,13,88,42,100000,100000,781,785,804,794,0.5,0.49612403100775193,0.5060386473429952
70,13,89,42,100000,100000,805,834,804,794,0.5,0.4995278564683664,0.5060386473429952
70,13,90,42,100000,100000,770,844,804,794,0.5,0.5009861932938856,0.5060386473429952
70,13,91,42,100000,100000,767,790,804,794,0.5,0.5004945598417408,0.5060386473429952
70,13,92,42,100000,100000,792,768,804,794,0.5,0.4966313763233879,0.5060386473429952
70,13,93,42,100000,100000,800,805,804,794,0.5,0.5,0.5060386473429952
70,13,94,42,100000,100000,800,838,804,794,0.5,0.5,0.5060386473429952
70,13,95,42,100000,100000,790,818,804,794,0.5,0.4971209213051823,0.5060386473429952
70,13,96,42,100000,100000,813,743,804,794,0.5,0.5025025025025025,0.5060386473429952
70,13,97,42,100000,100000,807,783,804,794,0.5,0.4995278564683664,0.5060386473429952
70,13,98,42,100000,100000,804,792,804,794,0.5,0.5,0.5060386473429952
70,13,99,42,100000,100000,799,785,804,794,0.5,0.5004766444232602,0.5060386473429952
70,14,0,42,100000,100000,781,801,801,795,0.5,0.48852772466539196,0.4659498207885305
70,14,1,42,100000,100000,810,774,801,795,0.5,0.48897411313518696,0.4659498207885305
70,14,2,42,100000,100000,838,783,801,795,0.5,0.4890788224121557,0.4659498207885305
70,14,3,42,100000,100000,803,769,801,795,0.5,0.4889103182256509,0.4659498207885305
70,14,4,42,100000,100000,819,808,801,795,0.5,0.48626373626373626,0.4659498207885305
70,14,5,42,100000,100000,830,788,801,795,0.5,0.48819641170915956,0.4659498207885305
70,14,6,42,100000,100000,807,809,801,795,0.5,0.49074074074074076,0.4659498207885305
70,14,7,42,100000,100000,789,757,801,795,0.5,0.4868035190615836,0.4659498207885305
70,14,8,42,100000,100000,825,832,801,795,0.5,0.4891304347826087,0.4659498207885305
70,14,9,42,100000,100000,807,808,801,795,0.5,0.49074074074074076,0.4659498207885305
70,14,10,42,100000,100000,767,829,801,795,0.5,0.4878048780487805,0.4659498207885305
70,14,11,42,100000,100000,809,777,801,795,0.5,0.48852772466539196,0.4659498207885305
70,14,12,42,100000,100000,791,792,801,795,0.5,0.4887005649717514,0.4659498207885305
70,14,13,42,100000,100000,763,772,801,795,0.5,0.4872549019607843,0.4659498207885305
70,14,14,42,100000,100000,792,814,801,795,0.5,0.48872180451127817,0.4659498207885305
70,14,15,42,100000,100000,805,741,801,795,0.5,0.4880239520958084,0.4659498207885305
70,14,16,42,100000,100000,812,786,801,795,0.5,0.4890995260663507,0.4659498207885305
70,14,17,42,100000,100000,782,758,801,795,0.5,0.4873046875,0.4659498207885305
70,14,18,42,100000,100000,790,792,801,795,0.5,0.48867924528301887,0.4659498207885305
70,14,19,42,100000,100000,786,824,801,795,0.5,0.4890788224121557,0.4659498207885305
70,14,20,42,100000,100000,784,758,801,795,0.5,0.4873046875,0.4659498207885305
70,14,21,42,100000,100000,790,791,801,795,0.5,0.48867924528301887,0.4659498207885305
70,14,22,42,100000,100000,804,795,801,795,0.5,0.4892422825070159,0.4659498207885305
70,14,23,42,100000,100000,832,760,801,795,0.5,0.4878286270691334,0.4659498207885305
70,14,24,42,100000,100000,787,795,801,795,0.5,0.4890995260663507,0.4659498207885305
70,14,25,42,100000,100000,796,770,801,795,0.5,0.48893166506256014,0.4659498207885305
70,14,26,42,100000,100000,798,787,801,795,0.5,0.4890995260663507,0.4659498207885305
70,14,27,42,100000,100000,784,814,801,795,0.5,0.489058039961941,0.4659498207885305
70,14,28,42,100000,100000,790,794,801,795,0.5,0.48867924528301887,0.4659498207885305
70,14,29,42,100000,100000,762,775,801,795,0.5,0.4872549019607843,0.4659498207885305
70,14,30,42,100000,100000,734,751,801,795,0.5,0.48773006134969327,0.4659498207885305
70,14,31,42,100000,100000,782,790,801,795,0.5,0.4880838894184938,0.4659498207885305
70,14,32,42,100000,100000,738,824,801,795,0.5,0.486815415821501,0.4659498207885305
70,14,33,42,100000,100000,785,781,801,795,0.5,0.489058039961941,0.4659498207885305
70,14,34,42,100000,100000,809,781,801,795,0.5,0.489058039961941,0.4659498207885305
70,14,35,42,100000,100000,780,785,801,795,0.5,0.48897411313518696,0.4659498207885305
70,14,36,42,100000,100000,783,798,801,795,0.5,0.48857142857142855,0.4659498207885305
70,14,37,42,100000,100000,772,788,801,795,0.5,0.4878993223620523,0.4659498207885305
70,14,38,42,100000,100000,804,752,801,795,0.5,0.48770894788593905,0.4659498207885305
70,14,39,42,100000,100000,810,779,801,795,0.5,0.4880838894184938,0.4659498207885305
70,14,40,42,100000,100000,754,839,801,795,0.5,0.48761149653121905,0.4659498207885305
70,14,41,42,100000,100000,816,800,801,795,0.5,0.49068901303538176,0.4659498207885305
70,14,42,42,100000,100000,784,799,801,795,0.5,0.489058039961941,0.4659498207885305
70,14,43,42,100000,100000,793,825,801,795,0.5,0.48872180451127817,0.4659498207885305
70,14,44,42,100000,100000,778,768,801,795,0.5,0.48841698841698844,0.4659498207885305
70,14,45,42,100000,100000,780,795,801,795,0.5,0.48897411313518696,0.4659498207885305
70,14,46,42,100000,100000,809,758,801,795,0.5,0.4873046875,0.4659498207885305
70,14,47,42,100000,100000,777,801,801,795,0.5,0.48893166506256014,0.4659498207885305
70,14,48,42,100000,100000,841,766,801,795,0.5,0.488394584139265,0.4659498207885305
70,14,49,42,100000,100000,825,846,801,795,0.5,0.4891304347826087,0.4659498207885305
70,14,50,42,100000,100000,803,758,801,795,0.5,0.4873046875,0.4659498207885305
70,14,51,42,100000,100000,776,823,801,795,0.5,0.4889103182256509,0.4659498207885305
70,14,52,42,100000,100000,794,789,801,795,0.5,0.48867924528301887,0.4659498207885305
70,14,53,42,100000,100000,792,767,801,795,0.5,0.488394584139265,0.4659498207885305
70,14,54,42,100000,100000,747,790,801,795,0.5,0.4879759519038076,0.4659498207885305
70,14,55,42,100000,100000,756,811,801,795,0.5,0.48761149653121905,0.4659498207885305
70,14,56,42,100000,100000,808,803,801,795,0.5,0.4907235621521336,0.4659498207885305
70,14,57,42,100000,100000,781,772,801,795,0.5,0.48895292987512007,0.4659498207885305
70,14,58,42,100000,100000,786,802,801,795,0.5,0.4890788224121557,0.4659498207885305
70,14,59,42,100000,100000,841,802,801,795,0.5,0.4907235621521336,0.4659498207885305
70,14,60,42,100000,100000,777,799,801,795,0.5,0.48893166506256014,0.4659498207885305
70,14,61,42,100000,100000,761,801,801,795,0.5,0.48770894788593905,0.4659498207885305
70,14,62,42,100000,100000,807,795,801,795,0.5,0.4892422825070159,0.4659498207885305
70,14,63,42,100000,100000,802,815,801,795,0.5,0.49068901303538176,0.4659498207885305
70,14,64,42,100000,100000,784,801,801,795,0.5,0.489058039961941,0.4659498207885305
70,14,65,42,100000,100000,801,771,801,795,0.5,0.48893166506256014,0.4659498207885305
70,14,66,42,100000,100000,802,803,801,795,0.5,0.49068901303538176,0.4659498207885305
70,14,67,42,100000,100000,789,785,801,795,0.5,0.4890995260663507,0.4659498207885305
70,14,68,42,100000,100000,785,790,801,795,0.5,0.489058039961941,0.4659498207885305
70,14,69,42,100000,100000,744,823,801,795,0.5,0.4869215291750503,0.4659498207885305
70,14,70,42,100000,100000,755,764,801,795,0.5,0.48761149653121905,0.4659498207885305
70,14,71,42,100000,100000,778,787,801,795,0.5,0.48895292987512007,0.4659498207885305
70,14,72,42,100000,100000,784,741,801,795,0.5,0.4880239520958084,0.4659498207885305
70,14,73,42,100000,100000,799,791,801,795,0.5,0.4887005649717514,0.4659498207885305
70,14,74,42,100000,100000,789,774,801,795,0.5,0.48897411313518696,0.4659498207885305
70,14,75,42,100000,100000,800,787,801,795,0.5,0.4890995260663507,0.4659498207885305
70,14,76,42,100000,100000,776,805,801,795,0.5,0.4889103182256509,0.4659498207885305
70,14,77,42,100000,100000,808,762,801,795,0.5,0.4883268482490272,0.4659498207885305
70,14,78,42,100000,100000,800,787,801,795,0.5,0.4890995260663507,0.4659498207885305
70,14,79,42,100000,100000,752,801,801,795,0.5,0.48804780876494025,0.4659498207885305
70,14,80,42,100000,100000,785,839,801,795,0.5,0.489058039961941,0.4659498207885305
70,14,81,42,100000,100000,736,793,801,795,0.5,0.48775510204081635,0.4659498207885305
70,14,82,42,100000,100000,840,777,801,795,0.5,0.48852772466539196,0.4659498207885305
70,14,83,42,100000,100000,804,815,801,795,0.5,0.49070631970260226,0.4659498207885305
70,14,84,42,100000,100000,814,767,801,795,0.5,0.488394584139265,0.4659498207885305
70,14,85,42,100000,100000,804,787,801,795,0.5,0.4890995260663507,0.4659498207885305
70,14,86,42,100000,100000,787,763,801,795,0.5,0.4883495145631068,0.4659498207885305
70,14,87,42,100000,100000,767,777,801,795,0.5,0.4878048780487805,0.4659498207885305
70,14,88,42,100000,100000,789,798,801,795,0.5,0.48867924528301887,0.4659498207885305
70,14,89,42,100000,100000,767,792,801,795,0.5,0.4878048780487805,0.4659498207885305
70,14,90,42,100000,100000,817,813,801,795,0.5,0.48720292504570384,0.4659498207885305
70,14,91,42,100000,100000,822,790,801,795,0.5,0.4887005649717514,0.4659498207885305
70,14,92,42,100000,100000,802,792,801,795,0.5,0.48872180451127817,0.4659498207885305
70,14,93,42,100000,100000,790,792,801,795,0.5,0.48867924528301887,0.4659498207885305
70,14,94,42,100000,100000,822,782,801,795,0.5,0.4890788224121557,0.4659498207885305
70,14,95,42,100000,100000,739,817,801,795,0.5,0.486815415821501,0.4659498207885305
70,14,96,42,100000,100000,802,833,801,795,0.5,0.49068901303538176,0.4659498207885305
70,14,97,42,100000,100000,790,798,801,795,0.5,0.48867924528301887,0.4659498207885305
70,14,98,42,100000,100000,838,778,801,795,0.5,0.48852772466539196,0.4659498207885305
70,14,99,42,100000,100000,785,771,801,795,0.5,0.48893166506256014,0.4659498207885305
70,15,0,42,100000,100000,811,802,783,789,0.5,0.501890359168242,0.4920049200492005
70,15,1,42,100000,100000,820,783,783,789,0.5,0.5014520813165537,0.4920049200492005
70,15,2,42,100000,100000,787,772,783,789,0.5,0.504424778761062,0.4920049200492005
70,15,3,42,100000,100000,781,764,783,789,0.5,0.504950495049505,0.4920049200492005
70,15,4,42,100000,100000,810,803,783,789,0.5,0.501890359168242,0.4920049200492005
70,15,5,42,100000,100000,753,770,783,789,0.5,0.5059642147117296,0.4920049200492005
70,15,6,42,100000,100000,779,800,783,789,0.5,0.501432664756447,0.4920049200492005
70,15,7,42,100000,100000,797,762,783,789,0.5,0.5059642147117296,0.4920049200492005
70,15,8,42,100000,100000,770,788,783,789,0.5,0.5019305019305019,0.4920049200492005
70,15,9,42,100000,100000,798,754,783,789,0.5,0.5055276381909548,0.4920049200492005
70,15,10,42,100000,100000,781,789,783,789,0.5,0.5014436958614052,0.4920049200492005
70,15,11,42,100000,100000,743,818,783,789,0.5,0.5050301810865191,0.4920049200492005
70,15,12,42,100000,100000,787,765,783,789,0.5,0.504950495049505,0.4920049200492005
70,15,13,42,100000,100000,787,803,783,789,0.5,0.501890359168242,0.4920049200492005
70,15,14,42,100000,100000,814,770,783,789,0.5,0.504424778761062,0.4920049200492005
70,15,15,42,100000,100000,826,814,783,789,0.5,0.49953488372093025,0.4920049200492005
70,15,16,42,100000,100000,793,780,783,789,0.5,0.5019417475728155,0.4920049200492005
70,15,17,42,100000,100000,810,807,783,789,0.5,0.49906191369606,0.4920049200492005
70,15,18,42,100000,100000,798,753,783,789,0.5,0.5050301810865191,0.4920049200492005
70,15,19,42,100000,100000,793,797,783,789,0.5,0.5019047619047619,0.4920049200492005
70,15,20,42,100000,100000,808,771,783,789,0.5,0.504424778761062,0.4920049200492005
70,15,21,42,100000,100000,765,783,783,789,0.5,0.5024390243902439,0.4920049200492005
70,15,22,42,100000,100000,769,774,783,789,0.5,0.504424778761062,0.4920049200492005
70,15,23,42,100000,100000,800,769,783,789,0.5,0.5044334975369458,0.4920049200492005
70,15,24,42,100000,100000,757,823,783,789,0.5,0.504950495049505,0.4920049200492005
70,15,25,42,100000,100000,753,792,783,789,0.5,0.5059642147117296,0.4920049200492005
70,15,26,42,100000,100000,807,799,783,789,0.5,0.5018975332068312,0.4920049200492005
70,15,27,42,100000,100000,796,784,783,789,0.5,0.5019342359767892,0.4920049200492005
70,15,28,42,100000,100000,788,772,783,789,0.5,0.504424778761062,0.4920049200492005
70,15,29,42,100000,100000,766,804,783,789,0.5,0.5014577259475219,0.4920049200492005
70,15,30,42,100000,100000,734,759,783,789,0.5,0.5040650406504065,0.4920049200492005
70,15,31,42,100000,100000,856,824,783,789,0.5,0.49770431588613406,0.4920049200492005
70,15,32,42,100000,100000,785,785,783,789,0.5,0.5019342359767892,0.4920049200492005
70,15,33,42,100000,100000,772,810,783,789,0.5,0.5019305019305019,0.4920049200492005
70,15,34,42,100000,100000,822,800,783,789,0.5,0.5018975332068312,0.4920049200492005
70,15,35,42,100000,100000,772,792,783,789,0.5,0.5019305019305019,0.4920049200492005
70,15,36,42,100000,100000,815,766,783,789,0.5,0.504950495049505,0.4920049200492005
70,15,37,42,100000,100000,826,783,783,789,0.5,0.5014520813165537,0.4920049200492005
70,15,38,42,100000,100000,744,793,783,789,0.5,0.5055276381909548,0.4920049200492005
70,15,39,42,100000,100000,798,798,783,789,0.5,0.5019011406844106,0.4920049200492005
70,15,40,42,100000,100000,849,861,783,789,0.5,0.49868073878627966,0.4920049200492005
70,15,41,42,100000,100000,808,805,783,789,0.5,0.501890359168242,0.4920049200492005
70,15,42,42,100000,100000,768,805,783,789,0.5,0.5014520813165537,0.4920049200492005
70,15,43,42,100000,100000,755,780,783,789,0.5,0.5059642147117296,0.4920049200492005
70,15,44,42,100000,100000,778,800,783,789,0.5,0.5014354066985646,0.4920049200492005
70,15,45,42,100000,100000,760,778,783,789,0.5,0.504424778761062,0.4920049200492005
70,15,46,42,100000,100000,790,820,783,789,0.5,0.501890359168242,0.4920049200492005
70,15,47,42,100000,100000,759,785,783,789,0.5,0.5044334975369458,0.4920049200492005
70,15,48,42,100000,100000,785,779,783,789,0.5,0.5014577259475219,0.4920049200492005
70,15,49,42,100000,100000,784,816,783,789,0.5,0.5018975332068312,0.4920049200492005
70,15,50,42,100000,100000,786,808,783,789,0.5,0.5014191106906338,0.4920049200492005
70,15,51,42,100000,100000,804,778,783,789,0.5,0.5024390243902439,0.4920049200492005
70,15,52,42,100000,100000,817,770,783,789,0.5,0.504424778761062,0.4920049200492005
70,15,53,42,100000,100000,786,809,783,789,0.5,0.5014191106906338,0.4920049200492005
70,15,54,42,100000,100000,820,792,783,789,0.5,0.5014354066985646,0.4920049200492005
70,15,55,42,100000,100000,757,772,783,789,0.5,0.504950495049505,0.4920049200492005
70,15,56,42,100000,100000,778,754,783,789,0.5,0.5055276381909548,0.4920049200492005
70,15,57,42,100000,100000,765,762,783,789,0.5,0.5059642147117296,0.4920049200492005
70,15,58,42,100000,100000,818,831,783,789,0.5,0.49954504094631486,0.4920049200492005
70,15,59,42,100000,100000,782,770,783,789,0.5,0.504424778761062,0.4920049200492005
70,15,60,42,100000,100000,761,816,783,789,0.5,0.504424778761062,0.4920049200492005
70,15,61,42,100000,100000,800,824,783,789,0.5,0.49953488372093025,0.4920049200492005
70,15,62,42,100000,100000,819,817,783,789,0.5,0.49907235621521334,0.4920049200492005
70,15,63,42,100000,100000,727,821,783,789,0.5,0.5056526207605344,0.4920049200492005
70,15,64,42,100000,100000,803,817,783,789,0.5,0.49907235621521334,0.4920049200492005
70,15,65,42,100000,100000,797,766,783,789,0.5,0.504950495049505,0.4920049200492005
70,15,66,42,100000,100000,797,784,783,789,0.5,0.5019342359767892,0.4920049200492005
70,15,67,42,100000,100000,774,775,783,789,0.5,0.504424778761062,0.4920049200492005
70,15,68,42,100000,100000,765,816,783,789,0.5,0.5024390243902439,0.4920049200492005
70,15,69,42,100000,100000,806,749,783,789,0.5,0.5045500505561172,0.4920049200492005
70,15,70,42,100000,100000,793,781,783,789,0.5,0.5019417475728155,0.4920049200492005
70,15,71,42,100000,100000,769,795,783,789,0.5,0.5019342359767892,0.4920049200492005
70,15,72,42,100000,100000,777,811,783,789,0.5,0.5014354066985646,0.4920049200492005
70,15,73,42,100000,100000,774,786,783,789,0.5,0.5019305019305019,0.4920049200492005
70,15,74,42,100000,100000,761,773,783,789,0.5,0.504424778761062,0.4920049200492005
70,15,75,42,100000,100000,775,825,783,789,0.5,0.50143815915628,0.4920049200492005
70,15,76,42,100000,100000,809,766,783,789,0.5,0.504950495049505,0.4920049200492005
70,15,77,42,100000,100000,811,804,783,789,0.5,0.501890359168242,0.4920049200492005
70,15,78,42,100000,100000,783,781,783,789,0.5,0.5019417475728155,0.4920049200492005
70,15,79,42,100000,100000,777,758,783,789,0.5,0.506,0.4920049200492005
70,15,80,42,100000,100000,811,783,783,789,0.5,0.5014520813165537,0.4920049200492005
70,15,81,42,100000,100000,771,790,783,789,0.5,0.5019305019305019,0.4920049200492005
70,15,82,42,100000,100000,789,773,783,789,0.5,0.504424778761062,0.4920049200492005
70,15,83,42,100000,100000,761,807,783,789,0.5,0.504424778761062,0.4920049200492005
70,15,84,42,100000,100000,808,752,783,789,0.5,0.5045317220543807,0.4920049200492005
70,15,85,42,100000,100000,788,801,783,789,0.5,0.5014191106906338,0.4920049200492005
70,15,86,42,100000,100000,794,764,783,789,0.5,0.504950495049505,0.4920049200492005
70,15,87,42,100000,100000,822,771,783,789,0.5,0.504424778761062,0.4920049200492005
70,15,88,42,100000,100000,796,823,783,789,0.5,0.49906716417910446,0.4920049200492005
70,15,89,42,100000,100000,789,775,783,789,0.5,0.504424778761062,0.4920049200492005
70,15,90,42,100000,100000,786,808,783,789,0.5,0.5014191106906338,0.4920049200492005
70,15,91,42,100000,100000,789,811,783,789,0.5,0.501890359168242,0.4920049200492005
70,15,92,42,100000,100000,779,749,783,789,0.5,0.5045500505561172,0.4920049200492005
70,15,93,42,100000,100000,757,792,783,789,0.5,0.504950495049505,0.4920049200492005
70,15,94,42,100000,100000,815,779,783,789,0.5,0.5014577259475219,0.4920049200492005
70,15,95,42,100000,100000,800,819,783,789,0.5,0.49953488372093025,0.4920049200492005
70,15,96,42,100000,100000,801,792,783,789,0.5,0.5014354066985646,0.4920049200492005
70,15,97,42,100000,100000,752,784,783,789,0.5,0.5064805583250249,0.4920049200492005
70,15,98,42,100000,100000,816,804,783,789,0.5,0.501890359168242,0.4920049200492005
70,15,99,42,100000,100000,837,810,783,789,0.5,0.49953139643861294,0.4920049200492005
70,16,0,42,100000,100000,795,785,802,804,0.5,0.515972894482091,0.5330132052821128
70,16,1,42,100000,100000,806,803,802,804,0.5,0.5160377358490567,0.5330132052821128
70,16,2,42,100000,100000,784,765,802,804,0.5,0.5173783515392254,0.5330132052821128
70,16,3,42,100000,100000,811,753,802,804,0.5,0.5161290322580645,0.5330132052821128
70,16,4,42,100000,100000,810,800,802,804,0.5,0.5146641438032167,0.5330132052821128
70,16,5,42,100000,100000,803,748,802,804,0.5,0.515736040609137,0.5330132052821128
70,16,6,42,100000,100000,776,754,802,804,0.5,0.5155778894472361,0.5330132052821128
70,16,7,42,100000,100000,821,790,802,804,0.5,0.5163461538461539,0.5330132052821128
70,16,8,42,100000,100000,772,807,802,804,0.5,0.5167652859960552,0.5330132052821128
70,16,9,42,100000,100000,799,761,802,804,0.5,0.5159362549800797,0.5330132052821128
70,16,10,42,100000,100000,780,828,802,804,0.5,0.5145631067961165,0.5330132052821128
70,16,11,42,100000,100000,804,779,802,804,0.5,0.5145914396887159,0.5330132052821128
70,16,12,42,100000,100000,838,787,802,804,0.5,0.5159112825458052,0.5330132052821128
70,16,13,42,100000,100000,792,797,802,804,0.5,0.5153256704980843,0.5330132052821128
70,16,14,42,100000,100000,738,806,802,804,0.5,0.5143737166324436,0.5330132052821128
70,16,15,42,100000,100000,793,799,802,804,0.5,0.5153256704980843,0.5330132052821128
70,16,16,42,100000,100000,779,790,802,804,0.5,0.5145914396887159,0.5330132052821128
70,16,17,42,100000,100000,818,816,802,804,0.5,0.515828677839851,0.5330132052821128
70,16,18,42,100000,100000,820,772,802,804,0.5,0.515181194906954,0.5330132052821128
70,16,19,42,100000,100000,816,787,802,804,0.5,0.5159112825458052,0.5330132052821128
70,16,20,42,100000,100000,786,782,802,804,0.5,0.5155038759689923,0.5330132052821128
70,16,21,42,100000,100000,807,768,802,804,0.5,0.5162882527147088,0.5330132052821128
70,16,22,42,100000,100000,800,774,802,804,0.5,0.5156555772994129,0.5330132052821128
70,16,23,42,100000,100000,802,799,802,804,0.5,0.5156695156695157,0.5330132052821128
70,16,24,42,100000,100000,827,772,802,804,0.5,0.515181194906954,0.5330132052821128
70,16,25,42,100000,100000,769,772,802,804,0.5,0.5167652859960552,0.5330132052821128
70,16,26,42,100000,100000,785,775,802,804,0.5,0.5156555772994129,0.5330132052821128
70,16,27,42,100000,100000,758,762,802,804,0.5,0.516,0.5330132052821128
70,16,28,42,100000,100000,739,806,802,804,0.5,0.5148717948717949,0.5330132052821128
70,16,29,42,100000,100000,817,766,802,804,0.5,0.5173783515392254,0.5330132052821128
70,16,30,42,100000,100000,808,752,802,804,0.5,0.5161290322580645,0.5330132052821128
70,16,31,42,100000,100000,824,803,802,804,0.5,0.5160377358490567,0.5330132052821128
70,16,32,42,100000,100000,827,800,802,804,0.5,0.5146641438032167,0.5330132052821128
70,16,33,42,100000,100000,814,781,802,804,0.5,0.5150339476236664,0.5330132052821128
70,16,34,42,100000,100000,814,799,802,804,0.5,0.5156695156695157,0.5330132052821128
70,16,35,42,100000,100000,813,815,802,804,0.5,0.5163704396632367,0.5330132052821128
70,16,36,42,100000,100000,774,810,802,804,0.5,0.5152109911678115,0.5330132052821128
70,16,37,42,100000,100000,739,773,802,804,0.5,0.5148717948717949,0.5330132052821128
70,16,38,42,100000,100000,786,757,802,804,0.5,0.5165496489468405,0.5330132052821128
70,16,39,42,100000,100000,753,794,802,804,0.5,0.5161290322580645,0.5330132052821128
70,16,40,42,100000,100000,772,772,802,804,0.5,0.5167652859960552,0.5330132052821128
70,16,41,42,100000,100000,739,776,802,804,0.5,0.5148717948717949,0.5330132052821128
70,16,42,42,100000,100000,781,789,802,804,0.5,0.5150339476236664,0.5330132052821128
70,16,43,42,100000,100000,779,824,802,804,0.5,0.5145914396887159,0.5330132052821128
70,16,44,42,100000,100000,817,849,802,804,0.5,0.515828677839851,0.5330132052821128
70,16,45,42,100000,100000,802,804,802,804,0.5,0.5151228733459358,0.5330132052821128
70,16,46,42,100000,100000,851,827,802,804,0.5,0.5141552511415525,0.5330132052821128
70,16,47,42,100000,100000,776,795,802,804,0.5,0.5156555772994129,0.5330132052821128
70,16,48,42,100000,100000,757,792,802,804,0.5,0.5165496489468405,0.5330132052821128
70,16,49,42,100000,100000,794,763,802,804,0.5,0.5168986083499006,0.5330132052821128
70,16,50,42,100000,100000,777,789,802,804,0.5,0.5156555772994129,0.5330132052821128
70,16,51,42,100000,100000,834,826,802,804,0.5,0.5137111517367459,0.5330132052821128
70,16,52,42,100000,100000,785,784,802,804,0.5,0.515972894482091,0.5330132052821128
70,16,53,42,100000,100000,783,797,802,804,0.5,0.515972894482091,0.5330132052821128
70,16,54,42,100000,100000,773,795,802,804,0.5,0.5152109911678115,0.5330132052821128
70,16,55,42,100000,100000,789,792,802,804,0.5,0.5163461538461539,0.5330132052821128
70,16,56,42,100000,100000,771,806,802,804,0.5,0.5167652859960552,0.5330132052821128
70,16,57,42,100000,100000,836,822,802,804,0.5,0.5142332415059688,0.5330132052821128
70,16,58,42,100000,100000,800,801,802,804,0.5,0.5156695156695157,0.5330132052821128
70,16,59,42,100000,100000,861,813,802,804,0.5,0.5153203342618384,0.5330132052821128
70,16,60,42,100000,100000,790,812,802,804,0.5,0.5163461538461539,0.5330132052821128
70,16,61,42,100000,100000,782,798,802,804,0.5,0.5155038759689923,0.5330132052821128
70,16,62,42,100000,100000,794,783,802,804,0.5,0.515972894482091,0.5330132052821128
70,16,63,42,100000,100000,764,834,802,804,0.5,0.5173783515392254,0.5330132052821128
70,16,64,42,100000,100000,769,792,802,804,0.5,0.5167652859960552,0.5330132052821128
70,16,65,42,100000,100000,770,809,802,804,0.5,0.5167652859960552,0.5330132052821128
70,16,66,42,100000,100000,830,783,802,804,0.5,0.515972894482091,0.5330132052821128
70,16,67,42,100000,100000,757,777,802,804,0.5,0.5165496489468405,0.5330132052821128
70,16,68,42,100000,100000,776,775,802,804,0.5,0.5156555772994129,0.5330132052821128
70,16,69,42,100000,100000,740,813,802,804,0.5,0.5148413510747185,0.5330132052821128
70,16,70,42,100000,100000,775,787,802,804,0.5,0.515181194906954,0.5330132052821128
70,16,71,42,100000,100000,826,814,802,804,0.5,0.5157699443413729,0.5330132052821128
70,16,72,42,100000,100000,749,757,802,804,0.5,0.5156723963599595,0.5330132052821128
70,16,73,42,100000,100000,801,786,802,804,0.5,0.5154440154440154,0.5330132052821128
70,16,74,42,100000,100000,789,751,802,804,0.5,0.515640766902119,0.5330132052821128
70,16,75,42,100000,100000,802,802,802,804,0.5,0.5151228733459358,0.5330132052821128
70,16,76,42,100000,100000,788,766,802,804,0.5,0.5173783515392254,0.5330132052821128
70,16,77,42,100000,100000,767,785,802,804,0.5,0.516320474777448,0.5330132052821128
70,16,78,42,100000,100000,756,818,802,804,0.5,0.5165496489468405,0.5330132052821128
70,16,79,42,100000,100000,804,788,802,804,0.5,0.5159112825458052,0.5330132052821128
70,16,80,42,100000,100000,771,771,802,804,0.5,0.5167652859960552,0.5330132052821128
70,16,81,42,100000,100000,747,770,802,804,0.5,0.5162271805273834,0.5330132052821128
70,16,82,42,100000,100000,813,802,802,804,0.5,0.5155807365439093,0.5330132052821128
70,16,83,42,100000,100000,801,796,802,804,0.5,0.5156993339676499,0.5330132052821128
70,16,84,42,100000,100000,821,814,802,804,0.5,0.5157699443413729,0.5330132052821128
70,16,85,42,100000,100000,770,805,802,804,0.5,0.5167652859960552,0.5330132052821128
70,16,86,42,100000,100000,786,753,802,804,0.5,0.5161290322580645,0.5330132052821128
70,16,87,42,100000,100000,795,800,802,804,0.5,0.5152671755725191,0.5330132052821128
70,16,88,42,100000,100000,808,808,802,804,0.5,0.5164628410159925,0.5330132052821128
70,16,89,42,100000,100000,771,817,802,804,0.5,0.5167652859960552,0.5330132052821128
70,16,90,42,100000,100000,756,785,802,804,0.5,0.5165496489468405,0.5330132052821128
70,16,91,42,100000,100000,754,789,802,804,0.5,0.5155778894472361,0.5330132052821128
70,16,92,42,100000,100000,776,767,802,804,0.5,0.516320474777448,0.5330132052821128
70,16,93,42,100000,100000,799,794,802,804,0.5,0.5157292659675882,0.5330132052821128
70,16,94,42,100000,100000,812,778,802,804,0.5,0.5145914396887159,0.5330132052821128
70,16,95,42,100000,100000,796,794,802,804,0.5,0.5157292659675882,0.5330132052821128
70,16,96,42,100000,100000,756,765,802,804,0.5,0.5165496489468405,0.5330132052821128
70,16,97,42,100000,100000,759,780,802,804,0.5,0.5159680638722555,0.5330132052821128
70,16,98,42,100000,100000,782,782,802,804,0.5,0.5155038759689923,0.5330132052821128
70,16,99,42,100000,100000,771,782,802,804,0.5,0.5167652859960552,0.5330132052821128
70,17,0,42,100000,100000,796,791,798,804,0.5,0.491395793499044,0.5023980815347722
70,17,1,42,100000,100000,817,753,798,804,0.5,0.49173955296404276,0.5023980815347722
70,17,2,42,100000,100000,788,823,798,804,0.5,0.48893166506256014,0.5023980815347722
70,17,3,42,100000,100000,823,786,798,804,0.5,0.49111318989710007,0.5023980815347722
70,17,4,42,100000,100000,810,822,798,804,0.5,0.49111318989710007,0.5023980815347722
70,17,5,42,100000,100000,816,838,798,804,0.5,0.4884366327474561,0.5023980815347722
70,17,6,42,100000,100000,808,809,798,804,0.5,0.49154135338345867,0.5023980815347722
70,17,7,42,100000,100000,724,823,798,804,0.5,0.5010548523206751,0.5023980815347722
70,17,8,42,100000,100000,798,819,798,804,0.5,0.49096098953377737,0.5023980815347722
70,17,9,42,100000,100000,816,800,798,804,0.5,0.4884366327474561,0.5023980815347722
70,17,10,42,100000,100000,780,772,798,804,0.5,0.4917234664070107,0.5023980815347722
70,17,11,42,100000,100000,769,748,798,804,0.5,0.49357072205736896,0.5023980815347722
70,17,12,42,100000,100000,793,754,798,804,0.5,0.49173955296404276,0.5023980815347722
70,17,13,42,100000,100000,777,761,798,804,0.5,0.4926542605288932,0.5023980815347722
70,17,14,42,100000,100000,784,816,798,804,0.5,0.49173955296404276,0.5023980815347722
70,17,15,42,100000,100000,778,813,798,804,0.5,0.4926542605288932,0.5023980815347722
70,17,16,42,100000,100000,778,814,798,804,0.5,0.4926542605288932,0.5023980815347722
70,17,17,42,100000,100000,769,777,798,804,0.5,0.49357072205736896,0.5023980815347722
70,17,18,42,100000,100000,796,808,798,804,0.5,0.491395793499044,0.5023980815347722
70,17,19,42,100000,100000,817,839,798,804,0.5,0.488909426987061,0.5023980815347722
70,17,20,42,100000,100000,768,828,798,804,0.5,0.49357072205736896,0.5023980815347722
70,17,21,42,100000,100000,822,750,798,804,0.5,0.4917073170731707,0.5023980815347722
70,17,22,42,100000,100000,809,788,798,804,0.5,0.49063670411985016,0.5023980815347722
70,17,23,42,100000,100000,773,770,798,804,0.5,0.492639842983317,0.5023980815347722
70,17,24,42,100000,100000,766,771,798,804,0.5,0.4965104685942173,0.5023980815347722
70,17,25,42,100000,100000,744,759,798,804,0.5,0.49795501022494887,0.5023980815347722
70,17,26,42,100000,100000,774,785,798,804,0.5,0.492639842983317,0.5023980815347722
70,17,27,42,100000,100000,800,796,798,804,0.5,0.49097815764482433,0.5023980815347722
70,17,28,42,100000,100000,817,786,798,804,0.5,0.49111318989710007,0.5023980815347722
70,17,29,42,100000,100000,798,841,798,804,0.5,0.49096098953377737,0.5023980815347722
70,17,30,42,100000,100000,787,788,798,804,0.5,0.4893822393822394,0.5023980815347722
70,17,31,42,100000,100000,801,786,798,804,0.5,0.49097815764482433,0.5023980815347722
70,17,32,42,100000,100000,777,759,798,804,0.5,0.4926542605288932,0.5023980815347722
70,17,33,42,100000,100000,785,765,798,804,0.5,0.49173955296404276,0.5023980815347722
70,17,34,42,100000,100000,810,799,798,804,0.5,0.49111318989710007,0.5023980815347722
70,17,35,42,100000,100000,765,791,798,804,0.5,0.4965104685942173,0.5023980815347722
70,17,36,42,100000,100000,775,774,798,804,0.5,0.4926542605288932,0.5023980815347722
70,17,37,42,100000,100000,744,751,798,804,0.5,0.49795501022494887,0.5023980815347722
70,17,38,42,100000,100000,757,791,798,804,0.5,0.49648946840521563,0.5023980815347722
70,17,39,42,100000,100000,823,820,798,804,0.5,0.48811700182815354,0.5023980815347722
70,17,40,42,100000,100000,800,826,798,804,0.5,0.49097815764482433,0.5023980815347722
70,17,41,42,100000,100000,810,777,798,804,0.5,0.49104618284637136,0.5023980815347722
70,17,42,42,100000,100000,833,752,798,804,0.5,0.4917234664070107,0.5023980815347722
70,17,43,42,100000,100000,788,790,798,804,0.5,0.48893166506256014,0.5023980815347722
70,17,44,42,100000,100000,822,786,798,804,0.5,0.49111318989710007,0.5023980815347722
70,17,45,42,100000,100000,790,773,798,804,0.5,0.4899135446685879,0.5023980815347722
70,17,46,42,100000,100000,797,821,798,804,0.5,0.4909437559580553,0.5023980815347722
70,17,47,42,100000,100000,739,770,798,804,0.5,0.49640287769784175,0.5023980815347722
70,17,48,42,100000,100000,754,778,798,804,0.5,0.49748237663645517,0.5023980815347722
70,17,49,42,100000,100000,822,778,798,804,0.5,0.4915254237288136,0.5023980815347722
70,17,50,42,100000,100000,770,791,798,804,0.5,0.49261083743842365,0.5023980815347722
70,17,51,42,100000,100000,762,791,798,804,0.5,0.49600798403193613,0.5023980815347722
70,17,52,42,100000,100000,792,785,798,804,0.5,0.4899328859060403,0.5023980815347722
70,17,53,42,100000,100000,795,793,798,804,0.5,0.491395793499044,0.5023980815347722
70,17,54,42,100000,100000,798,732,798,804,0.5,0.49747729566094856,0.5023980815347722
70,17,55,42,100000,100000,838,802,798,804,0.5,0.4898897058823529,0.5023980815347722
70,17,56,42,100000,100000,790,775,798,804,0.5,0.4899135446685879,0.5023980815347722
70,17,57,42,100000,100000,785,823,798,804,0.5,0.49173955296404276,0.5023980815347722
70,17,58,42,100000,100000,816,756,798,804,0.5,0.4893822393822394,0.5023980815347722
70,17,59,42,100000,100000,824,790,798,804,0.5,0.4883936861652739,0.5023980815347722
70,17,60,42,100000,100000,746,856,798,804,0.5,0.4969450101832994,0.5023980815347722
70,17,61,42,100000,100000,802,813,798,804,0.5,0.4909952606635071,0.5023980815347722
70,17,62,42,100000,100000,787,766,798,804,0.5,0.4893822393822394,0.5023980815347722
70,17,63,42,100000,100000,757,766,798,804,0.5,0.49648946840521563,0.5023980815347722
70,17,64,42,100000,100000,755,722,798,804,0.5,0.49795501022494887,0.5023980815347722
70,17,65,42,100000,100000,782,750,798,804,0.5,0.4917073170731707,0.5023980815347722
70,17,66,42,100000,100000,792,823,798,804,0.5,0.4899328859060403,0.5023980815347722
70,17,67,42,100000,100000,808,772,798,804,0.5,0.4914772727272727,0.5023980815347722
70,17,68,42,100000,100000,749,829,798,804,0.5,0.4969512195121951,0.5023980815347722
70,17,69,42,100000,100000,787,759,798,804,0.5,0.4893822393822394,0.5023980815347722
70,17,70,42,100000,100000,792,778,798,804,0.5,0.4899328859060403,0.5023980815347722
70,17,71,42,100000,100000,822,769,798,804,0.5,0.49096098953377737,0.5023980815347722
70,17,72,42,100000,100000,865,818,798,804,0.5,0.49010791366906475,0.5023980815347722
70,17,73,42,100000,100000,798,825,798,804,0.5,0.49096098953377737,0.5023980815347722
70,17,74,42,100000,100000,831,803,798,804,0.5,0.4898897058823529,0.5023980815347722
70,17,75,42,100000,100000,815,801,798,804,0.5,0.48886827458256027,0.5023980815347722
70,17,76,42,100000,100000,766,790,798,804,0.5,0.4965104685942173,0.5023980815347722
70,17,77,42,100000,100000,816,784,798,804,0.5,0.49111318989710007,0.5023980815347722
70,17,78,42,100000,100000,749,792,798,804,0.5,0.4969512195121951,0.5023980815347722
70,17,79,42,100000,100000,821,769,798,804,0.5,0.49096098953377737,0.5023980815347722
70,17,80,42,100000,100000,769,770,798,804,0.5,0.49357072205736896,0.5023980815347722
70,17,81,42,100000,100000,802,795,798,804,0.5,0.4909952606635071,0.5023980815347722
70,17,82,42,100000,100000,830,811,798,804,0.5,0.4882032667876588,0.5023980815347722
70,17,83,42,100000,100000,809,747,798,804,0.5,0.49311023622047245,0.5023980815347722
70,17,84,42,100000,100000,816,784,798,804,0.5,0.49111318989710007,0.5023980815347722
70,17,85,42,100000,100000,768,775,798,804,0.5,0.49357072205736896,0.5023980815347722
70,17,86,42,100000,100000,815,789,798,804,0.5,0.49111318989710007,0.5023980815347722
70,17,87,42,100000,100000,794,809,798,804,0.5,0.4909090909090909,0.5023980815347722
70,17,88,42,100000,100000,779,761,798,804,0.5,0.4917073170731707,0.5023980815347722
70,17,89,42,100000,100000,821,811,798,804,0.5,0.4898897058823529,0.5023980815347722
70,17,90,42,100000,100000,806,787,798,804,0.5,0.4915254237288136,0.5023980815347722
70,17,91,42,100000,100000,796,783,798,804,0.5,0.491395793499044,0.5023980815347722
70,17,92,42,100000,100000,832,813,798,804,0.5,0.4891304347826087,0.5023980815347722
70,17,93,42,100000,100000,802,798,798,804,0.5,0.4909952606635071,0.5023980815347722
70,17,94,42,100000,100000,792,771,798,804,0.5,0.4899328859060403,0.5023980815347722
70,17,95,42,100000,100000,802,772,798,804,0.5,0.4909952606635071,0.5023980815347722
70,17,96,42,100000,100000,786,812,798,804,0.5,0.49173955296404276,0.5023980815347722
70,17,97,42,100000,100000,776,776,798,804,0.5,0.4926542605288932,0.5023980815347722
70,17,98,42,100000,100000,735,790,798,804,0.5,0.49896265560165975,0.5023980815347722
70,17,99,42,100000,100000,799,807,798,804,0.5,0.49096098953377737,0.5023980815347722
70,18,0,42,100000,100000,800,789,825,820,0.5,0.5057803468208093,0.5238095238095238
70,18,1,42,100000,100000,804,813,825,820,0.5,0.5084427767354597,0.5238095238095238
70,18,2,42,100000,100000,812,768,825,820,0.5,0.5084409136047666,0.5238095238095238
70,18,3,42,100000,100000,803,783,825,820,0.5,0.5063168124392614,0.5238095238095238
70,18,4,42,100000,100000,788,782,825,820,0.5,0.5063291139240507,0.5238095238095238
70,18,5,42,100000,100000,834,769,825,820,0.5,0.5084241823587711,0.5238095238095238
70,18,6,42,100000,100000,804,788,825,820,0.5,0.5057803468208093,0.5238095238095238
70,18,7,42,100000,100000,793,791,825,820,0.5,0.505283381364073,0.5238095238095238
70,18,8,42,100000,100000,783,801,825,820,0.5,0.5076335877862596,0.5238095238095238
70,18,9,42,100000,100000,792,764,825,820,0.5,0.5069860279441117,0.5238095238095238
70,18,10,42,100000,100000,778,757,825,820,0.5,0.5090725806451613,0.5238095238095238
70,18,11,42,100000,100000,828,754,825,820,0.5,0.508577194752775,0.5238095238095238
70,18,12,42,100000,100000,801,818,825,820,0.5,0.5060577819198508,0.5238095238095238
70,18,13,42,100000,100000,784,777,825,820,0.5,0.5083415112855741,0.5238095238095238
70,18,14,42,100000,100000,790,812,825,820,0.5,0.5075757575757576,0.5238095238095238
70,18,15,42,100000,100000,798,782,825,820,0.5,0.5063291139240507,0.5238095238095238
70,18,16,42,100000,100000,798,807,825,820,0.5,0.5089538171536286,0.5238095238095238
70,18,17,42,100000,100000,762,755,825,820,0.5,0.5090725806451613,0.5238095238095238
70,18,18,42,100000,100000,794,761,825,820,0.5,0.5070140280561122,0.5238095238095238
70,18,19,42,100000,100000,737,758,825,820,0.5,0.5081135902636917,0.5238095238095238
70,18,20,42,100000,100000,785,775,825,820,0.5,0.5078740157480315,0.5238095238095238
70,18,21,42,100000,100000,754,785,825,820,0.5,0.5084241823587711,0.5238095238095238
70,18,22,42,100000,100000,734,787,825,820,0.5,0.508130081300813,0.5238095238095238
70,18,23,42,100000,100000,730,747,825,820,0.5,0.5071574642126789,0.5238095238095238
70,18,24,42,100000,100000,798,819,825,820,0.5,0.5084427767354597,0.5238095238095238
70,18,25,42,100000,100000,807,757,825,820,0.5,0.5090725806451613,0.5238095238095238
70,18,26,42,100000,100000,785,786,825,820,0.5,0.5067829457364341,0.5238095238095238
70,18,27,42,100000,100000,793,784,825,820,0.5,0.5063168124392614,0.5238095238095238
70,18,28,42,100000,100000,792,854,825,820,0.5,0.5080264400377715,0.5238095238095238
70,18,29,42,100000,100000,777,811,825,820,0.5,0.505283381364073,0.5238095238095238
70,18,30,42,100000,100000,816,856,825,820,0.5,0.504102096627165,0.5238095238095238
70,18,31,42,100000,100000,832,769,825,820,0.5,0.5084241823587711,0.5238095238095238
70,18,32,42,100000,100000,795,815,825,820,0.5,0.5084586466165414,0.5238095238095238
70,18,33,42,100000,100000,800,810,825,820,0.5,0.5084586466165414,0.5238095238095238
70,18,34,42,100000,100000,796,803,825,820,0.5,0.5075757575757576,0.5238095238095238
70,18,35,42,100000,100000,794,831,825,820,0.5,0.5089538171536286,0.5238095238095238
70,18,36,42,100000,100000,750,795,825,820,0.5,0.5079522862823062,0.5238095238095238
70,18,37,42,100000,100000,804,830,825,820,0.5,0.5055658627087198,0.5238095238095238
70,18,38,42,100000,100000,813,806,825,820,0.5,0.5084905660377359,0.5238095238095238
70,18,39,42,100000,100000,783,783,825,820,0.5,0.5063168124392614,0.5238095238095238
70,18,40,42,100000,100000,738,820,825,820,0.5,0.5081135902636917,0.5238095238095238
70,18,41,42,100000,100000,773,801,825,820,0.5,0.5067698259187621,0.5238095238095238
70,18,42,42,100000,100000,747,817,825,820,0.5,0.5069860279441117,0.5238095238095238
70,18,43,42,100000,100000,821,807,825,820,0.5,0.5089538171536286,0.5238095238095238
70,18,44,42,100000,100000,796,781,825,820,0.5,0.5063291139240507,0.5238095238095238
70,18,45,42,100000,100000,777,766,825,820,0.5,0.5074626865671642,0.5238095238095238
70,18,46,42,100000,100000,730,771,825,820,0.5,0.5071574642126789,0.5238095238095238
70,18,47,42,100000,100000,777,770,825,820,0.5,0.5084241823587711,0.5238095238095238
70,18,48,42,100000,100000,777,730,825,820,0.5,0.5088819226750261,0.5238095238095238
70,18,49,42,100000,100000,782,790,825,820,0.5,0.5057803468208093,0.5238095238095238
70,18,50,42,100000,100000,781,780,825,820,0.5,0.5073313782991202,0.5238095238095238
70,18,51,42,100000,100000,755,810,825,820,0.5,0.5079051383399209,0.5238095238095238
70,18,52,42,100000,100000,787,798,825,820,0.5,0.5076190476190476,0.5238095238095238
70,18,53,42,100000,100000,801,834,825,820,0.5,0.5060577819198508,0.5238095238095238
70,18,54,42,100000,100000,784,740,825,820,0.5,0.5082304526748971,0.5238095238095238
70,18,55,42,100000,100000,786,811,825,820,0.5,0.5076190476190476,0.5238095238095238
70,18,56,42,100000,100000,783,791,825,820,0.5,0.505283381364073,0.5238095238095238
70,18,57,42,100000,100000,791,790,825,820,0.5,0.5057803468208093,0.5238095238095238
70,18,58,42,100000,100000,800,782,825,820,0.5,0.5063291139240507,0.5238095238095238
70,18,59,42,100000,100000,784,759,825,820,0.5,0.5090725806451613,0.5238095238095238
70,18,60,42,100000,100000,753,765,825,820,0.5,0.5069721115537849,0.5238095238095238
70,18,61,42,100000,100000,798,765,825,820,0.5,0.5069721115537849,0.5238095238095238
70,18,62,42,100000,100000,771,787,825,820,0.5,0.5067698259187621,0.5238095238095238
70,18,63,42,100000,100000,823,808,825,820,0.5,0.5089538171536286,0.5238095238095238
70,18,64,42,100000,100000,747,797,825,820,0.5,0.5069860279441117,0.5238095238095238
70,18,65,42,100000,100000,804,769,825,820,0.5,0.5084241823587711,0.5238095238095238
70,18,66,42,100000,100000,786,784,825,820,0.5,0.5063168124392614,0.5238095238095238
70,18,67,42,100000,100000,803,800,825,820,0.5,0.5071225071225072,0.5238095238095238
70,18,68,42,100000,100000,801,844,825,820,0.5,0.5060577819198508,0.5238095238095238
70,18,69,42,100000,100000,776,796,825,820,0.5,0.505283381364073,0.5238095238095238
70,18,70,42,100000,100000,808,824,825,820,0.5,0.5060018467220684,0.5238095238095238
70,18,71,42,100000,100000,804,807,825,820,0.5,0.5089538171536286,0.5238095238095238
70,18,72,42,100000,100000,794,831,825,820,0.5,0.5089538171536286,0.5238095238095238
70,18,73,42,100000,100000,795,791,825,820,0.5,0.505283381364073,0.5238095238095238
70,18,74,42,100000,100000,830,795,825,820,0.5,0.5066921606118547,0.5238095238095238
70,18,75,42,100000,100000,789,798,825,820,0.5,0.5076190476190476,0.5238095238095238
70,18,76,42,100000,100000,783,766,825,820,0.5,0.5074626865671642,0.5238095238095238
70,18,77,42,100000,100000,830,769,825,820,0.5,0.5084241823587711,0.5238095238095238
70,18,78,42,100000,100000,798,793,825,820,0.5,0.5057471264367817,0.5238095238095238
70,18,79,42,100000,100000,835,816,825,820,0.5,0.5060577819198508,0.5238095238095238
70,18,80,42,100000,100000,848,767,825,820,0.5,0.5079522862823062,0.5238095238095238
70,18,81,42,100000,100000,787,825,825,820,0.5,0.5071225071225072,0.5238095238095238
70,18,82,42,100000,100000,764,815,825,820,0.5,0.5073313782991202,0.5238095238095238
70,18,83,42,100000,100000,804,726,825,820,0.5,0.5078864353312302,0.5238095238095238
70,18,84,42,100000,100000,825,791,825,820,0.5,0.505283381364073,0.5238095238095238
70,18,85,42,100000,100000,755,822,825,820,0.5,0.5079051383399209,0.5238095238095238
70,18,86,42,100000,100000,799,810,825,820,0.5,0.5084586466165414,0.5238095238095238
70,18,87,42,100000,100000,754,814,825,820,0.5,0.5084241823587711,0.5238095238095238
70,18,88,42,100000,100000,816,836,825,820,0.5,0.504102096627165,0.5238095238095238
70,18,89,42,100000,100000,787,808,825,820,0.5,0.5071225071225072,0.5238095238095238
70,18,90,42,100000,100000,768,811,825,820,0.5,0.5063045586808923,0.5238095238095238
70,18,91,42,100000,100000,799,839,825,820,0.5,0.5084427767354597,0.5238095238095238
70,18,92,42,100000,100000,753,842,825,820,0.5,0.5084241823587711,0.5238095238095238
70,18,93,42,100000,100000,789,816,825,820,0.5,0.5075901328273245,0.5238095238095238
70,18,94,42,100000,100000,784,800,825,820,0.5,0.5076335877862596,0.5238095238095238
70,18,95,42,100000,100000,820,773,825,820,0.5,0.5078895463510849,0.5238095238095238
70,18,96,42,100000,100000,770,784,825,820,0.5,0.5063168124392614,0.5238095238095238
70,18,97,42,100000,100000,763,791,825,820,0.5,0.5073313782991202,0.5238095238095238
70,18,98,42,100000,100000,783,800,825,820,0.5,0.5076335877862596,0.5238095238095238
70,18,99,42,100000,100000,777,794,825,820,0.5,0.505283381364073,0.5238095238095238
70,19,0,42,100000,100000,791,837,798,802,0.5,0.4929444967074318,0.5175332527206772
70,19,1,42,100000,100000,792,796,798,802,0.5,0.4929444967074318,0.5175332527206772
70,19,2,42,100000,100000,825,805,798,802,0.5,0.4930232558139535,0.5175332527206772
70,19,3,42,100000,100000,785,769,798,802,0.5,0.490234375,0.5175332527206772
70,19,4,42,100000,100000,800,765,798,802,0.5,0.48971596474045054,0.5175332527206772
70,19,5,42,100000,100000,784,772,798,802,0.5,0.4897959183673469,0.5175332527206772
70,19,6,42,100000,100000,786,785,798,802,0.5,0.491412213740458,0.5175332527206772
70,19,7,42,100000,100000,782,754,798,802,0.5,0.4880952380952381,0.5175332527206772
70,19,8,42,100000,100000,790,852,798,802,0.5,0.4924670433145009,0.5175332527206772
70,19,9,42,100000,100000,773,792,798,802,0.5,0.4899135446685879,0.5175332527206772
70,19,10,42,100000,100000,764,781,798,802,0.5,0.4897959183673469,0.5175332527206772
70,19,11,42,100000,100000,807,799,798,802,0.5,0.49343339587242024,0.5175332527206772
70,19,12,42,100000,100000,799,806,798,802,0.5,0.49207828518173347,0.5175332527206772
70,19,13,42,100000,100000,727,811,798,802,0.5,0.491317671092952,0.5175332527206772
70,19,14,42,100000,100000,792,751,798,802,0.5,0.4885343968095713,0.5175332527206772
70,19,15,42,100000,100000,758,795,798,802,0.5,0.490234375,0.5175332527206772
70,19,16,42,100000,100000,774,779,798,802,0.5,0.4899135446685879,0.5175332527206772
70,19,17,42,100000,100000,796,813,798,802,0.5,0.49343339587242024,0.5175332527206772
70,19,18,42,100000,100000,777,795,798,802,0.5,0.4909264565425024,0.5175332527206772
70,19,19,42,100000,100000,830,764,798,802,0.5,0.49065880039331367,0.5175332527206772
70,19,20,42,100000,100000,784,830,798,802,0.5,0.4923954372623574,0.5175332527206772
70,19,21,42,100000,100000,748,814,798,802,0.5,0.4886251236399604,0.5175332527206772
70,19,22,42,100000,100000,802,795,798,802,0.5,0.4924670433145009,0.5175332527206772
70,19,23,42,100000,100000,739,745,798,802,0.5,0.4879518072289157,0.5175332527206772
70,19,24,42,100000,100000,810,778,798,802,0.5,0.4899135446685879,0.5175332527206772
70,19,25,42,100000,100000,795,789,798,802,0.5,0.4914772727272727,0.5175332527206772
70,19,26,42,100000,100000,783,786,798,802,0.5,0.4918970448045758,0.5175332527206772
70,19,27,42,100000,100000,760,747,798,802,0.5,0.488,0.5175332527206772
70,19,28,42,100000,100000,779,763,798,802,0.5,0.49065880039331367,0.5175332527206772
70,19,29,42,100000,100000,787,847,798,802,0.5,0.4914933837429111,0.5175332527206772
70,19,30,42,100000,100000,811,814,798,802,0.5,0.49402023919043236,0.5175332527206772
70,19,31,42,100000,100000,755,816,798,802,0.5,0.49065880039331367,0.5175332527206772
70,19,32,42,100000,100000,761,764,798,802,0.5,0.49065880039331367,0.5175332527206772
70,19,33,42,100000,100000,783,749,798,802,0.5,0.4880239520958084,0.5175332527206772
70,19,34,42,100000,100000,783,815,798,802,0.5,0.4923954372623574,0.5175332527206772
70,19,35,42,100000,100000,825,795,798,802,0.5,0.4924670433145009,0.5175332527206772
70,19,36,42,100000,100000,776,775,798,802,0.5,0.4889103182256509,0.5175332527206772
70,19,37,42,100000,100000,728,760,798,802,0.5,0.49133537206931704,0.5175332527206772
70,19,38,42,100000,100000,797,796,798,802,0.5,0.4929444967074318,0.5175332527206772
70,19,39,42,100000,100000,787,779,798,802,0.5,0.4899135446685879,0.5175332527206772
70,19,40,42,100000,100000,796,731,798,802,0.5,0.49025641025641026,0.5175332527206772
70,19,41,42,100000,100000,771,776,798,802,0.5,0.48940269749518306,0.5175332527206772
70,19,42,42,100000,100000,812,786,798,802,0.5,0.4918970448045758,0.5175332527206772
70,19,43,42,100000,100000,827,802,798,802,0.5,0.49207828518173347,0.5175332527206772
70,19,44,42,100000,100000,823,775,798,802,0.5,0.4889103182256509,0.5175332527206772
70,19,45,42,100000,100000,795,770,798,802,0.5,0.48977604673807207,0.5175332527206772
70,19,46,42,100000,100000,751,763,798,802,0.5,0.4896551724137931,0.5175332527206772
70,19,47,42,100000,100000,758,806,798,802,0.5,0.490234375,0.5175332527206772
70,19,48,42,100000,100000,792,774,798,802,0.5,0.4888888888888889,0.5175332527206772
70,19,49,42,100000,100000,771,799,798,802,0.5,0.48940269749518306,0.5175332527206772
70,19,50,42,100000,100000,804,765,798,802,0.5,0.48971596474045054,0.5175332527206772
70,19,51,42,100000,100000,792,789,798,802,0.5,0.4914772727272727,0.5175332527206772
70,19,52,42,100000,100000,807,790,798,802,0.5,0.4914772727272727,0.5175332527206772
70,19,53,42,100000,100000,765,768,798,802,0.5,0.490234375,0.5175332527206772
70,19,54,42,100000,100000,775,810,798,802,0.5,0.48995215311004786,0.5175332527206772
70,19,55,42,100000,100000,806,808,798,802,0.5,0.49306197964847365,0.5175332527206772
70,19,56,42,100000,100000,801,808,798,802,0.5,0.4930232558139535,0.5175332527206772
70,19,57,42,100000,100000,775,817,798,802,0.5,0.48995215311004786,0.5175332527206772
70,19,58,42,100000,100000,809,772,798,802,0.5,0.4897959183673469,0.5175332527206772
70,19,59,42,100000,100000,773,763,798,802,0.5,0.49065880039331367,0.5175332527206772
70,19,60,42,100000,100000,779,758,798,802,0.5,0.4886251236399604,0.5175332527206772
70,19,61,42,100000,100000,818,844,798,802,0.5,0.4954296160877514,0.5175332527206772
70,19,62,42,100000,100000,811,768,798,802,0.5,0.490234375,0.5175332527206772
70,19,63,42,100000,100000,828,797,798,802,0.5,0.4934210526315789,0.5175332527206772
70,19,64,42,100000,100000,777,804,798,802,0.5,0.4909264565425024,0.5175332527206772
70,19,65,42,100000,100000,779,747,798,802,0.5,0.488,0.5175332527206772
70,19,66,42,100000,100000,781,767,798,802,0.5,0.49021526418786693,0.5175332527206772
70,19,67,42,100000,100000,796,855,798,802,0.5,0.49343339587242024,0.5175332527206772
70,19,68,42,100000,100000,777,800,798,802,0.5,0.4909264565425024,0.5175332527206772
70,19,69,42,100000,100000,815,739,798,802,0.5,0.49037487335359675,0.5175332527206772
70,19,70,42,100000,100000,778,812,798,802,0.5,0.491412213740458,0.5175332527206772
70,19,71,42,100000,100000,784,781,798,802,0.5,0.4899328859060403,0.5175332527206772
70,19,72,42,100000,100000,820,829,798,802,0.5,0.4954379562043796,0.5175332527206772
70,19,73,42,100000,100000,829,770,798,802,0.5,0.48977604673807207,0.5175332527206772
70,19,74,42,100000,100000,788,785,798,802,0.5,0.491412213740458,0.5175332527206772
70,19,75,42,100000,100000,824,750,798,802,0.5,0.4885343968095713,0.5175332527206772
70,19,76,42,100000,100000,779,741,798,802,0.5,0.4908906882591093,0.5175332527206772
70,19,77,42,100000,100000,735,837,798,802,0.5,0.4908906882591093,0.5175332527206772
70,19,78,42,100000,100000,792,756,798,802,0.5,0.4886025768087215,0.5175332527206772
70,19,79,42,100000,100000,830,781,798,802,0.5,0.4899328859060403,0.5175332527206772
70,19,80,42,100000,100000,823,763,798,802,0.5,0.49065880039331367,0.5175332527206772
70,19,81,42,100000,100000,778,790,798,802,0.5,0.491412213740458,0.5175332527206772
70,19,82,42,100000,100000,777,770,798,802,0.5,0.48977604673807207,0.5175332527206772
70,19,83,42,100000,100000,766,801,798,802,0.5,0.488394584139265,0.5175332527206772
70,19,84,42,100000,100000,771,845,798,802,0.5,0.48940269749518306,0.5175332527206772
70,19,85,42,100000,100000,831,797,798,802,0.5,0.4934210526315789,0.5175332527206772
70,19,86,42,100000,100000,775,797,798,802,0.5,0.48995215311004786,0.5175332527206772
70,19,87,42,100000,100000,802,805,798,802,0.5,0.4930232558139535,0.5175332527206772
70,19,88,42,100000,100000,777,767,798,802,0.5,0.49021526418786693,0.5175332527206772
70,19,89,42,100000,100000,754,799,798,802,0.5,0.49065880039331367,0.5175332527206772
70,19,90,42,100000,100000,756,765,798,802,0.5,0.48971596474045054,0.5175332527206772
70,19,91,42,100000,100000,779,785,798,802,0.5,0.491412213740458,0.5175332527206772
70,19,92,42,100000,100000,770,800,798,802,0.5,0.48940269749518306,0.5175332527206772
70,19,93,42,100000,100000,785,794,798,802,0.5,0.4923954372623574,0.5175332527206772
70,19,94,42,100000,100000,775,800,798,802,0.5,0.48995215311004786,0.5175332527206772
70,19,95,42,100000,100000,769,782,798,802,0.5,0.4889103182256509,0.5175332527206772
70,19,96,42,100000,100000,814,794,798,802,0.5,0.49198868991517436,0.5175332527206772
70,19,97,42,100000,100000,776,818,798,802,0.5,0.4904397705544933,0.5175332527206772
70,19,98,42,100000,100000,754,777,798,802,0.5,0.49065880039331367,0.5175332527206772
70,19,99,42,100000,100000,766,792,798,802,0.5,0.488394584139265,0.5175332527206772
